ID	Customer	Region	Status	Created	Updated	Amount	Currency	Owner	Email	SQL Query	Notes	Path	Tags	Priority	Long Description
1	Customer 1	Europe	New	2026-09-01	2026-10-01	0.00	EUR	Ada	customer1@example.test	SELECT customer_id, SUM(amount) FROM invoice_items WHERE customer_id = 1 GROUP BY customer_id ORDER BY SUM(amount) DESC	First line for record 1\nSecond line with a tab\tand more detail	/reports/2026/customer-1/result.tsv	sql\tpriority	\N	A deliberately long description for record 1: this value crosses the normal column width and tests horizontal scrolling and field truncation in the table widget.
2	Customer 2	North America	Queued	2026-09-02	2026-10-02	1.73	EUR	Lin	customer2@example.test	SELECT * FROM results WHERE id = 2	Review batch 2	/reports/2026/customer-2/result.tsv	sql,report	2	Routine result 2 for the reporting dashboard
3	Customer 3	Asia Pacific	Running	2026-09-03	2026-10-03	3.46	EUR	Sam	customer3@example.test	SELECT * FROM results WHERE id = 3	Review batch 3	/reports/2026/customer-3/result.tsv	sql,report	3	Routine result 3 for the reporting dashboard
4	Customer 4	South America	Complete	2026-09-04	2026-10-04	5.19	EUR	Éva	customer4@example.test	SELECT * FROM results WHERE id = 4	Review batch 4	/reports/2026/customer-4/result.tsv	sql,report	4	Routine result 4 for the reporting dashboard
5	Customer 5	Africa	Failed	2026-09-05	2026-10-05	6.92	EUR	Noor	customer5@example.test	SELECT * FROM results WHERE id = 5	Review batch 5	/reports/2026/customer-5/result.tsv	sql,report	5	Routine result 5 for the reporting dashboard
6	Customer 6	Europe	New	2026-09-06	2026-10-06	8.65	EUR	Kai	customer6@example.test	SELECT * FROM results WHERE id = 6	Review batch 6	/reports/2026/customer-6/result.tsv	sql,report	1	Routine result 6 for the reporting dashboard
7	Customer 7	North America	Queued	2026-09-07	2026-10-07	10.38	EUR	Ada	customer7@example.test	SELECT * FROM results WHERE id = 7	Review batch 7	/reports/2026/customer-7/result.tsv	sql,report	2	Routine result 7 for the reporting dashboard
8	Customer 8	Asia Pacific	Running	2026-09-08	2026-10-08	12.11	EUR	Lin	customer8@example.test	SELECT * FROM results WHERE id = 8	Review batch 8	/reports/2026/customer-8/result.tsv	sql,report	3	Routine result 8 for the reporting dashboard
9	Customer 9	South America	Complete	2026-09-09	2026-10-09	13.84	EUR	Sam	customer9@example.test	SELECT * FROM results WHERE id = 9	Review batch 9	/reports/2026/customer-9/result.tsv	sql,report	4	Routine result 9 for the reporting dashboard
10	Customer 10	Africa	Failed	2026-09-10	2026-10-10	15.57	EUR	Éva	customer10@example.test	SELECT * FROM results WHERE id = 10	Review batch 10	/reports/2026/customer-10/result.tsv	sql,report	5	Routine result 10 for the reporting dashboard
11	Customer 11	Europe	New	2026-09-11	2026-10-11	17.30	EUR	Noor	customer11@example.test	SELECT * FROM results WHERE id = 11	Review batch 11	/reports/2026/customer-11/result.tsv	sql,report	1	Routine result 11 for the reporting dashboard
12	Customer 12	North America	Queued	2026-09-12	2026-10-12	19.03	EUR	Kai	customer12@example.test	SELECT * FROM results WHERE id = 12	Review batch 12	/reports/2026/customer-12/result.tsv	sql\tpriority	2	Routine result 12 for the reporting dashboard
13	Customer 13	Asia Pacific	Running	2026-09-13	2026-10-13	20.76	EUR	Ada	customer13@example.test	SELECT * FROM results WHERE id = 13	Review batch 13	/reports/2026/customer-13/result.tsv	sql,report	3	Routine result 13 for the reporting dashboard
14	Customer 14	South America	Complete	2026-09-14	2026-10-14	22.49	EUR	Lin	customer14@example.test	SELECT * FROM results WHERE id = 14	Review batch 14	/reports/2026/customer-14/result.tsv	sql,report	4	Routine result 14 for the reporting dashboard
15	Customer 15	Africa	Failed	2026-09-15	2026-10-15	24.22	EUR	Sam	customer15@example.test	SELECT * FROM results WHERE id = 15	Review batch 15	/reports/2026/customer-15/result.tsv	sql,report	5	Routine result 15 for the reporting dashboard
16	Customer 16	Europe	New	2026-09-16	2026-10-16	25.95	EUR	Éva	customer16@example.test	SELECT * FROM results WHERE id = 16	Review batch 16	/reports/2026/customer-16/result.tsv	sql,report	1	Routine result 16 for the reporting dashboard
17	Customer 17	North America	Queued	2026-09-17	2026-10-17	27.68	EUR	Noor	customer17@example.test	SELECT * FROM results WHERE id = 17	Review batch 17	/reports/2026/customer-17/result.tsv	sql,report	2	Routine result 17 for the reporting dashboard
18	Customer 18	Asia Pacific	Running	2026-09-18	2026-10-18	29.41	EUR	Kai	customer18@example.test	SELECT * FROM results WHERE id = 18	Review batch 18	/reports/2026/customer-18/result.tsv	sql,report	3	Routine result 18 for the reporting dashboard
19	Customer 19	South America	Complete	2026-09-19	2026-10-19	31.14	EUR	Ada	customer19@example.test	SELECT * FROM results WHERE id = 19	Review batch 19	/reports/2026/customer-19/result.tsv	sql,report	4	Routine result 19 for the reporting dashboard
20	Customer 20	Africa	Failed	2026-09-20	2026-10-20	32.87	EUR	Lin	customer20@example.test	SELECT * FROM results WHERE id = 20	Review batch 20	/reports/2026/customer-20/result.tsv	sql,report	5	Routine result 20 for the reporting dashboard
21	Customer 21	Europe	New	2026-09-21	2026-10-21	34.60	EUR	Sam	customer21@example.test	SELECT * FROM results WHERE id = 21	Review batch 21	/reports/2026/customer-21/result.tsv	sql,report	1	Routine result 21 for the reporting dashboard
22	Customer 22	North America	Queued	2026-09-22	2026-10-22	36.33	EUR	Éva	customer22@example.test	SELECT * FROM results WHERE id = 22	Review batch 22	/reports/2026/customer-22/result.tsv	sql,report	2	Routine result 22 for the reporting dashboard
23	Customer 23	Asia Pacific	Running	2026-09-23	2026-10-23	38.06	EUR	Noor	customer23@example.test	SELECT * FROM results WHERE id = 23	Review batch 23	/reports/2026/customer-23/result.tsv	sql\tpriority	3	Routine result 23 for the reporting dashboard
24	Customer 24	South America	Complete	2026-09-24	2026-10-24	39.79	EUR	Kai	customer24@example.test	SELECT * FROM results WHERE id = 24	Review batch 24	/reports/2026/customer-24/result.tsv	sql,report	4	Routine result 24 for the reporting dashboard
25	Customer 25	Africa	Failed	2026-09-25	2026-10-25	41.52	EUR	Ada	customer25@example.test	SELECT * FROM results WHERE id = 25	Review batch 25	/reports/2026/customer-25/result.tsv	sql,report	5	Routine result 25 for the reporting dashboard
26	Customer 26	Europe	New	2026-09-26	2026-10-26	43.25	EUR	Lin	customer26@example.test	SELECT * FROM results WHERE id = 26	Review batch 26	/reports/2026/customer-26/result.tsv	sql,report	1	Routine result 26 for the reporting dashboard
27	Customer 27	North America	Queued	2026-09-27	2026-10-27	44.98	EUR	Sam	customer27@example.test	SELECT * FROM results WHERE id = 27	Review batch 27	/reports/2026/customer-27/result.tsv	sql,report	2	Routine result 27 for the reporting dashboard
28	Customer 28	Asia Pacific	Running	2026-09-28	2026-10-28	46.71	EUR	Éva	customer28@example.test	SELECT * FROM results WHERE id = 28	Review batch 28	/reports/2026/customer-28/result.tsv	sql,report	3	Routine result 28 for the reporting dashboard
29	Customer 29	South America	Complete	2026-09-01	2026-10-01	48.44	EUR	Noor	customer29@example.test	SELECT * FROM results WHERE id = 29	Review batch 29	/reports/2026/customer-29/result.tsv	sql,report	4	Routine result 29 for the reporting dashboard
30	Customer 30	Africa	Failed	2026-09-02	2026-10-02	50.17	EUR	Kai	customer30@example.test	SELECT * FROM results WHERE id = 30	Review batch 30	/reports/2026/customer-30/result.tsv	sql,report	5	Routine result 30 for the reporting dashboard
31	Customer 31	Europe	New	2026-09-03	2026-10-03	51.90	EUR	Ada	customer31@example.test	SELECT * FROM results WHERE id = 31	Review batch 31	/reports/2026/customer-31/result.tsv	sql,report	1	Routine result 31 for the reporting dashboard
32	Customer 32	North America	Queued	2026-09-04	2026-10-04	53.63	EUR	Lin	customer32@example.test	SELECT * FROM results WHERE id = 32	Review batch 32	/reports/2026/customer-32/result.tsv	sql,report	2	Routine result 32 for the reporting dashboard
33	Customer 33	Asia Pacific	Running	2026-09-05	2026-10-05	55.36	EUR	Sam	customer33@example.test	SELECT * FROM results WHERE id = 33	Review batch 33	/reports/2026/customer-33/result.tsv	sql,report	3	Routine result 33 for the reporting dashboard
34	Customer 34	South America	Complete	2026-09-06	2026-10-06	57.09	EUR	Éva	customer34@example.test	SELECT * FROM results WHERE id = 34	Review batch 34	/reports/2026/customer-34/result.tsv	sql\tpriority	4	Routine result 34 for the reporting dashboard
35	Customer 35	Africa	Failed	2026-09-07	2026-10-07	58.82	EUR	Noor	customer35@example.test	SELECT * FROM results WHERE id = 35	Review batch 35	/reports/2026/customer-35/result.tsv	sql,report	5	Routine result 35 for the reporting dashboard
36	Customer 36	Europe	New	2026-09-08	2026-10-08	60.55	EUR	Kai	customer36@example.test	SELECT * FROM results WHERE id = 36	Review batch 36	/reports/2026/customer-36/result.tsv	sql,report	1	Routine result 36 for the reporting dashboard
37	Customer 37	North America	Queued	2026-09-09	2026-10-09	62.28	EUR	Ada	customer37@example.test	SELECT * FROM results WHERE id = 37	Review batch 37	/reports/2026/customer-37/result.tsv	sql,report	2	Routine result 37 for the reporting dashboard
38	Customer 38	Asia Pacific	Running	2026-09-10	2026-10-10	64.01	EUR	Lin	customer38@example.test	SELECT * FROM results WHERE id = 38	First line for record 38\nSecond line with a tab\tand more detail	/reports/2026/customer-38/result.tsv	sql,report	3	Routine result 38 for the reporting dashboard
39	Customer 39	South America	Complete	2026-09-11	2026-10-11	65.74	EUR	Sam	customer39@example.test	SELECT * FROM results WHERE id = 39	Review batch 39	/reports/2026/customer-39/result.tsv	sql,report	4	Routine result 39 for the reporting dashboard
40	Customer 40	Africa	Failed	2026-09-12	2026-10-12	67.47	EUR	Éva	customer40@example.test	SELECT * FROM results WHERE id = 40	Review batch 40	/reports/2026/customer-40/result.tsv	sql,report	5	Routine result 40 for the reporting dashboard
41	Customer 41	Europe	New	2026-09-13	2026-10-13	69.20	EUR	Noor	customer41@example.test	SELECT * FROM results WHERE id = 41	Review batch 41	/reports/2026/customer-41/result.tsv	sql,report	1	Routine result 41 for the reporting dashboard
42	Customer 42	North America	Queued	2026-09-14	2026-10-14	70.93	EUR	Kai	customer42@example.test	SELECT * FROM results WHERE id = 42	Review batch 42	/reports/2026/customer-42/result.tsv	sql,report	\N	Routine result 42 for the reporting dashboard
43	Customer 43	Asia Pacific	Running	2026-09-15	2026-10-15	72.66	EUR	Ada	customer43@example.test	SELECT * FROM results WHERE id = 43	Review batch 43	/reports/2026/customer-43/result.tsv	sql,report	3	Routine result 43 for the reporting dashboard
44	Customer 44	South America	Complete	2026-09-16	2026-10-16	74.39	EUR	Lin	customer44@example.test	SELECT * FROM results WHERE id = 44	Review batch 44	/reports/2026/customer-44/result.tsv	sql,report	4	Routine result 44 for the reporting dashboard
45	Customer 45	Africa	Failed	2026-09-17	2026-10-17	76.12	EUR	Sam	customer45@example.test	SELECT * FROM results WHERE id = 45	Review batch 45	/reports/2026/customer-45/result.tsv	sql\tpriority	5	Routine result 45 for the reporting dashboard
46	Customer 46	Europe	New	2026-09-18	2026-10-18	77.85	EUR	Éva	customer46@example.test	SELECT * FROM results WHERE id = 46	Review batch 46	/reports/2026/customer-46/result.tsv	sql,report	1	Routine result 46 for the reporting dashboard
47	Customer 47	North America	Queued	2026-09-19	2026-10-19	79.58	EUR	Noor	customer47@example.test	SELECT * FROM results WHERE id = 47	Review batch 47	/reports/2026/customer-47/result.tsv	sql,report	2	Routine result 47 for the reporting dashboard
48	Customer 48	Asia Pacific	Running	2026-09-20	2026-10-20	81.31	EUR	Kai	customer48@example.test	SELECT * FROM results WHERE id = 48	Review batch 48	/reports/2026/customer-48/result.tsv	sql,report	3	Routine result 48 for the reporting dashboard
49	Customer 49	South America	Complete	2026-09-21	2026-10-21	83.04	EUR	Ada	customer49@example.test	SELECT * FROM results WHERE id = 49	Review batch 49	/reports/2026/customer-49/result.tsv	sql,report	4	Routine result 49 for the reporting dashboard
50	Customer 50	Africa	Failed	2026-09-22	2026-10-22	84.77	EUR	Lin	customer50@example.test	SELECT * FROM results WHERE id = 50	Review batch 50	/reports/2026/customer-50/result.tsv	sql,report	5	Routine result 50 for the reporting dashboard
51	Customer 51	Europe	New	2026-09-23	2026-10-23	86.50	EUR	Sam	customer51@example.test	SELECT * FROM results WHERE id = 51	Review batch 51	/reports/2026/customer-51/result.tsv	sql,report	1	Routine result 51 for the reporting dashboard
52	Customer 52	North America	Queued	2026-09-24	2026-10-24	88.23	EUR	Éva	customer52@example.test	SELECT * FROM results WHERE id = 52	Review batch 52	/reports/2026/customer-52/result.tsv	sql,report	2	Routine result 52 for the reporting dashboard
53	Customer 53	Asia Pacific	Running	2026-09-25	2026-10-25	89.96	EUR	Noor	customer53@example.test	SELECT * FROM results WHERE id = 53	Review batch 53	/reports/2026/customer-53/result.tsv	sql,report	3	Routine result 53 for the reporting dashboard
54	Customer 54	South America	Complete	2026-09-26	2026-10-26	91.69	EUR	Kai	customer54@example.test	SELECT * FROM results WHERE id = 54	Review batch 54	/reports/2026/customer-54/result.tsv	sql,report	4	Routine result 54 for the reporting dashboard
55	Customer 55	Africa	Failed	2026-09-27	2026-10-27	93.42	EUR	Ada	customer55@example.test	SELECT * FROM results WHERE id = 55	Review batch 55	/reports/2026/customer-55/result.tsv	sql,report	5	Routine result 55 for the reporting dashboard
56	Customer 56	Europe	New	2026-09-28	2026-10-28	95.15	EUR	Lin	customer56@example.test	SELECT * FROM results WHERE id = 56	Review batch 56	/reports/2026/customer-56/result.tsv	sql\tpriority	1	Routine result 56 for the reporting dashboard
57	Customer 57	North America	Queued	2026-09-01	2026-10-01	96.88	EUR	Sam	customer57@example.test	SELECT * FROM results WHERE id = 57	Review batch 57	/reports/2026/customer-57/result.tsv	sql,report	2	Routine result 57 for the reporting dashboard
58	Customer 58	Asia Pacific	Running	2026-09-02	2026-10-02	98.61	EUR	Éva	customer58@example.test	SELECT * FROM results WHERE id = 58	Review batch 58	/reports/2026/customer-58/result.tsv	sql,report	3	Routine result 58 for the reporting dashboard
59	Customer 59	South America	Complete	2026-09-03	2026-10-03	100.34	EUR	Noor	customer59@example.test	SELECT * FROM results WHERE id = 59	Review batch 59	/reports/2026/customer-59/result.tsv	sql,report	4	Routine result 59 for the reporting dashboard
60	Customer 60	Africa	Failed	2026-09-04	2026-10-04	102.07	EUR	Kai	customer60@example.test	SELECT * FROM results WHERE id = 60	Review batch 60	/reports/2026/customer-60/result.tsv	sql,report	5	Routine result 60 for the reporting dashboard
61	Customer 61	Europe	New	2026-09-05	2026-10-05	103.80	EUR	Ada	customer61@example.test	SELECT * FROM results WHERE id = 61	Review batch 61	/reports/2026/customer-61/result.tsv	sql,report	1	Routine result 61 for the reporting dashboard
62	Customer 62	North America	Queued	2026-09-06	2026-10-06	105.53	EUR	Lin	customer62@example.test	SELECT * FROM results WHERE id = 62	Review batch 62	/reports/2026/customer-62/result.tsv	sql,report	2	Routine result 62 for the reporting dashboard
63	Customer 63	Asia Pacific	Running	2026-09-07	2026-10-07	107.26	EUR	Sam	customer63@example.test	SELECT * FROM results WHERE id = 63	Review batch 63	/reports/2026/customer-63/result.tsv	sql,report	3	Routine result 63 for the reporting dashboard
64	Customer 64	South America	Complete	2026-09-08	2026-10-08	108.99	EUR	Éva	customer64@example.test	SELECT * FROM results WHERE id = 64	Review batch 64	/reports/2026/customer-64/result.tsv	sql,report	4	Routine result 64 for the reporting dashboard
65	Customer 65	Africa	Failed	2026-09-09	2026-10-09	110.72	EUR	Noor	customer65@example.test	SELECT * FROM results WHERE id = 65	Review batch 65	/reports/2026/customer-65/result.tsv	sql,report	5	Routine result 65 for the reporting dashboard
66	Customer 66	Europe	New	2026-09-10	2026-10-10	112.45	EUR	Kai	customer66@example.test	SELECT * FROM results WHERE id = 66	Review batch 66	/reports/2026/customer-66/result.tsv	sql,report	1	Routine result 66 for the reporting dashboard
67	Customer 67	North America	Queued	2026-09-11	2026-10-11	114.18	EUR	Ada	customer67@example.test	SELECT * FROM results WHERE id = 67	Review batch 67	/reports/2026/customer-67/result.tsv	sql\tpriority	2	Routine result 67 for the reporting dashboard
68	Customer 68	Asia Pacific	Running	2026-09-12	2026-10-12	115.91	EUR	Lin	customer68@example.test	SELECT * FROM results WHERE id = 68	Review batch 68	/reports/2026/customer-68/result.tsv	sql,report	3	Routine result 68 for the reporting dashboard
69	Customer 69	South America	Complete	2026-09-13	2026-10-13	117.64	EUR	Sam	customer69@example.test	SELECT * FROM results WHERE id = 69	Review batch 69	/reports/2026/customer-69/result.tsv	sql,report	4	Routine result 69 for the reporting dashboard
70	Customer 70	Africa	Failed	2026-09-14	2026-10-14	119.37	EUR	Éva	customer70@example.test	SELECT * FROM results WHERE id = 70	Review batch 70	/reports/2026/customer-70/result.tsv	sql,report	5	Routine result 70 for the reporting dashboard
71	Customer 71	Europe	New	2026-09-15	2026-10-15	121.10	EUR	Noor	customer71@example.test	SELECT * FROM results WHERE id = 71	Review batch 71	/reports/2026/customer-71/result.tsv	sql,report	1	Routine result 71 for the reporting dashboard
72	Customer 72	North America	Queued	2026-09-16	2026-10-16	122.83	EUR	Kai	customer72@example.test	SELECT * FROM results WHERE id = 72	Review batch 72	/reports/2026/customer-72/result.tsv	sql,report	2	Routine result 72 for the reporting dashboard
73	Customer 73	Asia Pacific	Running	2026-09-17	2026-10-17	124.56	EUR	Ada	customer73@example.test	SELECT * FROM results WHERE id = 73	Review batch 73	/reports/2026/customer-73/result.tsv	sql,report	3	Routine result 73 for the reporting dashboard
74	Customer 74	South America	Complete	2026-09-18	2026-10-18	126.29	EUR	Lin	customer74@example.test	SELECT * FROM results WHERE id = 74	Review batch 74	/reports/2026/customer-74/result.tsv	sql,report	4	Routine result 74 for the reporting dashboard
75	Customer 75	Africa	Failed	2026-09-19	2026-10-19	128.02	EUR	Sam	customer75@example.test	SELECT * FROM results WHERE id = 75	First line for record 75\nSecond line with a tab\tand more detail	/reports/2026/customer-75/result.tsv	sql,report	5	Routine result 75 for the reporting dashboard
76	Customer 76	Europe	New	2026-09-20	2026-10-20	129.75	EUR	Éva	customer76@example.test	SELECT * FROM results WHERE id = 76	Review batch 76	/reports/2026/customer-76/result.tsv	sql,report	1	Routine result 76 for the reporting dashboard
77	Customer 77	North America	Queued	2026-09-21	2026-10-21	131.48	EUR	Noor	customer77@example.test	SELECT * FROM results WHERE id = 77	Review batch 77	/reports/2026/customer-77/result.tsv	sql,report	2	Routine result 77 for the reporting dashboard
78	Customer 78	Asia Pacific	Running	2026-09-22	2026-10-22	133.21	EUR	Kai	customer78@example.test	SELECT * FROM results WHERE id = 78	Review batch 78	/reports/2026/customer-78/result.tsv	sql\tpriority	3	Routine result 78 for the reporting dashboard
79	Customer 79	South America	Complete	2026-09-23	2026-10-23	134.94	EUR	Ada	customer79@example.test	SELECT * FROM results WHERE id = 79	Review batch 79	/reports/2026/customer-79/result.tsv	sql,report	4	Routine result 79 for the reporting dashboard
80	Customer 80	Africa	Failed	2026-09-24	2026-10-24	136.67	EUR	Lin	customer80@example.test	SELECT * FROM results WHERE id = 80	Review batch 80	/reports/2026/customer-80/result.tsv	sql,report	5	Routine result 80 for the reporting dashboard
81	Customer 81	Europe	New	2026-09-25	2026-10-25	138.40	EUR	Sam	customer81@example.test	SELECT * FROM results WHERE id = 81	Review batch 81	/reports/2026/customer-81/result.tsv	sql,report	1	Routine result 81 for the reporting dashboard
82	Customer 82	North America	Queued	2026-09-26	2026-10-26	140.13	EUR	Éva	customer82@example.test	SELECT * FROM results WHERE id = 82	Review batch 82	/reports/2026/customer-82/result.tsv	sql,report	2	Routine result 82 for the reporting dashboard
83	Customer 83	Asia Pacific	Running	2026-09-27	2026-10-27	141.86	EUR	Noor	customer83@example.test	SELECT * FROM results WHERE id = 83	Review batch 83	/reports/2026/customer-83/result.tsv	sql,report	\N	Routine result 83 for the reporting dashboard
84	Customer 84	South America	Complete	2026-09-28	2026-10-28	143.59	EUR	Kai	customer84@example.test	SELECT * FROM results WHERE id = 84	Review batch 84	/reports/2026/customer-84/result.tsv	sql,report	4	Routine result 84 for the reporting dashboard
85	Customer 85	Africa	Failed	2026-09-01	2026-10-01	145.32	EUR	Ada	customer85@example.test	SELECT * FROM results WHERE id = 85	Review batch 85	/reports/2026/customer-85/result.tsv	sql,report	5	Routine result 85 for the reporting dashboard
86	Customer 86	Europe	New	2026-09-02	2026-10-02	147.05	EUR	Lin	customer86@example.test	SELECT * FROM results WHERE id = 86	Review batch 86	/reports/2026/customer-86/result.tsv	sql,report	1	Routine result 86 for the reporting dashboard
87	Customer 87	North America	Queued	2026-09-03	2026-10-03	148.78	EUR	Sam	customer87@example.test	SELECT * FROM results WHERE id = 87	Review batch 87	/reports/2026/customer-87/result.tsv	sql,report	2	Routine result 87 for the reporting dashboard
88	Customer 88	Asia Pacific	Running	2026-09-04	2026-10-04	150.51	EUR	Éva	customer88@example.test	SELECT * FROM results WHERE id = 88	Review batch 88	/reports/2026/customer-88/result.tsv	sql,report	3	Routine result 88 for the reporting dashboard
89	Customer 89	South America	Complete	2026-09-05	2026-10-05	152.24	EUR	Noor	customer89@example.test	SELECT * FROM results WHERE id = 89	Review batch 89	/reports/2026/customer-89/result.tsv	sql\tpriority	4	Routine result 89 for the reporting dashboard
90	Customer 90	Africa	Failed	2026-09-06	2026-10-06	153.97	EUR	Kai	customer90@example.test	SELECT * FROM results WHERE id = 90	Review batch 90	/reports/2026/customer-90/result.tsv	sql,report	5	Routine result 90 for the reporting dashboard
91	Customer 91	Europe	New	2026-09-07	2026-10-07	155.70	EUR	Ada	customer91@example.test	SELECT * FROM results WHERE id = 91	Review batch 91	/reports/2026/customer-91/result.tsv	sql,report	1	Routine result 91 for the reporting dashboard
92	Customer 92	North America	Queued	2026-09-08	2026-10-08	157.43	EUR	Lin	customer92@example.test	SELECT * FROM results WHERE id = 92	Review batch 92	/reports/2026/customer-92/result.tsv	sql,report	2	Routine result 92 for the reporting dashboard
93	Customer 93	Asia Pacific	Running	2026-09-09	2026-10-09	159.16	EUR	Sam	customer93@example.test	SELECT * FROM results WHERE id = 93	Review batch 93	/reports/2026/customer-93/result.tsv	sql,report	3	Routine result 93 for the reporting dashboard
94	Customer 94	South America	Complete	2026-09-10	2026-10-10	160.89	EUR	Éva	customer94@example.test	SELECT * FROM results WHERE id = 94	Review batch 94	/reports/2026/customer-94/result.tsv	sql,report	4	Routine result 94 for the reporting dashboard
95	Customer 95	Africa	Failed	2026-09-11	2026-10-11	162.62	EUR	Noor	customer95@example.test	SELECT * FROM results WHERE id = 95	Review batch 95	/reports/2026/customer-95/result.tsv	sql,report	5	Routine result 95 for the reporting dashboard
96	Customer 96	Europe	New	2026-09-12	2026-10-12	164.35	EUR	Kai	customer96@example.test	SELECT * FROM results WHERE id = 96	Review batch 96	/reports/2026/customer-96/result.tsv	sql,report	1	Routine result 96 for the reporting dashboard
97	Customer 97	North America	Queued	2026-09-13	2026-10-13	166.08	EUR	Ada	customer97@example.test	SELECT * FROM results WHERE id = 97	Review batch 97	/reports/2026/customer-97/result.tsv	sql,report	2	Routine result 97 for the reporting dashboard
98	Customer 98	Asia Pacific	Running	2026-09-14	2026-10-14	167.81	EUR	Lin	customer98@example.test	SELECT * FROM results WHERE id = 98	Review batch 98	/reports/2026/customer-98/result.tsv	sql,report	3	A deliberately long description for record 98: this value crosses the normal column width and tests horizontal scrolling and field truncation in the table widget.
99	Customer 99	South America	Complete	2026-09-15	2026-10-15	169.54	EUR	Sam	customer99@example.test	SELECT * FROM results WHERE id = 99	Review batch 99	/reports/2026/customer-99/result.tsv	sql,report	4	Routine result 99 for the reporting dashboard
100	Customer 100	Africa	Failed	2026-09-16	2026-10-16	171.27	EUR	Éva	customer100@example.test	SELECT * FROM results WHERE id = 100	Review batch 100	/reports/2026/customer-100/result.tsv	sql\tpriority	5	Routine result 100 for the reporting dashboard
101	Customer 101	Europe	New	2026-09-17	2026-10-17	173.00	EUR	Noor	customer101@example.test	SELECT * FROM results WHERE id = 101	Review batch 101	/reports/2026/customer-101/result.tsv	sql,report	1	Routine result 101 for the reporting dashboard
102	Customer 102	North America	Queued	2026-09-18	2026-10-18	174.73	EUR	Kai	customer102@example.test	SELECT * FROM results WHERE id = 102	Review batch 102	/reports/2026/customer-102/result.tsv	sql,report	2	Routine result 102 for the reporting dashboard
103	Customer 103	Asia Pacific	Running	2026-09-19	2026-10-19	176.46	EUR	Ada	customer103@example.test	SELECT * FROM results WHERE id = 103	Review batch 103	/reports/2026/customer-103/result.tsv	sql,report	3	Routine result 103 for the reporting dashboard
104	Customer 104	South America	Complete	2026-09-20	2026-10-20	178.19	EUR	Lin	customer104@example.test	SELECT * FROM results WHERE id = 104	Review batch 104	/reports/2026/customer-104/result.tsv	sql,report	4	Routine result 104 for the reporting dashboard
105	Customer 105	Africa	Failed	2026-09-21	2026-10-21	179.92	EUR	Sam	customer105@example.test	SELECT * FROM results WHERE id = 105	Review batch 105	/reports/2026/customer-105/result.tsv	sql,report	5	Routine result 105 for the reporting dashboard
106	Customer 106	Europe	New	2026-09-22	2026-10-22	181.65	EUR	Éva	customer106@example.test	SELECT * FROM results WHERE id = 106	Review batch 106	/reports/2026/customer-106/result.tsv	sql,report	1	Routine result 106 for the reporting dashboard
107	Customer 107	North America	Queued	2026-09-23	2026-10-23	183.38	EUR	Noor	customer107@example.test	SELECT * FROM results WHERE id = 107	Review batch 107	/reports/2026/customer-107/result.tsv	sql,report	2	Routine result 107 for the reporting dashboard
108	Customer 108	Asia Pacific	Running	2026-09-24	2026-10-24	185.11	EUR	Kai	customer108@example.test	SELECT * FROM results WHERE id = 108	Review batch 108	/reports/2026/customer-108/result.tsv	sql,report	3	Routine result 108 for the reporting dashboard
109	Customer 109	South America	Complete	2026-09-25	2026-10-25	186.84	EUR	Ada	customer109@example.test	SELECT * FROM results WHERE id = 109	Review batch 109	/reports/2026/customer-109/result.tsv	sql,report	4	Routine result 109 for the reporting dashboard
110	Customer 110	Africa	Failed	2026-09-26	2026-10-26	188.57	EUR	Lin	customer110@example.test	SELECT * FROM results WHERE id = 110	Review batch 110	/reports/2026/customer-110/result.tsv	sql,report	5	Routine result 110 for the reporting dashboard
111	Customer 111	Europe	New	2026-09-27	2026-10-27	190.30	EUR	Sam	customer111@example.test	SELECT * FROM results WHERE id = 111	Review batch 111	/reports/2026/customer-111/result.tsv	sql\tpriority	1	Routine result 111 for the reporting dashboard
112	Customer 112	North America	Queued	2026-09-28	2026-10-28	192.03	EUR	Éva	customer112@example.test	SELECT * FROM results WHERE id = 112	First line for record 112\nSecond line with a tab\tand more detail	/reports/2026/customer-112/result.tsv	sql,report	2	Routine result 112 for the reporting dashboard
113	Customer 113	Asia Pacific	Running	2026-09-01	2026-10-01	193.76	EUR	Noor	customer113@example.test	SELECT * FROM results WHERE id = 113	Review batch 113	/reports/2026/customer-113/result.tsv	sql,report	3	Routine result 113 for the reporting dashboard
114	Customer 114	South America	Complete	2026-09-02	2026-10-02	195.49	EUR	Kai	customer114@example.test	SELECT customer_id, SUM(amount) FROM invoice_items WHERE customer_id = 114 GROUP BY customer_id ORDER BY SUM(amount) DESC	Review batch 114	/reports/2026/customer-114/result.tsv	sql,report	4	Routine result 114 for the reporting dashboard
115	Customer 115	Africa	Failed	2026-09-03	2026-10-03	197.22	EUR	Ada	customer115@example.test	SELECT * FROM results WHERE id = 115	Review batch 115	/reports/2026/customer-115/result.tsv	sql,report	5	Routine result 115 for the reporting dashboard
116	Customer 116	Europe	New	2026-09-04	2026-10-04	198.95	EUR	Lin	customer116@example.test	SELECT * FROM results WHERE id = 116	Review batch 116	/reports/2026/customer-116/result.tsv	sql,report	1	Routine result 116 for the reporting dashboard
117	Customer 117	North America	Queued	2026-09-05	2026-10-05	200.68	EUR	Sam	customer117@example.test	SELECT * FROM results WHERE id = 117	Review batch 117	/reports/2026/customer-117/result.tsv	sql,report	2	Routine result 117 for the reporting dashboard
118	Customer 118	Asia Pacific	Running	2026-09-06	2026-10-06	202.41	EUR	Éva	customer118@example.test	SELECT * FROM results WHERE id = 118	Review batch 118	/reports/2026/customer-118/result.tsv	sql,report	3	Routine result 118 for the reporting dashboard
119	Customer 119	South America	Complete	2026-09-07	2026-10-07	204.14	EUR	Noor	customer119@example.test	SELECT * FROM results WHERE id = 119	Review batch 119	/reports/2026/customer-119/result.tsv	sql,report	4	Routine result 119 for the reporting dashboard
120	Customer 120	Africa	Failed	2026-09-08	2026-10-08	205.87	EUR	Kai	customer120@example.test	SELECT * FROM results WHERE id = 120	Review batch 120	/reports/2026/customer-120/result.tsv	sql,report	5	Routine result 120 for the reporting dashboard
121	Customer 121	Europe	New	2026-09-09	2026-10-09	207.60	EUR	Ada	customer121@example.test	SELECT * FROM results WHERE id = 121	Review batch 121	/reports/2026/customer-121/result.tsv	sql,report	1	Routine result 121 for the reporting dashboard
122	Customer 122	North America	Queued	2026-09-10	2026-10-10	209.33	EUR	Lin	customer122@example.test	SELECT * FROM results WHERE id = 122	Review batch 122	/reports/2026/customer-122/result.tsv	sql\tpriority	2	Routine result 122 for the reporting dashboard
123	Customer 123	Asia Pacific	Running	2026-09-11	2026-10-11	211.06	EUR	Sam	customer123@example.test	SELECT * FROM results WHERE id = 123	Review batch 123	/reports/2026/customer-123/result.tsv	sql,report	3	Routine result 123 for the reporting dashboard
124	Customer 124	South America	Complete	2026-09-12	2026-10-12	212.79	EUR	Éva	customer124@example.test	SELECT * FROM results WHERE id = 124	Review batch 124	/reports/2026/customer-124/result.tsv	sql,report	\N	Routine result 124 for the reporting dashboard
125	Customer 125	Africa	Failed	2026-09-13	2026-10-13	214.52	EUR	Noor	customer125@example.test	SELECT * FROM results WHERE id = 125	Review batch 125	/reports/2026/customer-125/result.tsv	sql,report	5	Routine result 125 for the reporting dashboard
126	Customer 126	Europe	New	2026-09-14	2026-10-14	216.25	EUR	Kai	customer126@example.test	SELECT * FROM results WHERE id = 126	Review batch 126	/reports/2026/customer-126/result.tsv	sql,report	1	Routine result 126 for the reporting dashboard
127	Customer 127	North America	Queued	2026-09-15	2026-10-15	217.98	EUR	Ada	customer127@example.test	SELECT * FROM results WHERE id = 127	Review batch 127	/reports/2026/customer-127/result.tsv	sql,report	2	Routine result 127 for the reporting dashboard
128	Customer 128	Asia Pacific	Running	2026-09-16	2026-10-16	219.71	EUR	Lin	customer128@example.test	SELECT * FROM results WHERE id = 128	Review batch 128	/reports/2026/customer-128/result.tsv	sql,report	3	Routine result 128 for the reporting dashboard
129	Customer 129	South America	Complete	2026-09-17	2026-10-17	221.44	EUR	Sam	customer129@example.test	SELECT * FROM results WHERE id = 129	Review batch 129	/reports/2026/customer-129/result.tsv	sql,report	4	Routine result 129 for the reporting dashboard
130	Customer 130	Africa	Failed	2026-09-18	2026-10-18	223.17	EUR	Éva	customer130@example.test	SELECT * FROM results WHERE id = 130	Review batch 130	/reports/2026/customer-130/result.tsv	sql,report	5	Routine result 130 for the reporting dashboard
131	Customer 131	Europe	New	2026-09-19	2026-10-19	224.90	EUR	Noor	customer131@example.test	SELECT * FROM results WHERE id = 131	Review batch 131	/reports/2026/customer-131/result.tsv	sql,report	1	Routine result 131 for the reporting dashboard
132	Customer 132	North America	Queued	2026-09-20	2026-10-20	226.63	EUR	Kai	customer132@example.test	SELECT * FROM results WHERE id = 132	Review batch 132	/reports/2026/customer-132/result.tsv	sql,report	2	Routine result 132 for the reporting dashboard
133	Customer 133	Asia Pacific	Running	2026-09-21	2026-10-21	228.36	EUR	Ada	customer133@example.test	SELECT * FROM results WHERE id = 133	Review batch 133	/reports/2026/customer-133/result.tsv	sql\tpriority	3	Routine result 133 for the reporting dashboard
134	Customer 134	South America	Complete	2026-09-22	2026-10-22	230.09	EUR	Lin	customer134@example.test	SELECT * FROM results WHERE id = 134	Review batch 134	/reports/2026/customer-134/result.tsv	sql,report	4	Routine result 134 for the reporting dashboard
135	Customer 135	Africa	Failed	2026-09-23	2026-10-23	231.82	EUR	Sam	customer135@example.test	SELECT * FROM results WHERE id = 135	Review batch 135	/reports/2026/customer-135/result.tsv	sql,report	5	Routine result 135 for the reporting dashboard
136	Customer 136	Europe	New	2026-09-24	2026-10-24	233.55	EUR	Éva	customer136@example.test	SELECT * FROM results WHERE id = 136	Review batch 136	/reports/2026/customer-136/result.tsv	sql,report	1	Routine result 136 for the reporting dashboard
137	Customer 137	North America	Queued	2026-09-25	2026-10-25	235.28	EUR	Noor	customer137@example.test	SELECT * FROM results WHERE id = 137	Review batch 137	/reports/2026/customer-137/result.tsv	sql,report	2	Routine result 137 for the reporting dashboard
138	Customer 138	Asia Pacific	Running	2026-09-26	2026-10-26	237.01	EUR	Kai	customer138@example.test	SELECT * FROM results WHERE id = 138	Review batch 138	/reports/2026/customer-138/result.tsv	sql,report	3	Routine result 138 for the reporting dashboard
139	Customer 139	South America	Complete	2026-09-27	2026-10-27	238.74	EUR	Ada	customer139@example.test	SELECT * FROM results WHERE id = 139	Review batch 139	/reports/2026/customer-139/result.tsv	sql,report	4	Routine result 139 for the reporting dashboard
140	Customer 140	Africa	Failed	2026-09-28	2026-10-28	240.47	EUR	Lin	customer140@example.test	SELECT * FROM results WHERE id = 140	Review batch 140	/reports/2026/customer-140/result.tsv	sql,report	5	Routine result 140 for the reporting dashboard
141	Customer 141	Europe	New	2026-09-01	2026-10-01	242.20	EUR	Sam	customer141@example.test	SELECT * FROM results WHERE id = 141	Review batch 141	/reports/2026/customer-141/result.tsv	sql,report	1	Routine result 141 for the reporting dashboard
142	Customer 142	North America	Queued	2026-09-02	2026-10-02	243.93	EUR	Éva	customer142@example.test	SELECT * FROM results WHERE id = 142	Review batch 142	/reports/2026/customer-142/result.tsv	sql,report	2	Routine result 142 for the reporting dashboard
143	Customer 143	Asia Pacific	Running	2026-09-03	2026-10-03	245.66	EUR	Noor	customer143@example.test	SELECT * FROM results WHERE id = 143	Review batch 143	/reports/2026/customer-143/result.tsv	sql,report	3	Routine result 143 for the reporting dashboard
144	Customer 144	South America	Complete	2026-09-04	2026-10-04	247.39	EUR	Kai	customer144@example.test	SELECT * FROM results WHERE id = 144	Review batch 144	/reports/2026/customer-144/result.tsv	sql\tpriority	4	Routine result 144 for the reporting dashboard
145	Customer 145	Africa	Failed	2026-09-05	2026-10-05	249.12	EUR	Ada	customer145@example.test	SELECT * FROM results WHERE id = 145	Review batch 145	/reports/2026/customer-145/result.tsv	sql,report	5	Routine result 145 for the reporting dashboard
146	Customer 146	Europe	New	2026-09-06	2026-10-06	250.85	EUR	Lin	customer146@example.test	SELECT * FROM results WHERE id = 146	Review batch 146	/reports/2026/customer-146/result.tsv	sql,report	1	Routine result 146 for the reporting dashboard
147	Customer 147	North America	Queued	2026-09-07	2026-10-07	252.58	EUR	Sam	customer147@example.test	SELECT * FROM results WHERE id = 147	Review batch 147	/reports/2026/customer-147/result.tsv	sql,report	2	Routine result 147 for the reporting dashboard
148	Customer 148	Asia Pacific	Running	2026-09-08	2026-10-08	254.31	EUR	Éva	customer148@example.test	SELECT * FROM results WHERE id = 148	Review batch 148	/reports/2026/customer-148/result.tsv	sql,report	3	Routine result 148 for the reporting dashboard
149	Customer 149	South America	Complete	2026-09-09	2026-10-09	256.04	EUR	Noor	customer149@example.test	SELECT * FROM results WHERE id = 149	First line for record 149\nSecond line with a tab\tand more detail	/reports/2026/customer-149/result.tsv	sql,report	4	Routine result 149 for the reporting dashboard
150	Customer 150	Africa	Failed	2026-09-10	2026-10-10	257.77	EUR	Kai	customer150@example.test	SELECT * FROM results WHERE id = 150	Review batch 150	/reports/2026/customer-150/result.tsv	sql,report	5	Routine result 150 for the reporting dashboard
151	Customer 151	Europe	New	2026-09-11	2026-10-11	259.50	EUR	Ada	customer151@example.test	SELECT * FROM results WHERE id = 151	Review batch 151	/reports/2026/customer-151/result.tsv	sql,report	1	Routine result 151 for the reporting dashboard
152	Customer 152	North America	Queued	2026-09-12	2026-10-12	261.23	EUR	Lin	customer152@example.test	SELECT * FROM results WHERE id = 152	Review batch 152	/reports/2026/customer-152/result.tsv	sql,report	2	Routine result 152 for the reporting dashboard
153	Customer 153	Asia Pacific	Running	2026-09-13	2026-10-13	262.96	EUR	Sam	customer153@example.test	SELECT * FROM results WHERE id = 153	Review batch 153	/reports/2026/customer-153/result.tsv	sql,report	3	Routine result 153 for the reporting dashboard
154	Customer 154	South America	Complete	2026-09-14	2026-10-14	264.69	EUR	Éva	customer154@example.test	SELECT * FROM results WHERE id = 154	Review batch 154	/reports/2026/customer-154/result.tsv	sql,report	4	Routine result 154 for the reporting dashboard
155	Customer 155	Africa	Failed	2026-09-15	2026-10-15	266.42	EUR	Noor	customer155@example.test	SELECT * FROM results WHERE id = 155	Review batch 155	/reports/2026/customer-155/result.tsv	sql\tpriority	5	Routine result 155 for the reporting dashboard
156	Customer 156	Europe	New	2026-09-16	2026-10-16	268.15	EUR	Kai	customer156@example.test	SELECT * FROM results WHERE id = 156	Review batch 156	/reports/2026/customer-156/result.tsv	sql,report	1	Routine result 156 for the reporting dashboard
157	Customer 157	North America	Queued	2026-09-17	2026-10-17	269.88	EUR	Ada	customer157@example.test	SELECT * FROM results WHERE id = 157	Review batch 157	/reports/2026/customer-157/result.tsv	sql,report	2	Routine result 157 for the reporting dashboard
158	Customer 158	Asia Pacific	Running	2026-09-18	2026-10-18	271.61	EUR	Lin	customer158@example.test	SELECT * FROM results WHERE id = 158	Review batch 158	/reports/2026/customer-158/result.tsv	sql,report	3	Routine result 158 for the reporting dashboard
159	Customer 159	South America	Complete	2026-09-19	2026-10-19	273.34	EUR	Sam	customer159@example.test	SELECT * FROM results WHERE id = 159	Review batch 159	/reports/2026/customer-159/result.tsv	sql,report	4	Routine result 159 for the reporting dashboard
160	Customer 160	Africa	Failed	2026-09-20	2026-10-20	275.07	EUR	Éva	customer160@example.test	SELECT * FROM results WHERE id = 160	Review batch 160	/reports/2026/customer-160/result.tsv	sql,report	5	Routine result 160 for the reporting dashboard
161	Customer 161	Europe	New	2026-09-21	2026-10-21	276.80	EUR	Noor	customer161@example.test	SELECT * FROM results WHERE id = 161	Review batch 161	/reports/2026/customer-161/result.tsv	sql,report	1	Routine result 161 for the reporting dashboard
162	Customer 162	North America	Queued	2026-09-22	2026-10-22	278.53	EUR	Kai	customer162@example.test	SELECT * FROM results WHERE id = 162	Review batch 162	/reports/2026/customer-162/result.tsv	sql,report	2	Routine result 162 for the reporting dashboard
163	Customer 163	Asia Pacific	Running	2026-09-23	2026-10-23	280.26	EUR	Ada	customer163@example.test	SELECT * FROM results WHERE id = 163	Review batch 163	/reports/2026/customer-163/result.tsv	sql,report	3	Routine result 163 for the reporting dashboard
164	Customer 164	South America	Complete	2026-09-24	2026-10-24	281.99	EUR	Lin	customer164@example.test	SELECT * FROM results WHERE id = 164	Review batch 164	/reports/2026/customer-164/result.tsv	sql,report	4	Routine result 164 for the reporting dashboard
165	Customer 165	Africa	Failed	2026-09-25	2026-10-25	283.72	EUR	Sam	customer165@example.test	SELECT * FROM results WHERE id = 165	Review batch 165	/reports/2026/customer-165/result.tsv	sql,report	\N	Routine result 165 for the reporting dashboard
166	Customer 166	Europe	New	2026-09-26	2026-10-26	285.45	EUR	Éva	customer166@example.test	SELECT * FROM results WHERE id = 166	Review batch 166	/reports/2026/customer-166/result.tsv	sql\tpriority	1	Routine result 166 for the reporting dashboard
167	Customer 167	North America	Queued	2026-09-27	2026-10-27	287.18	EUR	Noor	customer167@example.test	SELECT * FROM results WHERE id = 167	Review batch 167	/reports/2026/customer-167/result.tsv	sql,report	2	Routine result 167 for the reporting dashboard
168	Customer 168	Asia Pacific	Running	2026-09-28	2026-10-28	288.91	EUR	Kai	customer168@example.test	SELECT * FROM results WHERE id = 168	Review batch 168	/reports/2026/customer-168/result.tsv	sql,report	3	Routine result 168 for the reporting dashboard
169	Customer 169	South America	Complete	2026-09-01	2026-10-01	290.64	EUR	Ada	customer169@example.test	SELECT * FROM results WHERE id = 169	Review batch 169	/reports/2026/customer-169/result.tsv	sql,report	4	Routine result 169 for the reporting dashboard
170	Customer 170	Africa	Failed	2026-09-02	2026-10-02	292.37	EUR	Lin	customer170@example.test	SELECT * FROM results WHERE id = 170	Review batch 170	/reports/2026/customer-170/result.tsv	sql,report	5	Routine result 170 for the reporting dashboard
171	Customer 171	Europe	New	2026-09-03	2026-10-03	294.10	EUR	Sam	customer171@example.test	SELECT * FROM results WHERE id = 171	Review batch 171	/reports/2026/customer-171/result.tsv	sql,report	1	Routine result 171 for the reporting dashboard
172	Customer 172	North America	Queued	2026-09-04	2026-10-04	295.83	EUR	Éva	customer172@example.test	SELECT * FROM results WHERE id = 172	Review batch 172	/reports/2026/customer-172/result.tsv	sql,report	2	Routine result 172 for the reporting dashboard
173	Customer 173	Asia Pacific	Running	2026-09-05	2026-10-05	297.56	EUR	Noor	customer173@example.test	SELECT * FROM results WHERE id = 173	Review batch 173	/reports/2026/customer-173/result.tsv	sql,report	3	Routine result 173 for the reporting dashboard
174	Customer 174	South America	Complete	2026-09-06	2026-10-06	299.29	EUR	Kai	customer174@example.test	SELECT * FROM results WHERE id = 174	Review batch 174	/reports/2026/customer-174/result.tsv	sql,report	4	Routine result 174 for the reporting dashboard
175	Customer 175	Africa	Failed	2026-09-07	2026-10-07	301.02	EUR	Ada	customer175@example.test	SELECT * FROM results WHERE id = 175	Review batch 175	/reports/2026/customer-175/result.tsv	sql,report	5	Routine result 175 for the reporting dashboard
176	Customer 176	Europe	New	2026-09-08	2026-10-08	302.75	EUR	Lin	customer176@example.test	SELECT * FROM results WHERE id = 176	Review batch 176	/reports/2026/customer-176/result.tsv	sql,report	1	Routine result 176 for the reporting dashboard
177	Customer 177	North America	Queued	2026-09-09	2026-10-09	304.48	EUR	Sam	customer177@example.test	SELECT * FROM results WHERE id = 177	Review batch 177	/reports/2026/customer-177/result.tsv	sql\tpriority	2	Routine result 177 for the reporting dashboard
178	Customer 178	Asia Pacific	Running	2026-09-10	2026-10-10	306.21	EUR	Éva	customer178@example.test	SELECT * FROM results WHERE id = 178	Review batch 178	/reports/2026/customer-178/result.tsv	sql,report	3	Routine result 178 for the reporting dashboard
179	Customer 179	South America	Complete	2026-09-11	2026-10-11	307.94	EUR	Noor	customer179@example.test	SELECT * FROM results WHERE id = 179	Review batch 179	/reports/2026/customer-179/result.tsv	sql,report	4	Routine result 179 for the reporting dashboard
180	Customer 180	Africa	Failed	2026-09-12	2026-10-12	309.67	EUR	Kai	customer180@example.test	SELECT * FROM results WHERE id = 180	Review batch 180	/reports/2026/customer-180/result.tsv	sql,report	5	Routine result 180 for the reporting dashboard
181	Customer 181	Europe	New	2026-09-13	2026-10-13	311.40	EUR	Ada	customer181@example.test	SELECT * FROM results WHERE id = 181	Review batch 181	/reports/2026/customer-181/result.tsv	sql,report	1	Routine result 181 for the reporting dashboard
182	Customer 182	North America	Queued	2026-09-14	2026-10-14	313.13	EUR	Lin	customer182@example.test	SELECT * FROM results WHERE id = 182	Review batch 182	/reports/2026/customer-182/result.tsv	sql,report	2	Routine result 182 for the reporting dashboard
183	Customer 183	Asia Pacific	Running	2026-09-15	2026-10-15	314.86	EUR	Sam	customer183@example.test	SELECT * FROM results WHERE id = 183	Review batch 183	/reports/2026/customer-183/result.tsv	sql,report	3	Routine result 183 for the reporting dashboard
184	Customer 184	South America	Complete	2026-09-16	2026-10-16	316.59	EUR	Éva	customer184@example.test	SELECT * FROM results WHERE id = 184	Review batch 184	/reports/2026/customer-184/result.tsv	sql,report	4	Routine result 184 for the reporting dashboard
185	Customer 185	Africa	Failed	2026-09-17	2026-10-17	318.32	EUR	Noor	customer185@example.test	SELECT * FROM results WHERE id = 185	Review batch 185	/reports/2026/customer-185/result.tsv	sql,report	5	Routine result 185 for the reporting dashboard
186	Customer 186	Europe	New	2026-09-18	2026-10-18	320.05	EUR	Kai	customer186@example.test	SELECT * FROM results WHERE id = 186	First line for record 186\nSecond line with a tab\tand more detail	/reports/2026/customer-186/result.tsv	sql,report	1	Routine result 186 for the reporting dashboard
187	Customer 187	North America	Queued	2026-09-19	2026-10-19	321.78	EUR	Ada	customer187@example.test	SELECT * FROM results WHERE id = 187	Review batch 187	/reports/2026/customer-187/result.tsv	sql,report	2	Routine result 187 for the reporting dashboard
188	Customer 188	Asia Pacific	Running	2026-09-20	2026-10-20	323.51	EUR	Lin	customer188@example.test	SELECT * FROM results WHERE id = 188	Review batch 188	/reports/2026/customer-188/result.tsv	sql\tpriority	3	Routine result 188 for the reporting dashboard
189	Customer 189	South America	Complete	2026-09-21	2026-10-21	325.24	EUR	Sam	customer189@example.test	SELECT * FROM results WHERE id = 189	Review batch 189	/reports/2026/customer-189/result.tsv	sql,report	4	Routine result 189 for the reporting dashboard
190	Customer 190	Africa	Failed	2026-09-22	2026-10-22	326.97	EUR	Éva	customer190@example.test	SELECT * FROM results WHERE id = 190	Review batch 190	/reports/2026/customer-190/result.tsv	sql,report	5	Routine result 190 for the reporting dashboard
191	Customer 191	Europe	New	2026-09-23	2026-10-23	328.70	EUR	Noor	customer191@example.test	SELECT * FROM results WHERE id = 191	Review batch 191	/reports/2026/customer-191/result.tsv	sql,report	1	Routine result 191 for the reporting dashboard
192	Customer 192	North America	Queued	2026-09-24	2026-10-24	330.43	EUR	Kai	customer192@example.test	SELECT * FROM results WHERE id = 192	Review batch 192	/reports/2026/customer-192/result.tsv	sql,report	2	Routine result 192 for the reporting dashboard
193	Customer 193	Asia Pacific	Running	2026-09-25	2026-10-25	332.16	EUR	Ada	customer193@example.test	SELECT * FROM results WHERE id = 193	Review batch 193	/reports/2026/customer-193/result.tsv	sql,report	3	Routine result 193 for the reporting dashboard
194	Customer 194	South America	Complete	2026-09-26	2026-10-26	333.89	EUR	Lin	customer194@example.test	SELECT * FROM results WHERE id = 194	Review batch 194	/reports/2026/customer-194/result.tsv	sql,report	4	Routine result 194 for the reporting dashboard
195	Customer 195	Africa	Failed	2026-09-27	2026-10-27	335.62	EUR	Sam	customer195@example.test	SELECT * FROM results WHERE id = 195	Review batch 195	/reports/2026/customer-195/result.tsv	sql,report	5	A deliberately long description for record 195: this value crosses the normal column width and tests horizontal scrolling and field truncation in the table widget.
196	Customer 196	Europe	New	2026-09-28	2026-10-28	337.35	EUR	Éva	customer196@example.test	SELECT * FROM results WHERE id = 196	Review batch 196	/reports/2026/customer-196/result.tsv	sql,report	1	Routine result 196 for the reporting dashboard
197	Customer 197	North America	Queued	2026-09-01	2026-10-01	339.08	EUR	Noor	customer197@example.test	SELECT * FROM results WHERE id = 197	Review batch 197	/reports/2026/customer-197/result.tsv	sql,report	2	Routine result 197 for the reporting dashboard
198	Customer 198	Asia Pacific	Running	2026-09-02	2026-10-02	340.81	EUR	Kai	customer198@example.test	SELECT * FROM results WHERE id = 198	Review batch 198	/reports/2026/customer-198/result.tsv	sql,report	3	Routine result 198 for the reporting dashboard
199	Customer 199	South America	Complete	2026-09-03	2026-10-03	342.54	EUR	Ada	customer199@example.test	SELECT * FROM results WHERE id = 199	Review batch 199	/reports/2026/customer-199/result.tsv	sql\tpriority	4	Routine result 199 for the reporting dashboard
200	Customer 200	Africa	Failed	2026-09-04	2026-10-04	344.27	EUR	Lin	customer200@example.test	SELECT * FROM results WHERE id = 200	Review batch 200	/reports/2026/customer-200/result.tsv	sql,report	5	Routine result 200 for the reporting dashboard
201	Customer 201	Europe	New	2026-09-05	2026-10-05	346.00	EUR	Sam	customer201@example.test	SELECT * FROM results WHERE id = 201	Review batch 201	/reports/2026/customer-201/result.tsv	sql,report	1	Routine result 201 for the reporting dashboard
202	Customer 202	North America	Queued	2026-09-06	2026-10-06	347.73	EUR	Éva	customer202@example.test	SELECT * FROM results WHERE id = 202	Review batch 202	/reports/2026/customer-202/result.tsv	sql,report	2	Routine result 202 for the reporting dashboard
203	Customer 203	Asia Pacific	Running	2026-09-07	2026-10-07	349.46	EUR	Noor	customer203@example.test	SELECT * FROM results WHERE id = 203	Review batch 203	/reports/2026/customer-203/result.tsv	sql,report	3	Routine result 203 for the reporting dashboard
204	Customer 204	South America	Complete	2026-09-08	2026-10-08	351.19	EUR	Kai	customer204@example.test	SELECT * FROM results WHERE id = 204	Review batch 204	/reports/2026/customer-204/result.tsv	sql,report	4	Routine result 204 for the reporting dashboard
205	Customer 205	Africa	Failed	2026-09-09	2026-10-09	352.92	EUR	Ada	customer205@example.test	SELECT * FROM results WHERE id = 205	Review batch 205	/reports/2026/customer-205/result.tsv	sql,report	5	Routine result 205 for the reporting dashboard
206	Customer 206	Europe	New	2026-09-10	2026-10-10	354.65	EUR	Lin	customer206@example.test	SELECT * FROM results WHERE id = 206	Review batch 206	/reports/2026/customer-206/result.tsv	sql,report	\N	Routine result 206 for the reporting dashboard
207	Customer 207	North America	Queued	2026-09-11	2026-10-11	356.38	EUR	Sam	customer207@example.test	SELECT * FROM results WHERE id = 207	Review batch 207	/reports/2026/customer-207/result.tsv	sql,report	2	Routine result 207 for the reporting dashboard
208	Customer 208	Asia Pacific	Running	2026-09-12	2026-10-12	358.11	EUR	Éva	customer208@example.test	SELECT * FROM results WHERE id = 208	Review batch 208	/reports/2026/customer-208/result.tsv	sql,report	3	Routine result 208 for the reporting dashboard
209	Customer 209	South America	Complete	2026-09-13	2026-10-13	359.84	EUR	Noor	customer209@example.test	SELECT * FROM results WHERE id = 209	Review batch 209	/reports/2026/customer-209/result.tsv	sql,report	4	Routine result 209 for the reporting dashboard
210	Customer 210	Africa	Failed	2026-09-14	2026-10-14	361.57	EUR	Kai	customer210@example.test	SELECT * FROM results WHERE id = 210	Review batch 210	/reports/2026/customer-210/result.tsv	sql\tpriority	5	Routine result 210 for the reporting dashboard
211	Customer 211	Europe	New	2026-09-15	2026-10-15	363.30	EUR	Ada	customer211@example.test	SELECT * FROM results WHERE id = 211	Review batch 211	/reports/2026/customer-211/result.tsv	sql,report	1	Routine result 211 for the reporting dashboard
212	Customer 212	North America	Queued	2026-09-16	2026-10-16	365.03	EUR	Lin	customer212@example.test	SELECT * FROM results WHERE id = 212	Review batch 212	/reports/2026/customer-212/result.tsv	sql,report	2	Routine result 212 for the reporting dashboard
213	Customer 213	Asia Pacific	Running	2026-09-17	2026-10-17	366.76	EUR	Sam	customer213@example.test	SELECT * FROM results WHERE id = 213	Review batch 213	/reports/2026/customer-213/result.tsv	sql,report	3	Routine result 213 for the reporting dashboard
214	Customer 214	South America	Complete	2026-09-18	2026-10-18	368.49	EUR	Éva	customer214@example.test	SELECT * FROM results WHERE id = 214	Review batch 214	/reports/2026/customer-214/result.tsv	sql,report	4	Routine result 214 for the reporting dashboard
215	Customer 215	Africa	Failed	2026-09-19	2026-10-19	370.22	EUR	Noor	customer215@example.test	SELECT * FROM results WHERE id = 215	Review batch 215	/reports/2026/customer-215/result.tsv	sql,report	5	Routine result 215 for the reporting dashboard
216	Customer 216	Europe	New	2026-09-20	2026-10-20	371.95	EUR	Kai	customer216@example.test	SELECT * FROM results WHERE id = 216	Review batch 216	/reports/2026/customer-216/result.tsv	sql,report	1	Routine result 216 for the reporting dashboard
217	Customer 217	North America	Queued	2026-09-21	2026-10-21	373.68	EUR	Ada	customer217@example.test	SELECT * FROM results WHERE id = 217	Review batch 217	/reports/2026/customer-217/result.tsv	sql,report	2	Routine result 217 for the reporting dashboard
218	Customer 218	Asia Pacific	Running	2026-09-22	2026-10-22	375.41	EUR	Lin	customer218@example.test	SELECT * FROM results WHERE id = 218	Review batch 218	/reports/2026/customer-218/result.tsv	sql,report	3	Routine result 218 for the reporting dashboard
219	Customer 219	South America	Complete	2026-09-23	2026-10-23	377.14	EUR	Sam	customer219@example.test	SELECT * FROM results WHERE id = 219	Review batch 219	/reports/2026/customer-219/result.tsv	sql,report	4	Routine result 219 for the reporting dashboard
220	Customer 220	Africa	Failed	2026-09-24	2026-10-24	378.87	EUR	Éva	customer220@example.test	SELECT * FROM results WHERE id = 220	Review batch 220	/reports/2026/customer-220/result.tsv	sql,report	5	Routine result 220 for the reporting dashboard
221	Customer 221	Europe	New	2026-09-25	2026-10-25	380.60	EUR	Noor	customer221@example.test	SELECT * FROM results WHERE id = 221	Review batch 221	/reports/2026/customer-221/result.tsv	sql\tpriority	1	Routine result 221 for the reporting dashboard
222	Customer 222	North America	Queued	2026-09-26	2026-10-26	382.33	EUR	Kai	customer222@example.test	SELECT * FROM results WHERE id = 222	Review batch 222	/reports/2026/customer-222/result.tsv	sql,report	2	Routine result 222 for the reporting dashboard
223	Customer 223	Asia Pacific	Running	2026-09-27	2026-10-27	384.06	EUR	Ada	customer223@example.test	SELECT * FROM results WHERE id = 223	First line for record 223\nSecond line with a tab\tand more detail	/reports/2026/customer-223/result.tsv	sql,report	3	Routine result 223 for the reporting dashboard
224	Customer 224	South America	Complete	2026-09-28	2026-10-28	385.79	EUR	Lin	customer224@example.test	SELECT * FROM results WHERE id = 224	Review batch 224	/reports/2026/customer-224/result.tsv	sql,report	4	Routine result 224 for the reporting dashboard
225	Customer 225	Africa	Failed	2026-09-01	2026-10-01	387.52	EUR	Sam	customer225@example.test	SELECT * FROM results WHERE id = 225	Review batch 225	/reports/2026/customer-225/result.tsv	sql,report	5	Routine result 225 for the reporting dashboard
226	Customer 226	Europe	New	2026-09-02	2026-10-02	389.25	EUR	Éva	customer226@example.test	SELECT * FROM results WHERE id = 226	Review batch 226	/reports/2026/customer-226/result.tsv	sql,report	1	Routine result 226 for the reporting dashboard
227	Customer 227	North America	Queued	2026-09-03	2026-10-03	390.98	EUR	Noor	customer227@example.test	SELECT customer_id, SUM(amount) FROM invoice_items WHERE customer_id = 227 GROUP BY customer_id ORDER BY SUM(amount) DESC	Review batch 227	/reports/2026/customer-227/result.tsv	sql,report	2	Routine result 227 for the reporting dashboard
228	Customer 228	Asia Pacific	Running	2026-09-04	2026-10-04	392.71	EUR	Kai	customer228@example.test	SELECT * FROM results WHERE id = 228	Review batch 228	/reports/2026/customer-228/result.tsv	sql,report	3	Routine result 228 for the reporting dashboard
229	Customer 229	South America	Complete	2026-09-05	2026-10-05	394.44	EUR	Ada	customer229@example.test	SELECT * FROM results WHERE id = 229	Review batch 229	/reports/2026/customer-229/result.tsv	sql,report	4	Routine result 229 for the reporting dashboard
230	Customer 230	Africa	Failed	2026-09-06	2026-10-06	396.17	EUR	Lin	customer230@example.test	SELECT * FROM results WHERE id = 230	Review batch 230	/reports/2026/customer-230/result.tsv	sql,report	5	Routine result 230 for the reporting dashboard
231	Customer 231	Europe	New	2026-09-07	2026-10-07	397.90	EUR	Sam	customer231@example.test	SELECT * FROM results WHERE id = 231	Review batch 231	/reports/2026/customer-231/result.tsv	sql,report	1	Routine result 231 for the reporting dashboard
232	Customer 232	North America	Queued	2026-09-08	2026-10-08	399.63	EUR	Éva	customer232@example.test	SELECT * FROM results WHERE id = 232	Review batch 232	/reports/2026/customer-232/result.tsv	sql\tpriority	2	Routine result 232 for the reporting dashboard
233	Customer 233	Asia Pacific	Running	2026-09-09	2026-10-09	401.36	EUR	Noor	customer233@example.test	SELECT * FROM results WHERE id = 233	Review batch 233	/reports/2026/customer-233/result.tsv	sql,report	3	Routine result 233 for the reporting dashboard
234	Customer 234	South America	Complete	2026-09-10	2026-10-10	403.09	EUR	Kai	customer234@example.test	SELECT * FROM results WHERE id = 234	Review batch 234	/reports/2026/customer-234/result.tsv	sql,report	4	Routine result 234 for the reporting dashboard
235	Customer 235	Africa	Failed	2026-09-11	2026-10-11	404.82	EUR	Ada	customer235@example.test	SELECT * FROM results WHERE id = 235	Review batch 235	/reports/2026/customer-235/result.tsv	sql,report	5	Routine result 235 for the reporting dashboard
236	Customer 236	Europe	New	2026-09-12	2026-10-12	406.55	EUR	Lin	customer236@example.test	SELECT * FROM results WHERE id = 236	Review batch 236	/reports/2026/customer-236/result.tsv	sql,report	1	Routine result 236 for the reporting dashboard
237	Customer 237	North America	Queued	2026-09-13	2026-10-13	408.28	EUR	Sam	customer237@example.test	SELECT * FROM results WHERE id = 237	Review batch 237	/reports/2026/customer-237/result.tsv	sql,report	2	Routine result 237 for the reporting dashboard
238	Customer 238	Asia Pacific	Running	2026-09-14	2026-10-14	410.01	EUR	Éva	customer238@example.test	SELECT * FROM results WHERE id = 238	Review batch 238	/reports/2026/customer-238/result.tsv	sql,report	3	Routine result 238 for the reporting dashboard
239	Customer 239	South America	Complete	2026-09-15	2026-10-15	411.74	EUR	Noor	customer239@example.test	SELECT * FROM results WHERE id = 239	Review batch 239	/reports/2026/customer-239/result.tsv	sql,report	4	Routine result 239 for the reporting dashboard
240	Customer 240	Africa	Failed	2026-09-16	2026-10-16	413.47	EUR	Kai	customer240@example.test	SELECT * FROM results WHERE id = 240	Review batch 240	/reports/2026/customer-240/result.tsv	sql,report	5	Routine result 240 for the reporting dashboard
241	Customer 241	Europe	New	2026-09-17	2026-10-17	415.20	EUR	Ada	customer241@example.test	SELECT * FROM results WHERE id = 241	Review batch 241	/reports/2026/customer-241/result.tsv	sql,report	1	Routine result 241 for the reporting dashboard
242	Customer 242	North America	Queued	2026-09-18	2026-10-18	416.93	EUR	Lin	customer242@example.test	SELECT * FROM results WHERE id = 242	Review batch 242	/reports/2026/customer-242/result.tsv	sql,report	2	Routine result 242 for the reporting dashboard
243	Customer 243	Asia Pacific	Running	2026-09-19	2026-10-19	418.66	EUR	Sam	customer243@example.test	SELECT * FROM results WHERE id = 243	Review batch 243	/reports/2026/customer-243/result.tsv	sql\tpriority	3	Routine result 243 for the reporting dashboard
244	Customer 244	South America	Complete	2026-09-20	2026-10-20	420.39	EUR	Éva	customer244@example.test	SELECT * FROM results WHERE id = 244	Review batch 244	/reports/2026/customer-244/result.tsv	sql,report	4	Routine result 244 for the reporting dashboard
245	Customer 245	Africa	Failed	2026-09-21	2026-10-21	422.12	EUR	Noor	customer245@example.test	SELECT * FROM results WHERE id = 245	Review batch 245	/reports/2026/customer-245/result.tsv	sql,report	5	Routine result 245 for the reporting dashboard
246	Customer 246	Europe	New	2026-09-22	2026-10-22	423.85	EUR	Kai	customer246@example.test	SELECT * FROM results WHERE id = 246	Review batch 246	/reports/2026/customer-246/result.tsv	sql,report	1	Routine result 246 for the reporting dashboard
247	Customer 247	North America	Queued	2026-09-23	2026-10-23	425.58	EUR	Ada	customer247@example.test	SELECT * FROM results WHERE id = 247	Review batch 247	/reports/2026/customer-247/result.tsv	sql,report	\N	Routine result 247 for the reporting dashboard
248	Customer 248	Asia Pacific	Running	2026-09-24	2026-10-24	427.31	EUR	Lin	customer248@example.test	SELECT * FROM results WHERE id = 248	Review batch 248	/reports/2026/customer-248/result.tsv	sql,report	3	Routine result 248 for the reporting dashboard
249	Customer 249	South America	Complete	2026-09-25	2026-10-25	429.04	EUR	Sam	customer249@example.test	SELECT * FROM results WHERE id = 249	Review batch 249	/reports/2026/customer-249/result.tsv	sql,report	4	Routine result 249 for the reporting dashboard
250	Customer 250	Africa	Failed	2026-09-26	2026-10-26	430.77	EUR	Éva	customer250@example.test	SELECT * FROM results WHERE id = 250	Review batch 250	/reports/2026/customer-250/result.tsv	sql,report	5	Routine result 250 for the reporting dashboard
251	Customer 251	Europe	New	2026-09-27	2026-10-27	432.50	EUR	Noor	customer251@example.test	SELECT * FROM results WHERE id = 251	Review batch 251	/reports/2026/customer-251/result.tsv	sql,report	1	Routine result 251 for the reporting dashboard
252	Customer 252	North America	Queued	2026-09-28	2026-10-28	434.23	EUR	Kai	customer252@example.test	SELECT * FROM results WHERE id = 252	Review batch 252	/reports/2026/customer-252/result.tsv	sql,report	2	Routine result 252 for the reporting dashboard
253	Customer 253	Asia Pacific	Running	2026-09-01	2026-10-01	435.96	EUR	Ada	customer253@example.test	SELECT * FROM results WHERE id = 253	Review batch 253	/reports/2026/customer-253/result.tsv	sql,report	3	Routine result 253 for the reporting dashboard
254	Customer 254	South America	Complete	2026-09-02	2026-10-02	437.69	EUR	Lin	customer254@example.test	SELECT * FROM results WHERE id = 254	Review batch 254	/reports/2026/customer-254/result.tsv	sql\tpriority	4	Routine result 254 for the reporting dashboard
255	Customer 255	Africa	Failed	2026-09-03	2026-10-03	439.42	EUR	Sam	customer255@example.test	SELECT * FROM results WHERE id = 255	Review batch 255	/reports/2026/customer-255/result.tsv	sql,report	5	Routine result 255 for the reporting dashboard
256	Customer 256	Europe	New	2026-09-04	2026-10-04	441.15	EUR	Éva	customer256@example.test	SELECT * FROM results WHERE id = 256	Review batch 256	/reports/2026/customer-256/result.tsv	sql,report	1	Routine result 256 for the reporting dashboard
257	Customer 257	North America	Queued	2026-09-05	2026-10-05	442.88	EUR	Noor	customer257@example.test	SELECT * FROM results WHERE id = 257	Review batch 257	/reports/2026/customer-257/result.tsv	sql,report	2	Routine result 257 for the reporting dashboard
258	Customer 258	Asia Pacific	Running	2026-09-06	2026-10-06	444.61	EUR	Kai	customer258@example.test	SELECT * FROM results WHERE id = 258	Review batch 258	/reports/2026/customer-258/result.tsv	sql,report	3	Routine result 258 for the reporting dashboard
259	Customer 259	South America	Complete	2026-09-07	2026-10-07	446.34	EUR	Ada	customer259@example.test	SELECT * FROM results WHERE id = 259	Review batch 259	/reports/2026/customer-259/result.tsv	sql,report	4	Routine result 259 for the reporting dashboard
260	Customer 260	Africa	Failed	2026-09-08	2026-10-08	448.07	EUR	Lin	customer260@example.test	SELECT * FROM results WHERE id = 260	First line for record 260\nSecond line with a tab\tand more detail	/reports/2026/customer-260/result.tsv	sql,report	5	Routine result 260 for the reporting dashboard
261	Customer 261	Europe	New	2026-09-09	2026-10-09	449.80	EUR	Sam	customer261@example.test	SELECT * FROM results WHERE id = 261	Review batch 261	/reports/2026/customer-261/result.tsv	sql,report	1	Routine result 261 for the reporting dashboard
262	Customer 262	North America	Queued	2026-09-10	2026-10-10	451.53	EUR	Éva	customer262@example.test	SELECT * FROM results WHERE id = 262	Review batch 262	/reports/2026/customer-262/result.tsv	sql,report	2	Routine result 262 for the reporting dashboard
263	Customer 263	Asia Pacific	Running	2026-09-11	2026-10-11	453.26	EUR	Noor	customer263@example.test	SELECT * FROM results WHERE id = 263	Review batch 263	/reports/2026/customer-263/result.tsv	sql,report	3	Routine result 263 for the reporting dashboard
264	Customer 264	South America	Complete	2026-09-12	2026-10-12	454.99	EUR	Kai	customer264@example.test	SELECT * FROM results WHERE id = 264	Review batch 264	/reports/2026/customer-264/result.tsv	sql,report	4	Routine result 264 for the reporting dashboard
265	Customer 265	Africa	Failed	2026-09-13	2026-10-13	456.72	EUR	Ada	customer265@example.test	SELECT * FROM results WHERE id = 265	Review batch 265	/reports/2026/customer-265/result.tsv	sql\tpriority	5	Routine result 265 for the reporting dashboard
266	Customer 266	Europe	New	2026-09-14	2026-10-14	458.45	EUR	Lin	customer266@example.test	SELECT * FROM results WHERE id = 266	Review batch 266	/reports/2026/customer-266/result.tsv	sql,report	1	Routine result 266 for the reporting dashboard
267	Customer 267	North America	Queued	2026-09-15	2026-10-15	460.18	EUR	Sam	customer267@example.test	SELECT * FROM results WHERE id = 267	Review batch 267	/reports/2026/customer-267/result.tsv	sql,report	2	Routine result 267 for the reporting dashboard
268	Customer 268	Asia Pacific	Running	2026-09-16	2026-10-16	461.91	EUR	Éva	customer268@example.test	SELECT * FROM results WHERE id = 268	Review batch 268	/reports/2026/customer-268/result.tsv	sql,report	3	Routine result 268 for the reporting dashboard
269	Customer 269	South America	Complete	2026-09-17	2026-10-17	463.64	EUR	Noor	customer269@example.test	SELECT * FROM results WHERE id = 269	Review batch 269	/reports/2026/customer-269/result.tsv	sql,report	4	Routine result 269 for the reporting dashboard
270	Customer 270	Africa	Failed	2026-09-18	2026-10-18	465.37	EUR	Kai	customer270@example.test	SELECT * FROM results WHERE id = 270	Review batch 270	/reports/2026/customer-270/result.tsv	sql,report	5	Routine result 270 for the reporting dashboard
271	Customer 271	Europe	New	2026-09-19	2026-10-19	467.10	EUR	Ada	customer271@example.test	SELECT * FROM results WHERE id = 271	Review batch 271	/reports/2026/customer-271/result.tsv	sql,report	1	Routine result 271 for the reporting dashboard
272	Customer 272	North America	Queued	2026-09-20	2026-10-20	468.83	EUR	Lin	customer272@example.test	SELECT * FROM results WHERE id = 272	Review batch 272	/reports/2026/customer-272/result.tsv	sql,report	2	Routine result 272 for the reporting dashboard
273	Customer 273	Asia Pacific	Running	2026-09-21	2026-10-21	470.56	EUR	Sam	customer273@example.test	SELECT * FROM results WHERE id = 273	Review batch 273	/reports/2026/customer-273/result.tsv	sql,report	3	Routine result 273 for the reporting dashboard
274	Customer 274	South America	Complete	2026-09-22	2026-10-22	472.29	EUR	Éva	customer274@example.test	SELECT * FROM results WHERE id = 274	Review batch 274	/reports/2026/customer-274/result.tsv	sql,report	4	Routine result 274 for the reporting dashboard
275	Customer 275	Africa	Failed	2026-09-23	2026-10-23	474.02	EUR	Noor	customer275@example.test	SELECT * FROM results WHERE id = 275	Review batch 275	/reports/2026/customer-275/result.tsv	sql,report	5	Routine result 275 for the reporting dashboard
276	Customer 276	Europe	New	2026-09-24	2026-10-24	475.75	EUR	Kai	customer276@example.test	SELECT * FROM results WHERE id = 276	Review batch 276	/reports/2026/customer-276/result.tsv	sql\tpriority	1	Routine result 276 for the reporting dashboard
277	Customer 277	North America	Queued	2026-09-25	2026-10-25	477.48	EUR	Ada	customer277@example.test	SELECT * FROM results WHERE id = 277	Review batch 277	/reports/2026/customer-277/result.tsv	sql,report	2	Routine result 277 for the reporting dashboard
278	Customer 278	Asia Pacific	Running	2026-09-26	2026-10-26	479.21	EUR	Lin	customer278@example.test	SELECT * FROM results WHERE id = 278	Review batch 278	/reports/2026/customer-278/result.tsv	sql,report	3	Routine result 278 for the reporting dashboard
279	Customer 279	South America	Complete	2026-09-27	2026-10-27	480.94	EUR	Sam	customer279@example.test	SELECT * FROM results WHERE id = 279	Review batch 279	/reports/2026/customer-279/result.tsv	sql,report	4	Routine result 279 for the reporting dashboard
280	Customer 280	Africa	Failed	2026-09-28	2026-10-28	482.67	EUR	Éva	customer280@example.test	SELECT * FROM results WHERE id = 280	Review batch 280	/reports/2026/customer-280/result.tsv	sql,report	5	Routine result 280 for the reporting dashboard
281	Customer 281	Europe	New	2026-09-01	2026-10-01	484.40	EUR	Noor	customer281@example.test	SELECT * FROM results WHERE id = 281	Review batch 281	/reports/2026/customer-281/result.tsv	sql,report	1	Routine result 281 for the reporting dashboard
282	Customer 282	North America	Queued	2026-09-02	2026-10-02	486.13	EUR	Kai	customer282@example.test	SELECT * FROM results WHERE id = 282	Review batch 282	/reports/2026/customer-282/result.tsv	sql,report	2	Routine result 282 for the reporting dashboard
283	Customer 283	Asia Pacific	Running	2026-09-03	2026-10-03	487.86	EUR	Ada	customer283@example.test	SELECT * FROM results WHERE id = 283	Review batch 283	/reports/2026/customer-283/result.tsv	sql,report	3	Routine result 283 for the reporting dashboard
284	Customer 284	South America	Complete	2026-09-04	2026-10-04	489.59	EUR	Lin	customer284@example.test	SELECT * FROM results WHERE id = 284	Review batch 284	/reports/2026/customer-284/result.tsv	sql,report	4	Routine result 284 for the reporting dashboard
285	Customer 285	Africa	Failed	2026-09-05	2026-10-05	491.32	EUR	Sam	customer285@example.test	SELECT * FROM results WHERE id = 285	Review batch 285	/reports/2026/customer-285/result.tsv	sql,report	5	Routine result 285 for the reporting dashboard
286	Customer 286	Europe	New	2026-09-06	2026-10-06	493.05	EUR	Éva	customer286@example.test	SELECT * FROM results WHERE id = 286	Review batch 286	/reports/2026/customer-286/result.tsv	sql,report	1	Routine result 286 for the reporting dashboard
287	Customer 287	North America	Queued	2026-09-07	2026-10-07	494.78	EUR	Noor	customer287@example.test	SELECT * FROM results WHERE id = 287	Review batch 287	/reports/2026/customer-287/result.tsv	sql\tpriority	2	Routine result 287 for the reporting dashboard
288	Customer 288	Asia Pacific	Running	2026-09-08	2026-10-08	496.51	EUR	Kai	customer288@example.test	SELECT * FROM results WHERE id = 288	Review batch 288	/reports/2026/customer-288/result.tsv	sql,report	\N	Routine result 288 for the reporting dashboard
289	Customer 289	South America	Complete	2026-09-09	2026-10-09	498.24	EUR	Ada	customer289@example.test	SELECT * FROM results WHERE id = 289	Review batch 289	/reports/2026/customer-289/result.tsv	sql,report	4	Routine result 289 for the reporting dashboard
290	Customer 290	Africa	Failed	2026-09-10	2026-10-10	499.97	EUR	Lin	customer290@example.test	SELECT * FROM results WHERE id = 290	Review batch 290	/reports/2026/customer-290/result.tsv	sql,report	5	Routine result 290 for the reporting dashboard
291	Customer 291	Europe	New	2026-09-11	2026-10-11	501.70	EUR	Sam	customer291@example.test	SELECT * FROM results WHERE id = 291	Review batch 291	/reports/2026/customer-291/result.tsv	sql,report	1	Routine result 291 for the reporting dashboard
292	Customer 292	North America	Queued	2026-09-12	2026-10-12	503.43	EUR	Éva	customer292@example.test	SELECT * FROM results WHERE id = 292	Review batch 292	/reports/2026/customer-292/result.tsv	sql,report	2	A deliberately long description for record 292: this value crosses the normal column width and tests horizontal scrolling and field truncation in the table widget.
293	Customer 293	Asia Pacific	Running	2026-09-13	2026-10-13	505.16	EUR	Noor	customer293@example.test	SELECT * FROM results WHERE id = 293	Review batch 293	/reports/2026/customer-293/result.tsv	sql,report	3	Routine result 293 for the reporting dashboard
294	Customer 294	South America	Complete	2026-09-14	2026-10-14	506.89	EUR	Kai	customer294@example.test	SELECT * FROM results WHERE id = 294	Review batch 294	/reports/2026/customer-294/result.tsv	sql,report	4	Routine result 294 for the reporting dashboard
295	Customer 295	Africa	Failed	2026-09-15	2026-10-15	508.62	EUR	Ada	customer295@example.test	SELECT * FROM results WHERE id = 295	Review batch 295	/reports/2026/customer-295/result.tsv	sql,report	5	Routine result 295 for the reporting dashboard
296	Customer 296	Europe	New	2026-09-16	2026-10-16	510.35	EUR	Lin	customer296@example.test	SELECT * FROM results WHERE id = 296	Review batch 296	/reports/2026/customer-296/result.tsv	sql,report	1	Routine result 296 for the reporting dashboard
297	Customer 297	North America	Queued	2026-09-17	2026-10-17	512.08	EUR	Sam	customer297@example.test	SELECT * FROM results WHERE id = 297	First line for record 297\nSecond line with a tab\tand more detail	/reports/2026/customer-297/result.tsv	sql,report	2	Routine result 297 for the reporting dashboard
298	Customer 298	Asia Pacific	Running	2026-09-18	2026-10-18	513.81	EUR	Éva	customer298@example.test	SELECT * FROM results WHERE id = 298	Review batch 298	/reports/2026/customer-298/result.tsv	sql\tpriority	3	Routine result 298 for the reporting dashboard
299	Customer 299	South America	Complete	2026-09-19	2026-10-19	515.54	EUR	Noor	customer299@example.test	SELECT * FROM results WHERE id = 299	Review batch 299	/reports/2026/customer-299/result.tsv	sql,report	4	Routine result 299 for the reporting dashboard
300	Customer 300	Africa	Failed	2026-09-20	2026-10-20	517.27	EUR	Kai	customer300@example.test	SELECT * FROM results WHERE id = 300	Review batch 300	/reports/2026/customer-300/result.tsv	sql,report	5	Routine result 300 for the reporting dashboard
301	Customer 301	Europe	New	2026-09-21	2026-10-21	519.00	EUR	Ada	customer301@example.test	SELECT * FROM results WHERE id = 301	Review batch 301	/reports/2026/customer-301/result.tsv	sql,report	1	Routine result 301 for the reporting dashboard
302	Customer 302	North America	Queued	2026-09-22	2026-10-22	520.73	EUR	Lin	customer302@example.test	SELECT * FROM results WHERE id = 302	Review batch 302	/reports/2026/customer-302/result.tsv	sql,report	2	Routine result 302 for the reporting dashboard
303	Customer 303	Asia Pacific	Running	2026-09-23	2026-10-23	522.46	EUR	Sam	customer303@example.test	SELECT * FROM results WHERE id = 303	Review batch 303	/reports/2026/customer-303/result.tsv	sql,report	3	Routine result 303 for the reporting dashboard
304	Customer 304	South America	Complete	2026-09-24	2026-10-24	524.19	EUR	Éva	customer304@example.test	SELECT * FROM results WHERE id = 304	Review batch 304	/reports/2026/customer-304/result.tsv	sql,report	4	Routine result 304 for the reporting dashboard
305	Customer 305	Africa	Failed	2026-09-25	2026-10-25	525.92	EUR	Noor	customer305@example.test	SELECT * FROM results WHERE id = 305	Review batch 305	/reports/2026/customer-305/result.tsv	sql,report	5	Routine result 305 for the reporting dashboard
306	Customer 306	Europe	New	2026-09-26	2026-10-26	527.65	EUR	Kai	customer306@example.test	SELECT * FROM results WHERE id = 306	Review batch 306	/reports/2026/customer-306/result.tsv	sql,report	1	Routine result 306 for the reporting dashboard
307	Customer 307	North America	Queued	2026-09-27	2026-10-27	529.38	EUR	Ada	customer307@example.test	SELECT * FROM results WHERE id = 307	Review batch 307	/reports/2026/customer-307/result.tsv	sql,report	2	Routine result 307 for the reporting dashboard
308	Customer 308	Asia Pacific	Running	2026-09-28	2026-10-28	531.11	EUR	Lin	customer308@example.test	SELECT * FROM results WHERE id = 308	Review batch 308	/reports/2026/customer-308/result.tsv	sql,report	3	Routine result 308 for the reporting dashboard
309	Customer 309	South America	Complete	2026-09-01	2026-10-01	532.84	EUR	Sam	customer309@example.test	SELECT * FROM results WHERE id = 309	Review batch 309	/reports/2026/customer-309/result.tsv	sql\tpriority	4	Routine result 309 for the reporting dashboard
310	Customer 310	Africa	Failed	2026-09-02	2026-10-02	534.57	EUR	Éva	customer310@example.test	SELECT * FROM results WHERE id = 310	Review batch 310	/reports/2026/customer-310/result.tsv	sql,report	5	Routine result 310 for the reporting dashboard
311	Customer 311	Europe	New	2026-09-03	2026-10-03	536.30	EUR	Noor	customer311@example.test	SELECT * FROM results WHERE id = 311	Review batch 311	/reports/2026/customer-311/result.tsv	sql,report	1	Routine result 311 for the reporting dashboard
312	Customer 312	North America	Queued	2026-09-04	2026-10-04	538.03	EUR	Kai	customer312@example.test	SELECT * FROM results WHERE id = 312	Review batch 312	/reports/2026/customer-312/result.tsv	sql,report	2	Routine result 312 for the reporting dashboard
313	Customer 313	Asia Pacific	Running	2026-09-05	2026-10-05	539.76	EUR	Ada	customer313@example.test	SELECT * FROM results WHERE id = 313	Review batch 313	/reports/2026/customer-313/result.tsv	sql,report	3	Routine result 313 for the reporting dashboard
314	Customer 314	South America	Complete	2026-09-06	2026-10-06	541.49	EUR	Lin	customer314@example.test	SELECT * FROM results WHERE id = 314	Review batch 314	/reports/2026/customer-314/result.tsv	sql,report	4	Routine result 314 for the reporting dashboard
315	Customer 315	Africa	Failed	2026-09-07	2026-10-07	543.22	EUR	Sam	customer315@example.test	SELECT * FROM results WHERE id = 315	Review batch 315	/reports/2026/customer-315/result.tsv	sql,report	5	Routine result 315 for the reporting dashboard
316	Customer 316	Europe	New	2026-09-08	2026-10-08	544.95	EUR	Éva	customer316@example.test	SELECT * FROM results WHERE id = 316	Review batch 316	/reports/2026/customer-316/result.tsv	sql,report	1	Routine result 316 for the reporting dashboard
317	Customer 317	North America	Queued	2026-09-09	2026-10-09	546.68	EUR	Noor	customer317@example.test	SELECT * FROM results WHERE id = 317	Review batch 317	/reports/2026/customer-317/result.tsv	sql,report	2	Routine result 317 for the reporting dashboard
318	Customer 318	Asia Pacific	Running	2026-09-10	2026-10-10	548.41	EUR	Kai	customer318@example.test	SELECT * FROM results WHERE id = 318	Review batch 318	/reports/2026/customer-318/result.tsv	sql,report	3	Routine result 318 for the reporting dashboard
319	Customer 319	South America	Complete	2026-09-11	2026-10-11	550.14	EUR	Ada	customer319@example.test	SELECT * FROM results WHERE id = 319	Review batch 319	/reports/2026/customer-319/result.tsv	sql,report	4	Routine result 319 for the reporting dashboard
320	Customer 320	Africa	Failed	2026-09-12	2026-10-12	551.87	EUR	Lin	customer320@example.test	SELECT * FROM results WHERE id = 320	Review batch 320	/reports/2026/customer-320/result.tsv	sql\tpriority	5	Routine result 320 for the reporting dashboard
321	Customer 321	Europe	New	2026-09-13	2026-10-13	553.60	EUR	Sam	customer321@example.test	SELECT * FROM results WHERE id = 321	Review batch 321	/reports/2026/customer-321/result.tsv	sql,report	1	Routine result 321 for the reporting dashboard
322	Customer 322	North America	Queued	2026-09-14	2026-10-14	555.33	EUR	Éva	customer322@example.test	SELECT * FROM results WHERE id = 322	Review batch 322	/reports/2026/customer-322/result.tsv	sql,report	2	Routine result 322 for the reporting dashboard
323	Customer 323	Asia Pacific	Running	2026-09-15	2026-10-15	557.06	EUR	Noor	customer323@example.test	SELECT * FROM results WHERE id = 323	Review batch 323	/reports/2026/customer-323/result.tsv	sql,report	3	Routine result 323 for the reporting dashboard
324	Customer 324	South America	Complete	2026-09-16	2026-10-16	558.79	EUR	Kai	customer324@example.test	SELECT * FROM results WHERE id = 324	Review batch 324	/reports/2026/customer-324/result.tsv	sql,report	4	Routine result 324 for the reporting dashboard
325	Customer 325	Africa	Failed	2026-09-17	2026-10-17	560.52	EUR	Ada	customer325@example.test	SELECT * FROM results WHERE id = 325	Review batch 325	/reports/2026/customer-325/result.tsv	sql,report	5	Routine result 325 for the reporting dashboard
326	Customer 326	Europe	New	2026-09-18	2026-10-18	562.25	EUR	Lin	customer326@example.test	SELECT * FROM results WHERE id = 326	Review batch 326	/reports/2026/customer-326/result.tsv	sql,report	1	Routine result 326 for the reporting dashboard
327	Customer 327	North America	Queued	2026-09-19	2026-10-19	563.98	EUR	Sam	customer327@example.test	SELECT * FROM results WHERE id = 327	Review batch 327	/reports/2026/customer-327/result.tsv	sql,report	2	Routine result 327 for the reporting dashboard
328	Customer 328	Asia Pacific	Running	2026-09-20	2026-10-20	565.71	EUR	Éva	customer328@example.test	SELECT * FROM results WHERE id = 328	Review batch 328	/reports/2026/customer-328/result.tsv	sql,report	3	Routine result 328 for the reporting dashboard
329	Customer 329	South America	Complete	2026-09-21	2026-10-21	567.44	EUR	Noor	customer329@example.test	SELECT * FROM results WHERE id = 329	Review batch 329	/reports/2026/customer-329/result.tsv	sql,report	\N	Routine result 329 for the reporting dashboard
330	Customer 330	Africa	Failed	2026-09-22	2026-10-22	569.17	EUR	Kai	customer330@example.test	SELECT * FROM results WHERE id = 330	Review batch 330	/reports/2026/customer-330/result.tsv	sql,report	5	Routine result 330 for the reporting dashboard
331	Customer 331	Europe	New	2026-09-23	2026-10-23	570.90	EUR	Ada	customer331@example.test	SELECT * FROM results WHERE id = 331	Review batch 331	/reports/2026/customer-331/result.tsv	sql\tpriority	1	Routine result 331 for the reporting dashboard
332	Customer 332	North America	Queued	2026-09-24	2026-10-24	572.63	EUR	Lin	customer332@example.test	SELECT * FROM results WHERE id = 332	Review batch 332	/reports/2026/customer-332/result.tsv	sql,report	2	Routine result 332 for the reporting dashboard
333	Customer 333	Asia Pacific	Running	2026-09-25	2026-10-25	574.36	EUR	Sam	customer333@example.test	SELECT * FROM results WHERE id = 333	Review batch 333	/reports/2026/customer-333/result.tsv	sql,report	3	Routine result 333 for the reporting dashboard
334	Customer 334	South America	Complete	2026-09-26	2026-10-26	576.09	EUR	Éva	customer334@example.test	SELECT * FROM results WHERE id = 334	First line for record 334\nSecond line with a tab\tand more detail	/reports/2026/customer-334/result.tsv	sql,report	4	Routine result 334 for the reporting dashboard
335	Customer 335	Africa	Failed	2026-09-27	2026-10-27	577.82	EUR	Noor	customer335@example.test	SELECT * FROM results WHERE id = 335	Review batch 335	/reports/2026/customer-335/result.tsv	sql,report	5	Routine result 335 for the reporting dashboard
336	Customer 336	Europe	New	2026-09-28	2026-10-28	579.55	EUR	Kai	customer336@example.test	SELECT * FROM results WHERE id = 336	Review batch 336	/reports/2026/customer-336/result.tsv	sql,report	1	Routine result 336 for the reporting dashboard
337	Customer 337	North America	Queued	2026-09-01	2026-10-01	581.28	EUR	Ada	customer337@example.test	SELECT * FROM results WHERE id = 337	Review batch 337	/reports/2026/customer-337/result.tsv	sql,report	2	Routine result 337 for the reporting dashboard
338	Customer 338	Asia Pacific	Running	2026-09-02	2026-10-02	583.01	EUR	Lin	customer338@example.test	SELECT * FROM results WHERE id = 338	Review batch 338	/reports/2026/customer-338/result.tsv	sql,report	3	Routine result 338 for the reporting dashboard
339	Customer 339	South America	Complete	2026-09-03	2026-10-03	584.74	EUR	Sam	customer339@example.test	SELECT * FROM results WHERE id = 339	Review batch 339	/reports/2026/customer-339/result.tsv	sql,report	4	Routine result 339 for the reporting dashboard
340	Customer 340	Africa	Failed	2026-09-04	2026-10-04	586.47	EUR	Éva	customer340@example.test	SELECT customer_id, SUM(amount) FROM invoice_items WHERE customer_id = 340 GROUP BY customer_id ORDER BY SUM(amount) DESC	Review batch 340	/reports/2026/customer-340/result.tsv	sql,report	5	Routine result 340 for the reporting dashboard
341	Customer 341	Europe	New	2026-09-05	2026-10-05	588.20	EUR	Noor	customer341@example.test	SELECT * FROM results WHERE id = 341	Review batch 341	/reports/2026/customer-341/result.tsv	sql,report	1	Routine result 341 for the reporting dashboard
342	Customer 342	North America	Queued	2026-09-06	2026-10-06	589.93	EUR	Kai	customer342@example.test	SELECT * FROM results WHERE id = 342	Review batch 342	/reports/2026/customer-342/result.tsv	sql\tpriority	2	Routine result 342 for the reporting dashboard
343	Customer 343	Asia Pacific	Running	2026-09-07	2026-10-07	591.66	EUR	Ada	customer343@example.test	SELECT * FROM results WHERE id = 343	Review batch 343	/reports/2026/customer-343/result.tsv	sql,report	3	Routine result 343 for the reporting dashboard
344	Customer 344	South America	Complete	2026-09-08	2026-10-08	593.39	EUR	Lin	customer344@example.test	SELECT * FROM results WHERE id = 344	Review batch 344	/reports/2026/customer-344/result.tsv	sql,report	4	Routine result 344 for the reporting dashboard
345	Customer 345	Africa	Failed	2026-09-09	2026-10-09	595.12	EUR	Sam	customer345@example.test	SELECT * FROM results WHERE id = 345	Review batch 345	/reports/2026/customer-345/result.tsv	sql,report	5	Routine result 345 for the reporting dashboard
346	Customer 346	Europe	New	2026-09-10	2026-10-10	596.85	EUR	Éva	customer346@example.test	SELECT * FROM results WHERE id = 346	Review batch 346	/reports/2026/customer-346/result.tsv	sql,report	1	Routine result 346 for the reporting dashboard
347	Customer 347	North America	Queued	2026-09-11	2026-10-11	598.58	EUR	Noor	customer347@example.test	SELECT * FROM results WHERE id = 347	Review batch 347	/reports/2026/customer-347/result.tsv	sql,report	2	Routine result 347 for the reporting dashboard
348	Customer 348	Asia Pacific	Running	2026-09-12	2026-10-12	600.31	EUR	Kai	customer348@example.test	SELECT * FROM results WHERE id = 348	Review batch 348	/reports/2026/customer-348/result.tsv	sql,report	3	Routine result 348 for the reporting dashboard
349	Customer 349	South America	Complete	2026-09-13	2026-10-13	602.04	EUR	Ada	customer349@example.test	SELECT * FROM results WHERE id = 349	Review batch 349	/reports/2026/customer-349/result.tsv	sql,report	4	Routine result 349 for the reporting dashboard
350	Customer 350	Africa	Failed	2026-09-14	2026-10-14	603.77	EUR	Lin	customer350@example.test	SELECT * FROM results WHERE id = 350	Review batch 350	/reports/2026/customer-350/result.tsv	sql,report	5	Routine result 350 for the reporting dashboard
351	Customer 351	Europe	New	2026-09-15	2026-10-15	605.50	EUR	Sam	customer351@example.test	SELECT * FROM results WHERE id = 351	Review batch 351	/reports/2026/customer-351/result.tsv	sql,report	1	Routine result 351 for the reporting dashboard
352	Customer 352	North America	Queued	2026-09-16	2026-10-16	607.23	EUR	Éva	customer352@example.test	SELECT * FROM results WHERE id = 352	Review batch 352	/reports/2026/customer-352/result.tsv	sql,report	2	Routine result 352 for the reporting dashboard
353	Customer 353	Asia Pacific	Running	2026-09-17	2026-10-17	608.96	EUR	Noor	customer353@example.test	SELECT * FROM results WHERE id = 353	Review batch 353	/reports/2026/customer-353/result.tsv	sql\tpriority	3	Routine result 353 for the reporting dashboard
354	Customer 354	South America	Complete	2026-09-18	2026-10-18	610.69	EUR	Kai	customer354@example.test	SELECT * FROM results WHERE id = 354	Review batch 354	/reports/2026/customer-354/result.tsv	sql,report	4	Routine result 354 for the reporting dashboard
355	Customer 355	Africa	Failed	2026-09-19	2026-10-19	612.42	EUR	Ada	customer355@example.test	SELECT * FROM results WHERE id = 355	Review batch 355	/reports/2026/customer-355/result.tsv	sql,report	5	Routine result 355 for the reporting dashboard
356	Customer 356	Europe	New	2026-09-20	2026-10-20	614.15	EUR	Lin	customer356@example.test	SELECT * FROM results WHERE id = 356	Review batch 356	/reports/2026/customer-356/result.tsv	sql,report	1	Routine result 356 for the reporting dashboard
357	Customer 357	North America	Queued	2026-09-21	2026-10-21	615.88	EUR	Sam	customer357@example.test	SELECT * FROM results WHERE id = 357	Review batch 357	/reports/2026/customer-357/result.tsv	sql,report	2	Routine result 357 for the reporting dashboard
358	Customer 358	Asia Pacific	Running	2026-09-22	2026-10-22	617.61	EUR	Éva	customer358@example.test	SELECT * FROM results WHERE id = 358	Review batch 358	/reports/2026/customer-358/result.tsv	sql,report	3	Routine result 358 for the reporting dashboard
359	Customer 359	South America	Complete	2026-09-23	2026-10-23	619.34	EUR	Noor	customer359@example.test	SELECT * FROM results WHERE id = 359	Review batch 359	/reports/2026/customer-359/result.tsv	sql,report	4	Routine result 359 for the reporting dashboard
360	Customer 360	Africa	Failed	2026-09-24	2026-10-24	621.07	EUR	Kai	customer360@example.test	SELECT * FROM results WHERE id = 360	Review batch 360	/reports/2026/customer-360/result.tsv	sql,report	5	Routine result 360 for the reporting dashboard
361	Customer 361	Europe	New	2026-09-25	2026-10-25	622.80	EUR	Ada	customer361@example.test	SELECT * FROM results WHERE id = 361	Review batch 361	/reports/2026/customer-361/result.tsv	sql,report	1	Routine result 361 for the reporting dashboard
362	Customer 362	North America	Queued	2026-09-26	2026-10-26	624.53	EUR	Lin	customer362@example.test	SELECT * FROM results WHERE id = 362	Review batch 362	/reports/2026/customer-362/result.tsv	sql,report	2	Routine result 362 for the reporting dashboard
363	Customer 363	Asia Pacific	Running	2026-09-27	2026-10-27	626.26	EUR	Sam	customer363@example.test	SELECT * FROM results WHERE id = 363	Review batch 363	/reports/2026/customer-363/result.tsv	sql,report	3	Routine result 363 for the reporting dashboard
364	Customer 364	South America	Complete	2026-09-28	2026-10-28	627.99	EUR	Éva	customer364@example.test	SELECT * FROM results WHERE id = 364	Review batch 364	/reports/2026/customer-364/result.tsv	sql\tpriority	4	Routine result 364 for the reporting dashboard
365	Customer 365	Africa	Failed	2026-09-01	2026-10-01	629.72	EUR	Noor	customer365@example.test	SELECT * FROM results WHERE id = 365	Review batch 365	/reports/2026/customer-365/result.tsv	sql,report	5	Routine result 365 for the reporting dashboard
366	Customer 366	Europe	New	2026-09-02	2026-10-02	631.45	EUR	Kai	customer366@example.test	SELECT * FROM results WHERE id = 366	Review batch 366	/reports/2026/customer-366/result.tsv	sql,report	1	Routine result 366 for the reporting dashboard
367	Customer 367	North America	Queued	2026-09-03	2026-10-03	633.18	EUR	Ada	customer367@example.test	SELECT * FROM results WHERE id = 367	Review batch 367	/reports/2026/customer-367/result.tsv	sql,report	2	Routine result 367 for the reporting dashboard
368	Customer 368	Asia Pacific	Running	2026-09-04	2026-10-04	634.91	EUR	Lin	customer368@example.test	SELECT * FROM results WHERE id = 368	Review batch 368	/reports/2026/customer-368/result.tsv	sql,report	3	Routine result 368 for the reporting dashboard
369	Customer 369	South America	Complete	2026-09-05	2026-10-05	636.64	EUR	Sam	customer369@example.test	SELECT * FROM results WHERE id = 369	Review batch 369	/reports/2026/customer-369/result.tsv	sql,report	4	Routine result 369 for the reporting dashboard
370	Customer 370	Africa	Failed	2026-09-06	2026-10-06	638.37	EUR	Éva	customer370@example.test	SELECT * FROM results WHERE id = 370	Review batch 370	/reports/2026/customer-370/result.tsv	sql,report	\N	Routine result 370 for the reporting dashboard
371	Customer 371	Europe	New	2026-09-07	2026-10-07	640.10	EUR	Noor	customer371@example.test	SELECT * FROM results WHERE id = 371	First line for record 371\nSecond line with a tab\tand more detail	/reports/2026/customer-371/result.tsv	sql,report	1	Routine result 371 for the reporting dashboard
372	Customer 372	North America	Queued	2026-09-08	2026-10-08	641.83	EUR	Kai	customer372@example.test	SELECT * FROM results WHERE id = 372	Review batch 372	/reports/2026/customer-372/result.tsv	sql,report	2	Routine result 372 for the reporting dashboard
373	Customer 373	Asia Pacific	Running	2026-09-09	2026-10-09	643.56	EUR	Ada	customer373@example.test	SELECT * FROM results WHERE id = 373	Review batch 373	/reports/2026/customer-373/result.tsv	sql,report	3	Routine result 373 for the reporting dashboard
374	Customer 374	South America	Complete	2026-09-10	2026-10-10	645.29	EUR	Lin	customer374@example.test	SELECT * FROM results WHERE id = 374	Review batch 374	/reports/2026/customer-374/result.tsv	sql,report	4	Routine result 374 for the reporting dashboard
375	Customer 375	Africa	Failed	2026-09-11	2026-10-11	647.02	EUR	Sam	customer375@example.test	SELECT * FROM results WHERE id = 375	Review batch 375	/reports/2026/customer-375/result.tsv	sql\tpriority	5	Routine result 375 for the reporting dashboard
376	Customer 376	Europe	New	2026-09-12	2026-10-12	648.75	EUR	Éva	customer376@example.test	SELECT * FROM results WHERE id = 376	Review batch 376	/reports/2026/customer-376/result.tsv	sql,report	1	Routine result 376 for the reporting dashboard
377	Customer 377	North America	Queued	2026-09-13	2026-10-13	650.48	EUR	Noor	customer377@example.test	SELECT * FROM results WHERE id = 377	Review batch 377	/reports/2026/customer-377/result.tsv	sql,report	2	Routine result 377 for the reporting dashboard
378	Customer 378	Asia Pacific	Running	2026-09-14	2026-10-14	652.21	EUR	Kai	customer378@example.test	SELECT * FROM results WHERE id = 378	Review batch 378	/reports/2026/customer-378/result.tsv	sql,report	3	Routine result 378 for the reporting dashboard
379	Customer 379	South America	Complete	2026-09-15	2026-10-15	653.94	EUR	Ada	customer379@example.test	SELECT * FROM results WHERE id = 379	Review batch 379	/reports/2026/customer-379/result.tsv	sql,report	4	Routine result 379 for the reporting dashboard
380	Customer 380	Africa	Failed	2026-09-16	2026-10-16	655.67	EUR	Lin	customer380@example.test	SELECT * FROM results WHERE id = 380	Review batch 380	/reports/2026/customer-380/result.tsv	sql,report	5	Routine result 380 for the reporting dashboard
381	Customer 381	Europe	New	2026-09-17	2026-10-17	657.40	EUR	Sam	customer381@example.test	SELECT * FROM results WHERE id = 381	Review batch 381	/reports/2026/customer-381/result.tsv	sql,report	1	Routine result 381 for the reporting dashboard
382	Customer 382	North America	Queued	2026-09-18	2026-10-18	659.13	EUR	Éva	customer382@example.test	SELECT * FROM results WHERE id = 382	Review batch 382	/reports/2026/customer-382/result.tsv	sql,report	2	Routine result 382 for the reporting dashboard
383	Customer 383	Asia Pacific	Running	2026-09-19	2026-10-19	660.86	EUR	Noor	customer383@example.test	SELECT * FROM results WHERE id = 383	Review batch 383	/reports/2026/customer-383/result.tsv	sql,report	3	Routine result 383 for the reporting dashboard
384	Customer 384	South America	Complete	2026-09-20	2026-10-20	662.59	EUR	Kai	customer384@example.test	SELECT * FROM results WHERE id = 384	Review batch 384	/reports/2026/customer-384/result.tsv	sql,report	4	Routine result 384 for the reporting dashboard
385	Customer 385	Africa	Failed	2026-09-21	2026-10-21	664.32	EUR	Ada	customer385@example.test	SELECT * FROM results WHERE id = 385	Review batch 385	/reports/2026/customer-385/result.tsv	sql,report	5	Routine result 385 for the reporting dashboard
386	Customer 386	Europe	New	2026-09-22	2026-10-22	666.05	EUR	Lin	customer386@example.test	SELECT * FROM results WHERE id = 386	Review batch 386	/reports/2026/customer-386/result.tsv	sql\tpriority	1	Routine result 386 for the reporting dashboard
387	Customer 387	North America	Queued	2026-09-23	2026-10-23	667.78	EUR	Sam	customer387@example.test	SELECT * FROM results WHERE id = 387	Review batch 387	/reports/2026/customer-387/result.tsv	sql,report	2	Routine result 387 for the reporting dashboard
388	Customer 388	Asia Pacific	Running	2026-09-24	2026-10-24	669.51	EUR	Éva	customer388@example.test	SELECT * FROM results WHERE id = 388	Review batch 388	/reports/2026/customer-388/result.tsv	sql,report	3	Routine result 388 for the reporting dashboard
389	Customer 389	South America	Complete	2026-09-25	2026-10-25	671.24	EUR	Noor	customer389@example.test	SELECT * FROM results WHERE id = 389	Review batch 389	/reports/2026/customer-389/result.tsv	sql,report	4	A deliberately long description for record 389: this value crosses the normal column width and tests horizontal scrolling and field truncation in the table widget.
390	Customer 390	Africa	Failed	2026-09-26	2026-10-26	672.97	EUR	Kai	customer390@example.test	SELECT * FROM results WHERE id = 390	Review batch 390	/reports/2026/customer-390/result.tsv	sql,report	5	Routine result 390 for the reporting dashboard
391	Customer 391	Europe	New	2026-09-27	2026-10-27	674.70	EUR	Ada	customer391@example.test	SELECT * FROM results WHERE id = 391	Review batch 391	/reports/2026/customer-391/result.tsv	sql,report	1	Routine result 391 for the reporting dashboard
392	Customer 392	North America	Queued	2026-09-28	2026-10-28	676.43	EUR	Lin	customer392@example.test	SELECT * FROM results WHERE id = 392	Review batch 392	/reports/2026/customer-392/result.tsv	sql,report	2	Routine result 392 for the reporting dashboard
393	Customer 393	Asia Pacific	Running	2026-09-01	2026-10-01	678.16	EUR	Sam	customer393@example.test	SELECT * FROM results WHERE id = 393	Review batch 393	/reports/2026/customer-393/result.tsv	sql,report	3	Routine result 393 for the reporting dashboard
394	Customer 394	South America	Complete	2026-09-02	2026-10-02	679.89	EUR	Éva	customer394@example.test	SELECT * FROM results WHERE id = 394	Review batch 394	/reports/2026/customer-394/result.tsv	sql,report	4	Routine result 394 for the reporting dashboard
395	Customer 395	Africa	Failed	2026-09-03	2026-10-03	681.62	EUR	Noor	customer395@example.test	SELECT * FROM results WHERE id = 395	Review batch 395	/reports/2026/customer-395/result.tsv	sql,report	5	Routine result 395 for the reporting dashboard
396	Customer 396	Europe	New	2026-09-04	2026-10-04	683.35	EUR	Kai	customer396@example.test	SELECT * FROM results WHERE id = 396	Review batch 396	/reports/2026/customer-396/result.tsv	sql,report	1	Routine result 396 for the reporting dashboard
397	Customer 397	North America	Queued	2026-09-05	2026-10-05	685.08	EUR	Ada	customer397@example.test	SELECT * FROM results WHERE id = 397	Review batch 397	/reports/2026/customer-397/result.tsv	sql\tpriority	2	Routine result 397 for the reporting dashboard
398	Customer 398	Asia Pacific	Running	2026-09-06	2026-10-06	686.81	EUR	Lin	customer398@example.test	SELECT * FROM results WHERE id = 398	Review batch 398	/reports/2026/customer-398/result.tsv	sql,report	3	Routine result 398 for the reporting dashboard
399	Customer 399	South America	Complete	2026-09-07	2026-10-07	688.54	EUR	Sam	customer399@example.test	SELECT * FROM results WHERE id = 399	Review batch 399	/reports/2026/customer-399/result.tsv	sql,report	4	Routine result 399 for the reporting dashboard
400	Customer 400	Africa	Failed	2026-09-08	2026-10-08	690.27	EUR	Éva	customer400@example.test	SELECT * FROM results WHERE id = 400	Review batch 400	/reports/2026/customer-400/result.tsv	sql,report	5	Routine result 400 for the reporting dashboard
401	Customer 401	Europe	New	2026-09-09	2026-10-09	692.00	EUR	Noor	customer401@example.test	SELECT * FROM results WHERE id = 401	Review batch 401	/reports/2026/customer-401/result.tsv	sql,report	1	Routine result 401 for the reporting dashboard
402	Customer 402	North America	Queued	2026-09-10	2026-10-10	693.73	EUR	Kai	customer402@example.test	SELECT * FROM results WHERE id = 402	Review batch 402	/reports/2026/customer-402/result.tsv	sql,report	2	Routine result 402 for the reporting dashboard
403	Customer 403	Asia Pacific	Running	2026-09-11	2026-10-11	695.46	EUR	Ada	customer403@example.test	SELECT * FROM results WHERE id = 403	Review batch 403	/reports/2026/customer-403/result.tsv	sql,report	3	Routine result 403 for the reporting dashboard
404	Customer 404	South America	Complete	2026-09-12	2026-10-12	697.19	EUR	Lin	customer404@example.test	SELECT * FROM results WHERE id = 404	Review batch 404	/reports/2026/customer-404/result.tsv	sql,report	4	Routine result 404 for the reporting dashboard
405	Customer 405	Africa	Failed	2026-09-13	2026-10-13	698.92	EUR	Sam	customer405@example.test	SELECT * FROM results WHERE id = 405	Review batch 405	/reports/2026/customer-405/result.tsv	sql,report	5	Routine result 405 for the reporting dashboard
406	Customer 406	Europe	New	2026-09-14	2026-10-14	700.65	EUR	Éva	customer406@example.test	SELECT * FROM results WHERE id = 406	Review batch 406	/reports/2026/customer-406/result.tsv	sql,report	1	Routine result 406 for the reporting dashboard
407	Customer 407	North America	Queued	2026-09-15	2026-10-15	702.38	EUR	Noor	customer407@example.test	SELECT * FROM results WHERE id = 407	Review batch 407	/reports/2026/customer-407/result.tsv	sql,report	2	Routine result 407 for the reporting dashboard
408	Customer 408	Asia Pacific	Running	2026-09-16	2026-10-16	704.11	EUR	Kai	customer408@example.test	SELECT * FROM results WHERE id = 408	First line for record 408\nSecond line with a tab\tand more detail	/reports/2026/customer-408/result.tsv	sql\tpriority	3	Routine result 408 for the reporting dashboard
409	Customer 409	South America	Complete	2026-09-17	2026-10-17	705.84	EUR	Ada	customer409@example.test	SELECT * FROM results WHERE id = 409	Review batch 409	/reports/2026/customer-409/result.tsv	sql,report	4	Routine result 409 for the reporting dashboard
410	Customer 410	Africa	Failed	2026-09-18	2026-10-18	707.57	EUR	Lin	customer410@example.test	SELECT * FROM results WHERE id = 410	Review batch 410	/reports/2026/customer-410/result.tsv	sql,report	5	Routine result 410 for the reporting dashboard
411	Customer 411	Europe	New	2026-09-19	2026-10-19	709.30	EUR	Sam	customer411@example.test	SELECT * FROM results WHERE id = 411	Review batch 411	/reports/2026/customer-411/result.tsv	sql,report	\N	Routine result 411 for the reporting dashboard
412	Customer 412	North America	Queued	2026-09-20	2026-10-20	711.03	EUR	Éva	customer412@example.test	SELECT * FROM results WHERE id = 412	Review batch 412	/reports/2026/customer-412/result.tsv	sql,report	2	Routine result 412 for the reporting dashboard
413	Customer 413	Asia Pacific	Running	2026-09-21	2026-10-21	712.76	EUR	Noor	customer413@example.test	SELECT * FROM results WHERE id = 413	Review batch 413	/reports/2026/customer-413/result.tsv	sql,report	3	Routine result 413 for the reporting dashboard
414	Customer 414	South America	Complete	2026-09-22	2026-10-22	714.49	EUR	Kai	customer414@example.test	SELECT * FROM results WHERE id = 414	Review batch 414	/reports/2026/customer-414/result.tsv	sql,report	4	Routine result 414 for the reporting dashboard
415	Customer 415	Africa	Failed	2026-09-23	2026-10-23	716.22	EUR	Ada	customer415@example.test	SELECT * FROM results WHERE id = 415	Review batch 415	/reports/2026/customer-415/result.tsv	sql,report	5	Routine result 415 for the reporting dashboard
416	Customer 416	Europe	New	2026-09-24	2026-10-24	717.95	EUR	Lin	customer416@example.test	SELECT * FROM results WHERE id = 416	Review batch 416	/reports/2026/customer-416/result.tsv	sql,report	1	Routine result 416 for the reporting dashboard
417	Customer 417	North America	Queued	2026-09-25	2026-10-25	719.68	EUR	Sam	customer417@example.test	SELECT * FROM results WHERE id = 417	Review batch 417	/reports/2026/customer-417/result.tsv	sql,report	2	Routine result 417 for the reporting dashboard
418	Customer 418	Asia Pacific	Running	2026-09-26	2026-10-26	721.41	EUR	Éva	customer418@example.test	SELECT * FROM results WHERE id = 418	Review batch 418	/reports/2026/customer-418/result.tsv	sql,report	3	Routine result 418 for the reporting dashboard
419	Customer 419	South America	Complete	2026-09-27	2026-10-27	723.14	EUR	Noor	customer419@example.test	SELECT * FROM results WHERE id = 419	Review batch 419	/reports/2026/customer-419/result.tsv	sql\tpriority	4	Routine result 419 for the reporting dashboard
420	Customer 420	Africa	Failed	2026-09-28	2026-10-28	724.87	EUR	Kai	customer420@example.test	SELECT * FROM results WHERE id = 420	Review batch 420	/reports/2026/customer-420/result.tsv	sql,report	5	Routine result 420 for the reporting dashboard
421	Customer 421	Europe	New	2026-09-01	2026-10-01	726.60	EUR	Ada	customer421@example.test	SELECT * FROM results WHERE id = 421	Review batch 421	/reports/2026/customer-421/result.tsv	sql,report	1	Routine result 421 for the reporting dashboard
422	Customer 422	North America	Queued	2026-09-02	2026-10-02	728.33	EUR	Lin	customer422@example.test	SELECT * FROM results WHERE id = 422	Review batch 422	/reports/2026/customer-422/result.tsv	sql,report	2	Routine result 422 for the reporting dashboard
423	Customer 423	Asia Pacific	Running	2026-09-03	2026-10-03	730.06	EUR	Sam	customer423@example.test	SELECT * FROM results WHERE id = 423	Review batch 423	/reports/2026/customer-423/result.tsv	sql,report	3	Routine result 423 for the reporting dashboard
424	Customer 424	South America	Complete	2026-09-04	2026-10-04	731.79	EUR	Éva	customer424@example.test	SELECT * FROM results WHERE id = 424	Review batch 424	/reports/2026/customer-424/result.tsv	sql,report	4	Routine result 424 for the reporting dashboard
425	Customer 425	Africa	Failed	2026-09-05	2026-10-05	733.52	EUR	Noor	customer425@example.test	SELECT * FROM results WHERE id = 425	Review batch 425	/reports/2026/customer-425/result.tsv	sql,report	5	Routine result 425 for the reporting dashboard
426	Customer 426	Europe	New	2026-09-06	2026-10-06	735.25	EUR	Kai	customer426@example.test	SELECT * FROM results WHERE id = 426	Review batch 426	/reports/2026/customer-426/result.tsv	sql,report	1	Routine result 426 for the reporting dashboard
427	Customer 427	North America	Queued	2026-09-07	2026-10-07	736.98	EUR	Ada	customer427@example.test	SELECT * FROM results WHERE id = 427	Review batch 427	/reports/2026/customer-427/result.tsv	sql,report	2	Routine result 427 for the reporting dashboard
428	Customer 428	Asia Pacific	Running	2026-09-08	2026-10-08	738.71	EUR	Lin	customer428@example.test	SELECT * FROM results WHERE id = 428	Review batch 428	/reports/2026/customer-428/result.tsv	sql,report	3	Routine result 428 for the reporting dashboard
429	Customer 429	South America	Complete	2026-09-09	2026-10-09	740.44	EUR	Sam	customer429@example.test	SELECT * FROM results WHERE id = 429	Review batch 429	/reports/2026/customer-429/result.tsv	sql,report	4	Routine result 429 for the reporting dashboard
430	Customer 430	Africa	Failed	2026-09-10	2026-10-10	742.17	EUR	Éva	customer430@example.test	SELECT * FROM results WHERE id = 430	Review batch 430	/reports/2026/customer-430/result.tsv	sql\tpriority	5	Routine result 430 for the reporting dashboard
431	Customer 431	Europe	New	2026-09-11	2026-10-11	743.90	EUR	Noor	customer431@example.test	SELECT * FROM results WHERE id = 431	Review batch 431	/reports/2026/customer-431/result.tsv	sql,report	1	Routine result 431 for the reporting dashboard
432	Customer 432	North America	Queued	2026-09-12	2026-10-12	745.63	EUR	Kai	customer432@example.test	SELECT * FROM results WHERE id = 432	Review batch 432	/reports/2026/customer-432/result.tsv	sql,report	2	Routine result 432 for the reporting dashboard
433	Customer 433	Asia Pacific	Running	2026-09-13	2026-10-13	747.36	EUR	Ada	customer433@example.test	SELECT * FROM results WHERE id = 433	Review batch 433	/reports/2026/customer-433/result.tsv	sql,report	3	Routine result 433 for the reporting dashboard
434	Customer 434	South America	Complete	2026-09-14	2026-10-14	749.09	EUR	Lin	customer434@example.test	SELECT * FROM results WHERE id = 434	Review batch 434	/reports/2026/customer-434/result.tsv	sql,report	4	Routine result 434 for the reporting dashboard
435	Customer 435	Africa	Failed	2026-09-15	2026-10-15	750.82	EUR	Sam	customer435@example.test	SELECT * FROM results WHERE id = 435	Review batch 435	/reports/2026/customer-435/result.tsv	sql,report	5	Routine result 435 for the reporting dashboard
436	Customer 436	Europe	New	2026-09-16	2026-10-16	752.55	EUR	Éva	customer436@example.test	SELECT * FROM results WHERE id = 436	Review batch 436	/reports/2026/customer-436/result.tsv	sql,report	1	Routine result 436 for the reporting dashboard
437	Customer 437	North America	Queued	2026-09-17	2026-10-17	754.28	EUR	Noor	customer437@example.test	SELECT * FROM results WHERE id = 437	Review batch 437	/reports/2026/customer-437/result.tsv	sql,report	2	Routine result 437 for the reporting dashboard
438	Customer 438	Asia Pacific	Running	2026-09-18	2026-10-18	756.01	EUR	Kai	customer438@example.test	SELECT * FROM results WHERE id = 438	Review batch 438	/reports/2026/customer-438/result.tsv	sql,report	3	Routine result 438 for the reporting dashboard
439	Customer 439	South America	Complete	2026-09-19	2026-10-19	757.74	EUR	Ada	customer439@example.test	SELECT * FROM results WHERE id = 439	Review batch 439	/reports/2026/customer-439/result.tsv	sql,report	4	Routine result 439 for the reporting dashboard
440	Customer 440	Africa	Failed	2026-09-20	2026-10-20	759.47	EUR	Lin	customer440@example.test	SELECT * FROM results WHERE id = 440	Review batch 440	/reports/2026/customer-440/result.tsv	sql,report	5	Routine result 440 for the reporting dashboard
441	Customer 441	Europe	New	2026-09-21	2026-10-21	761.20	EUR	Sam	customer441@example.test	SELECT * FROM results WHERE id = 441	Review batch 441	/reports/2026/customer-441/result.tsv	sql\tpriority	1	Routine result 441 for the reporting dashboard
442	Customer 442	North America	Queued	2026-09-22	2026-10-22	762.93	EUR	Éva	customer442@example.test	SELECT * FROM results WHERE id = 442	Review batch 442	/reports/2026/customer-442/result.tsv	sql,report	2	Routine result 442 for the reporting dashboard
443	Customer 443	Asia Pacific	Running	2026-09-23	2026-10-23	764.66	EUR	Noor	customer443@example.test	SELECT * FROM results WHERE id = 443	Review batch 443	/reports/2026/customer-443/result.tsv	sql,report	3	Routine result 443 for the reporting dashboard
444	Customer 444	South America	Complete	2026-09-24	2026-10-24	766.39	EUR	Kai	customer444@example.test	SELECT * FROM results WHERE id = 444	Review batch 444	/reports/2026/customer-444/result.tsv	sql,report	4	Routine result 444 for the reporting dashboard
445	Customer 445	Africa	Failed	2026-09-25	2026-10-25	768.12	EUR	Ada	customer445@example.test	SELECT * FROM results WHERE id = 445	First line for record 445\nSecond line with a tab\tand more detail	/reports/2026/customer-445/result.tsv	sql,report	5	Routine result 445 for the reporting dashboard
446	Customer 446	Europe	New	2026-09-26	2026-10-26	769.85	EUR	Lin	customer446@example.test	SELECT * FROM results WHERE id = 446	Review batch 446	/reports/2026/customer-446/result.tsv	sql,report	1	Routine result 446 for the reporting dashboard
447	Customer 447	North America	Queued	2026-09-27	2026-10-27	771.58	EUR	Sam	customer447@example.test	SELECT * FROM results WHERE id = 447	Review batch 447	/reports/2026/customer-447/result.tsv	sql,report	2	Routine result 447 for the reporting dashboard
448	Customer 448	Asia Pacific	Running	2026-09-28	2026-10-28	773.31	EUR	Éva	customer448@example.test	SELECT * FROM results WHERE id = 448	Review batch 448	/reports/2026/customer-448/result.tsv	sql,report	3	Routine result 448 for the reporting dashboard
449	Customer 449	South America	Complete	2026-09-01	2026-10-01	775.04	EUR	Noor	customer449@example.test	SELECT * FROM results WHERE id = 449	Review batch 449	/reports/2026/customer-449/result.tsv	sql,report	4	Routine result 449 for the reporting dashboard
450	Customer 450	Africa	Failed	2026-09-02	2026-10-02	776.77	EUR	Kai	customer450@example.test	SELECT * FROM results WHERE id = 450	Review batch 450	/reports/2026/customer-450/result.tsv	sql,report	5	Routine result 450 for the reporting dashboard
451	Customer 451	Europe	New	2026-09-03	2026-10-03	778.50	EUR	Ada	customer451@example.test	SELECT * FROM results WHERE id = 451	Review batch 451	/reports/2026/customer-451/result.tsv	sql,report	1	Routine result 451 for the reporting dashboard
452	Customer 452	North America	Queued	2026-09-04	2026-10-04	780.23	EUR	Lin	customer452@example.test	SELECT * FROM results WHERE id = 452	Review batch 452	/reports/2026/customer-452/result.tsv	sql\tpriority	\N	Routine result 452 for the reporting dashboard
453	Customer 453	Asia Pacific	Running	2026-09-05	2026-10-05	781.96	EUR	Sam	customer453@example.test	SELECT customer_id, SUM(amount) FROM invoice_items WHERE customer_id = 453 GROUP BY customer_id ORDER BY SUM(amount) DESC	Review batch 453	/reports/2026/customer-453/result.tsv	sql,report	3	Routine result 453 for the reporting dashboard
454	Customer 454	South America	Complete	2026-09-06	2026-10-06	783.69	EUR	Éva	customer454@example.test	SELECT * FROM results WHERE id = 454	Review batch 454	/reports/2026/customer-454/result.tsv	sql,report	4	Routine result 454 for the reporting dashboard
455	Customer 455	Africa	Failed	2026-09-07	2026-10-07	785.42	EUR	Noor	customer455@example.test	SELECT * FROM results WHERE id = 455	Review batch 455	/reports/2026/customer-455/result.tsv	sql,report	5	Routine result 455 for the reporting dashboard
456	Customer 456	Europe	New	2026-09-08	2026-10-08	787.15	EUR	Kai	customer456@example.test	SELECT * FROM results WHERE id = 456	Review batch 456	/reports/2026/customer-456/result.tsv	sql,report	1	Routine result 456 for the reporting dashboard
457	Customer 457	North America	Queued	2026-09-09	2026-10-09	788.88	EUR	Ada	customer457@example.test	SELECT * FROM results WHERE id = 457	Review batch 457	/reports/2026/customer-457/result.tsv	sql,report	2	Routine result 457 for the reporting dashboard
458	Customer 458	Asia Pacific	Running	2026-09-10	2026-10-10	790.61	EUR	Lin	customer458@example.test	SELECT * FROM results WHERE id = 458	Review batch 458	/reports/2026/customer-458/result.tsv	sql,report	3	Routine result 458 for the reporting dashboard
459	Customer 459	South America	Complete	2026-09-11	2026-10-11	792.34	EUR	Sam	customer459@example.test	SELECT * FROM results WHERE id = 459	Review batch 459	/reports/2026/customer-459/result.tsv	sql,report	4	Routine result 459 for the reporting dashboard
460	Customer 460	Africa	Failed	2026-09-12	2026-10-12	794.07	EUR	Éva	customer460@example.test	SELECT * FROM results WHERE id = 460	Review batch 460	/reports/2026/customer-460/result.tsv	sql,report	5	Routine result 460 for the reporting dashboard
461	Customer 461	Europe	New	2026-09-13	2026-10-13	795.80	EUR	Noor	customer461@example.test	SELECT * FROM results WHERE id = 461	Review batch 461	/reports/2026/customer-461/result.tsv	sql,report	1	Routine result 461 for the reporting dashboard
462	Customer 462	North America	Queued	2026-09-14	2026-10-14	797.53	EUR	Kai	customer462@example.test	SELECT * FROM results WHERE id = 462	Review batch 462	/reports/2026/customer-462/result.tsv	sql,report	2	Routine result 462 for the reporting dashboard
463	Customer 463	Asia Pacific	Running	2026-09-15	2026-10-15	799.26	EUR	Ada	customer463@example.test	SELECT * FROM results WHERE id = 463	Review batch 463	/reports/2026/customer-463/result.tsv	sql\tpriority	3	Routine result 463 for the reporting dashboard
464	Customer 464	South America	Complete	2026-09-16	2026-10-16	800.99	EUR	Lin	customer464@example.test	SELECT * FROM results WHERE id = 464	Review batch 464	/reports/2026/customer-464/result.tsv	sql,report	4	Routine result 464 for the reporting dashboard
465	Customer 465	Africa	Failed	2026-09-17	2026-10-17	802.72	EUR	Sam	customer465@example.test	SELECT * FROM results WHERE id = 465	Review batch 465	/reports/2026/customer-465/result.tsv	sql,report	5	Routine result 465 for the reporting dashboard
466	Customer 466	Europe	New	2026-09-18	2026-10-18	804.45	EUR	Éva	customer466@example.test	SELECT * FROM results WHERE id = 466	Review batch 466	/reports/2026/customer-466/result.tsv	sql,report	1	Routine result 466 for the reporting dashboard
467	Customer 467	North America	Queued	2026-09-19	2026-10-19	806.18	EUR	Noor	customer467@example.test	SELECT * FROM results WHERE id = 467	Review batch 467	/reports/2026/customer-467/result.tsv	sql,report	2	Routine result 467 for the reporting dashboard
468	Customer 468	Asia Pacific	Running	2026-09-20	2026-10-20	807.91	EUR	Kai	customer468@example.test	SELECT * FROM results WHERE id = 468	Review batch 468	/reports/2026/customer-468/result.tsv	sql,report	3	Routine result 468 for the reporting dashboard
469	Customer 469	South America	Complete	2026-09-21	2026-10-21	809.64	EUR	Ada	customer469@example.test	SELECT * FROM results WHERE id = 469	Review batch 469	/reports/2026/customer-469/result.tsv	sql,report	4	Routine result 469 for the reporting dashboard
470	Customer 470	Africa	Failed	2026-09-22	2026-10-22	811.37	EUR	Lin	customer470@example.test	SELECT * FROM results WHERE id = 470	Review batch 470	/reports/2026/customer-470/result.tsv	sql,report	5	Routine result 470 for the reporting dashboard
471	Customer 471	Europe	New	2026-09-23	2026-10-23	813.10	EUR	Sam	customer471@example.test	SELECT * FROM results WHERE id = 471	Review batch 471	/reports/2026/customer-471/result.tsv	sql,report	1	Routine result 471 for the reporting dashboard
472	Customer 472	North America	Queued	2026-09-24	2026-10-24	814.83	EUR	Éva	customer472@example.test	SELECT * FROM results WHERE id = 472	Review batch 472	/reports/2026/customer-472/result.tsv	sql,report	2	Routine result 472 for the reporting dashboard
473	Customer 473	Asia Pacific	Running	2026-09-25	2026-10-25	816.56	EUR	Noor	customer473@example.test	SELECT * FROM results WHERE id = 473	Review batch 473	/reports/2026/customer-473/result.tsv	sql,report	3	Routine result 473 for the reporting dashboard
474	Customer 474	South America	Complete	2026-09-26	2026-10-26	818.29	EUR	Kai	customer474@example.test	SELECT * FROM results WHERE id = 474	Review batch 474	/reports/2026/customer-474/result.tsv	sql\tpriority	4	Routine result 474 for the reporting dashboard
475	Customer 475	Africa	Failed	2026-09-27	2026-10-27	820.02	EUR	Ada	customer475@example.test	SELECT * FROM results WHERE id = 475	Review batch 475	/reports/2026/customer-475/result.tsv	sql,report	5	Routine result 475 for the reporting dashboard
476	Customer 476	Europe	New	2026-09-28	2026-10-28	821.75	EUR	Lin	customer476@example.test	SELECT * FROM results WHERE id = 476	Review batch 476	/reports/2026/customer-476/result.tsv	sql,report	1	Routine result 476 for the reporting dashboard
477	Customer 477	North America	Queued	2026-09-01	2026-10-01	823.48	EUR	Sam	customer477@example.test	SELECT * FROM results WHERE id = 477	Review batch 477	/reports/2026/customer-477/result.tsv	sql,report	2	Routine result 477 for the reporting dashboard
478	Customer 478	Asia Pacific	Running	2026-09-02	2026-10-02	825.21	EUR	Éva	customer478@example.test	SELECT * FROM results WHERE id = 478	Review batch 478	/reports/2026/customer-478/result.tsv	sql,report	3	Routine result 478 for the reporting dashboard
479	Customer 479	South America	Complete	2026-09-03	2026-10-03	826.94	EUR	Noor	customer479@example.test	SELECT * FROM results WHERE id = 479	Review batch 479	/reports/2026/customer-479/result.tsv	sql,report	4	Routine result 479 for the reporting dashboard
480	Customer 480	Africa	Failed	2026-09-04	2026-10-04	828.67	EUR	Kai	customer480@example.test	SELECT * FROM results WHERE id = 480	Review batch 480	/reports/2026/customer-480/result.tsv	sql,report	5	Routine result 480 for the reporting dashboard
481	Customer 481	Europe	New	2026-09-05	2026-10-05	830.40	EUR	Ada	customer481@example.test	SELECT * FROM results WHERE id = 481	Review batch 481	/reports/2026/customer-481/result.tsv	sql,report	1	Routine result 481 for the reporting dashboard
482	Customer 482	North America	Queued	2026-09-06	2026-10-06	832.13	EUR	Lin	customer482@example.test	SELECT * FROM results WHERE id = 482	First line for record 482\nSecond line with a tab\tand more detail	/reports/2026/customer-482/result.tsv	sql,report	2	Routine result 482 for the reporting dashboard
483	Customer 483	Asia Pacific	Running	2026-09-07	2026-10-07	833.86	EUR	Sam	customer483@example.test	SELECT * FROM results WHERE id = 483	Review batch 483	/reports/2026/customer-483/result.tsv	sql,report	3	Routine result 483 for the reporting dashboard
484	Customer 484	South America	Complete	2026-09-08	2026-10-08	835.59	EUR	Éva	customer484@example.test	SELECT * FROM results WHERE id = 484	Review batch 484	/reports/2026/customer-484/result.tsv	sql,report	4	Routine result 484 for the reporting dashboard
485	Customer 485	Africa	Failed	2026-09-09	2026-10-09	837.32	EUR	Noor	customer485@example.test	SELECT * FROM results WHERE id = 485	Review batch 485	/reports/2026/customer-485/result.tsv	sql\tpriority	5	Routine result 485 for the reporting dashboard
486	Customer 486	Europe	New	2026-09-10	2026-10-10	839.05	EUR	Kai	customer486@example.test	SELECT * FROM results WHERE id = 486	Review batch 486	/reports/2026/customer-486/result.tsv	sql,report	1	A deliberately long description for record 486: this value crosses the normal column width and tests horizontal scrolling and field truncation in the table widget.
487	Customer 487	North America	Queued	2026-09-11	2026-10-11	840.78	EUR	Ada	customer487@example.test	SELECT * FROM results WHERE id = 487	Review batch 487	/reports/2026/customer-487/result.tsv	sql,report	2	Routine result 487 for the reporting dashboard
488	Customer 488	Asia Pacific	Running	2026-09-12	2026-10-12	842.51	EUR	Lin	customer488@example.test	SELECT * FROM results WHERE id = 488	Review batch 488	/reports/2026/customer-488/result.tsv	sql,report	3	Routine result 488 for the reporting dashboard
489	Customer 489	South America	Complete	2026-09-13	2026-10-13	844.24	EUR	Sam	customer489@example.test	SELECT * FROM results WHERE id = 489	Review batch 489	/reports/2026/customer-489/result.tsv	sql,report	4	Routine result 489 for the reporting dashboard
490	Customer 490	Africa	Failed	2026-09-14	2026-10-14	845.97	EUR	Éva	customer490@example.test	SELECT * FROM results WHERE id = 490	Review batch 490	/reports/2026/customer-490/result.tsv	sql,report	5	Routine result 490 for the reporting dashboard
491	Customer 491	Europe	New	2026-09-15	2026-10-15	847.70	EUR	Noor	customer491@example.test	SELECT * FROM results WHERE id = 491	Review batch 491	/reports/2026/customer-491/result.tsv	sql,report	1	Routine result 491 for the reporting dashboard
492	Customer 492	North America	Queued	2026-09-16	2026-10-16	849.43	EUR	Kai	customer492@example.test	SELECT * FROM results WHERE id = 492	Review batch 492	/reports/2026/customer-492/result.tsv	sql,report	2	Routine result 492 for the reporting dashboard
493	Customer 493	Asia Pacific	Running	2026-09-17	2026-10-17	851.16	EUR	Ada	customer493@example.test	SELECT * FROM results WHERE id = 493	Review batch 493	/reports/2026/customer-493/result.tsv	sql,report	\N	Routine result 493 for the reporting dashboard
494	Customer 494	South America	Complete	2026-09-18	2026-10-18	852.89	EUR	Lin	customer494@example.test	SELECT * FROM results WHERE id = 494	Review batch 494	/reports/2026/customer-494/result.tsv	sql,report	4	Routine result 494 for the reporting dashboard
495	Customer 495	Africa	Failed	2026-09-19	2026-10-19	854.62	EUR	Sam	customer495@example.test	SELECT * FROM results WHERE id = 495	Review batch 495	/reports/2026/customer-495/result.tsv	sql,report	5	Routine result 495 for the reporting dashboard
496	Customer 496	Europe	New	2026-09-20	2026-10-20	856.35	EUR	Éva	customer496@example.test	SELECT * FROM results WHERE id = 496	Review batch 496	/reports/2026/customer-496/result.tsv	sql\tpriority	1	Routine result 496 for the reporting dashboard
497	Customer 497	North America	Queued	2026-09-21	2026-10-21	858.08	EUR	Noor	customer497@example.test	SELECT * FROM results WHERE id = 497	Review batch 497	/reports/2026/customer-497/result.tsv	sql,report	2	Routine result 497 for the reporting dashboard
498	Customer 498	Asia Pacific	Running	2026-09-22	2026-10-22	859.81	EUR	Kai	customer498@example.test	SELECT * FROM results WHERE id = 498	Review batch 498	/reports/2026/customer-498/result.tsv	sql,report	3	Routine result 498 for the reporting dashboard
499	Customer 499	South America	Complete	2026-09-23	2026-10-23	861.54	EUR	Ada	customer499@example.test	SELECT * FROM results WHERE id = 499	Review batch 499	/reports/2026/customer-499/result.tsv	sql,report	4	Routine result 499 for the reporting dashboard
500	Customer 500	Africa	Failed	2026-09-24	2026-10-24	863.27	EUR	Lin	customer500@example.test	SELECT * FROM results WHERE id = 500	Review batch 500	/reports/2026/customer-500/result.tsv	sql,report	5	Routine result 500 for the reporting dashboard
501	Customer 501	Europe	New	2026-09-25	2026-10-25	865.00	EUR	Sam	customer501@example.test	SELECT * FROM results WHERE id = 501	Review batch 501	/reports/2026/customer-501/result.tsv	sql,report	1	Routine result 501 for the reporting dashboard
502	Customer 502	North America	Queued	2026-09-26	2026-10-26	866.73	EUR	Éva	customer502@example.test	SELECT * FROM results WHERE id = 502	Review batch 502	/reports/2026/customer-502/result.tsv	sql,report	2	Routine result 502 for the reporting dashboard
503	Customer 503	Asia Pacific	Running	2026-09-27	2026-10-27	868.46	EUR	Noor	customer503@example.test	SELECT * FROM results WHERE id = 503	Review batch 503	/reports/2026/customer-503/result.tsv	sql,report	3	Routine result 503 for the reporting dashboard
504	Customer 504	South America	Complete	2026-09-28	2026-10-28	870.19	EUR	Kai	customer504@example.test	SELECT * FROM results WHERE id = 504	Review batch 504	/reports/2026/customer-504/result.tsv	sql,report	4	Routine result 504 for the reporting dashboard
505	Customer 505	Africa	Failed	2026-09-01	2026-10-01	871.92	EUR	Ada	customer505@example.test	SELECT * FROM results WHERE id = 505	Review batch 505	/reports/2026/customer-505/result.tsv	sql,report	5	Routine result 505 for the reporting dashboard
506	Customer 506	Europe	New	2026-09-02	2026-10-02	873.65	EUR	Lin	customer506@example.test	SELECT * FROM results WHERE id = 506	Review batch 506	/reports/2026/customer-506/result.tsv	sql,report	1	Routine result 506 for the reporting dashboard
507	Customer 507	North America	Queued	2026-09-03	2026-10-03	875.38	EUR	Sam	customer507@example.test	SELECT * FROM results WHERE id = 507	Review batch 507	/reports/2026/customer-507/result.tsv	sql\tpriority	2	Routine result 507 for the reporting dashboard
508	Customer 508	Asia Pacific	Running	2026-09-04	2026-10-04	877.11	EUR	Éva	customer508@example.test	SELECT * FROM results WHERE id = 508	Review batch 508	/reports/2026/customer-508/result.tsv	sql,report	3	Routine result 508 for the reporting dashboard
509	Customer 509	South America	Complete	2026-09-05	2026-10-05	878.84	EUR	Noor	customer509@example.test	SELECT * FROM results WHERE id = 509	Review batch 509	/reports/2026/customer-509/result.tsv	sql,report	4	Routine result 509 for the reporting dashboard
510	Customer 510	Africa	Failed	2026-09-06	2026-10-06	880.57	EUR	Kai	customer510@example.test	SELECT * FROM results WHERE id = 510	Review batch 510	/reports/2026/customer-510/result.tsv	sql,report	5	Routine result 510 for the reporting dashboard
511	Customer 511	Europe	New	2026-09-07	2026-10-07	882.30	EUR	Ada	customer511@example.test	SELECT * FROM results WHERE id = 511	Review batch 511	/reports/2026/customer-511/result.tsv	sql,report	1	Routine result 511 for the reporting dashboard
512	Customer 512	North America	Queued	2026-09-08	2026-10-08	884.03	EUR	Lin	customer512@example.test	SELECT * FROM results WHERE id = 512	Review batch 512	/reports/2026/customer-512/result.tsv	sql,report	2	Routine result 512 for the reporting dashboard
513	Customer 513	Asia Pacific	Running	2026-09-09	2026-10-09	885.76	EUR	Sam	customer513@example.test	SELECT * FROM results WHERE id = 513	Review batch 513	/reports/2026/customer-513/result.tsv	sql,report	3	Routine result 513 for the reporting dashboard
514	Customer 514	South America	Complete	2026-09-10	2026-10-10	887.49	EUR	Éva	customer514@example.test	SELECT * FROM results WHERE id = 514	Review batch 514	/reports/2026/customer-514/result.tsv	sql,report	4	Routine result 514 for the reporting dashboard
515	Customer 515	Africa	Failed	2026-09-11	2026-10-11	889.22	EUR	Noor	customer515@example.test	SELECT * FROM results WHERE id = 515	Review batch 515	/reports/2026/customer-515/result.tsv	sql,report	5	Routine result 515 for the reporting dashboard
516	Customer 516	Europe	New	2026-09-12	2026-10-12	890.95	EUR	Kai	customer516@example.test	SELECT * FROM results WHERE id = 516	Review batch 516	/reports/2026/customer-516/result.tsv	sql,report	1	Routine result 516 for the reporting dashboard
517	Customer 517	North America	Queued	2026-09-13	2026-10-13	892.68	EUR	Ada	customer517@example.test	SELECT * FROM results WHERE id = 517	Review batch 517	/reports/2026/customer-517/result.tsv	sql,report	2	Routine result 517 for the reporting dashboard
518	Customer 518	Asia Pacific	Running	2026-09-14	2026-10-14	894.41	EUR	Lin	customer518@example.test	SELECT * FROM results WHERE id = 518	Review batch 518	/reports/2026/customer-518/result.tsv	sql\tpriority	3	Routine result 518 for the reporting dashboard
519	Customer 519	South America	Complete	2026-09-15	2026-10-15	896.14	EUR	Sam	customer519@example.test	SELECT * FROM results WHERE id = 519	First line for record 519\nSecond line with a tab\tand more detail	/reports/2026/customer-519/result.tsv	sql,report	4	Routine result 519 for the reporting dashboard
520	Customer 520	Africa	Failed	2026-09-16	2026-10-16	897.87	EUR	Éva	customer520@example.test	SELECT * FROM results WHERE id = 520	Review batch 520	/reports/2026/customer-520/result.tsv	sql,report	5	Routine result 520 for the reporting dashboard
521	Customer 521	Europe	New	2026-09-17	2026-10-17	899.60	EUR	Noor	customer521@example.test	SELECT * FROM results WHERE id = 521	Review batch 521	/reports/2026/customer-521/result.tsv	sql,report	1	Routine result 521 for the reporting dashboard
522	Customer 522	North America	Queued	2026-09-18	2026-10-18	901.33	EUR	Kai	customer522@example.test	SELECT * FROM results WHERE id = 522	Review batch 522	/reports/2026/customer-522/result.tsv	sql,report	2	Routine result 522 for the reporting dashboard
523	Customer 523	Asia Pacific	Running	2026-09-19	2026-10-19	903.06	EUR	Ada	customer523@example.test	SELECT * FROM results WHERE id = 523	Review batch 523	/reports/2026/customer-523/result.tsv	sql,report	3	Routine result 523 for the reporting dashboard
524	Customer 524	South America	Complete	2026-09-20	2026-10-20	904.79	EUR	Lin	customer524@example.test	SELECT * FROM results WHERE id = 524	Review batch 524	/reports/2026/customer-524/result.tsv	sql,report	4	Routine result 524 for the reporting dashboard
525	Customer 525	Africa	Failed	2026-09-21	2026-10-21	906.52	EUR	Sam	customer525@example.test	SELECT * FROM results WHERE id = 525	Review batch 525	/reports/2026/customer-525/result.tsv	sql,report	5	Routine result 525 for the reporting dashboard
526	Customer 526	Europe	New	2026-09-22	2026-10-22	908.25	EUR	Éva	customer526@example.test	SELECT * FROM results WHERE id = 526	Review batch 526	/reports/2026/customer-526/result.tsv	sql,report	1	Routine result 526 for the reporting dashboard
527	Customer 527	North America	Queued	2026-09-23	2026-10-23	909.98	EUR	Noor	customer527@example.test	SELECT * FROM results WHERE id = 527	Review batch 527	/reports/2026/customer-527/result.tsv	sql,report	2	Routine result 527 for the reporting dashboard
528	Customer 528	Asia Pacific	Running	2026-09-24	2026-10-24	911.71	EUR	Kai	customer528@example.test	SELECT * FROM results WHERE id = 528	Review batch 528	/reports/2026/customer-528/result.tsv	sql,report	3	Routine result 528 for the reporting dashboard
529	Customer 529	South America	Complete	2026-09-25	2026-10-25	913.44	EUR	Ada	customer529@example.test	SELECT * FROM results WHERE id = 529	Review batch 529	/reports/2026/customer-529/result.tsv	sql\tpriority	4	Routine result 529 for the reporting dashboard
530	Customer 530	Africa	Failed	2026-09-26	2026-10-26	915.17	EUR	Lin	customer530@example.test	SELECT * FROM results WHERE id = 530	Review batch 530	/reports/2026/customer-530/result.tsv	sql,report	5	Routine result 530 for the reporting dashboard
531	Customer 531	Europe	New	2026-09-27	2026-10-27	916.90	EUR	Sam	customer531@example.test	SELECT * FROM results WHERE id = 531	Review batch 531	/reports/2026/customer-531/result.tsv	sql,report	1	Routine result 531 for the reporting dashboard
532	Customer 532	North America	Queued	2026-09-28	2026-10-28	918.63	EUR	Éva	customer532@example.test	SELECT * FROM results WHERE id = 532	Review batch 532	/reports/2026/customer-532/result.tsv	sql,report	2	Routine result 532 for the reporting dashboard
533	Customer 533	Asia Pacific	Running	2026-09-01	2026-10-01	920.36	EUR	Noor	customer533@example.test	SELECT * FROM results WHERE id = 533	Review batch 533	/reports/2026/customer-533/result.tsv	sql,report	3	Routine result 533 for the reporting dashboard
534	Customer 534	South America	Complete	2026-09-02	2026-10-02	922.09	EUR	Kai	customer534@example.test	SELECT * FROM results WHERE id = 534	Review batch 534	/reports/2026/customer-534/result.tsv	sql,report	\N	Routine result 534 for the reporting dashboard
535	Customer 535	Africa	Failed	2026-09-03	2026-10-03	923.82	EUR	Ada	customer535@example.test	SELECT * FROM results WHERE id = 535	Review batch 535	/reports/2026/customer-535/result.tsv	sql,report	5	Routine result 535 for the reporting dashboard
536	Customer 536	Europe	New	2026-09-04	2026-10-04	925.55	EUR	Lin	customer536@example.test	SELECT * FROM results WHERE id = 536	Review batch 536	/reports/2026/customer-536/result.tsv	sql,report	1	Routine result 536 for the reporting dashboard
537	Customer 537	North America	Queued	2026-09-05	2026-10-05	927.28	EUR	Sam	customer537@example.test	SELECT * FROM results WHERE id = 537	Review batch 537	/reports/2026/customer-537/result.tsv	sql,report	2	Routine result 537 for the reporting dashboard
538	Customer 538	Asia Pacific	Running	2026-09-06	2026-10-06	929.01	EUR	Éva	customer538@example.test	SELECT * FROM results WHERE id = 538	Review batch 538	/reports/2026/customer-538/result.tsv	sql,report	3	Routine result 538 for the reporting dashboard
539	Customer 539	South America	Complete	2026-09-07	2026-10-07	930.74	EUR	Noor	customer539@example.test	SELECT * FROM results WHERE id = 539	Review batch 539	/reports/2026/customer-539/result.tsv	sql,report	4	Routine result 539 for the reporting dashboard
540	Customer 540	Africa	Failed	2026-09-08	2026-10-08	932.47	EUR	Kai	customer540@example.test	SELECT * FROM results WHERE id = 540	Review batch 540	/reports/2026/customer-540/result.tsv	sql\tpriority	5	Routine result 540 for the reporting dashboard
541	Customer 541	Europe	New	2026-09-09	2026-10-09	934.20	EUR	Ada	customer541@example.test	SELECT * FROM results WHERE id = 541	Review batch 541	/reports/2026/customer-541/result.tsv	sql,report	1	Routine result 541 for the reporting dashboard
542	Customer 542	North America	Queued	2026-09-10	2026-10-10	935.93	EUR	Lin	customer542@example.test	SELECT * FROM results WHERE id = 542	Review batch 542	/reports/2026/customer-542/result.tsv	sql,report	2	Routine result 542 for the reporting dashboard
543	Customer 543	Asia Pacific	Running	2026-09-11	2026-10-11	937.66	EUR	Sam	customer543@example.test	SELECT * FROM results WHERE id = 543	Review batch 543	/reports/2026/customer-543/result.tsv	sql,report	3	Routine result 543 for the reporting dashboard
544	Customer 544	South America	Complete	2026-09-12	2026-10-12	939.39	EUR	Éva	customer544@example.test	SELECT * FROM results WHERE id = 544	Review batch 544	/reports/2026/customer-544/result.tsv	sql,report	4	Routine result 544 for the reporting dashboard
545	Customer 545	Africa	Failed	2026-09-13	2026-10-13	941.12	EUR	Noor	customer545@example.test	SELECT * FROM results WHERE id = 545	Review batch 545	/reports/2026/customer-545/result.tsv	sql,report	5	Routine result 545 for the reporting dashboard
546	Customer 546	Europe	New	2026-09-14	2026-10-14	942.85	EUR	Kai	customer546@example.test	SELECT * FROM results WHERE id = 546	Review batch 546	/reports/2026/customer-546/result.tsv	sql,report	1	Routine result 546 for the reporting dashboard
547	Customer 547	North America	Queued	2026-09-15	2026-10-15	944.58	EUR	Ada	customer547@example.test	SELECT * FROM results WHERE id = 547	Review batch 547	/reports/2026/customer-547/result.tsv	sql,report	2	Routine result 547 for the reporting dashboard
548	Customer 548	Asia Pacific	Running	2026-09-16	2026-10-16	946.31	EUR	Lin	customer548@example.test	SELECT * FROM results WHERE id = 548	Review batch 548	/reports/2026/customer-548/result.tsv	sql,report	3	Routine result 548 for the reporting dashboard
549	Customer 549	South America	Complete	2026-09-17	2026-10-17	948.04	EUR	Sam	customer549@example.test	SELECT * FROM results WHERE id = 549	Review batch 549	/reports/2026/customer-549/result.tsv	sql,report	4	Routine result 549 for the reporting dashboard
550	Customer 550	Africa	Failed	2026-09-18	2026-10-18	949.77	EUR	Éva	customer550@example.test	SELECT * FROM results WHERE id = 550	Review batch 550	/reports/2026/customer-550/result.tsv	sql,report	5	Routine result 550 for the reporting dashboard
551	Customer 551	Europe	New	2026-09-19	2026-10-19	951.50	EUR	Noor	customer551@example.test	SELECT * FROM results WHERE id = 551	Review batch 551	/reports/2026/customer-551/result.tsv	sql\tpriority	1	Routine result 551 for the reporting dashboard
552	Customer 552	North America	Queued	2026-09-20	2026-10-20	953.23	EUR	Kai	customer552@example.test	SELECT * FROM results WHERE id = 552	Review batch 552	/reports/2026/customer-552/result.tsv	sql,report	2	Routine result 552 for the reporting dashboard
553	Customer 553	Asia Pacific	Running	2026-09-21	2026-10-21	954.96	EUR	Ada	customer553@example.test	SELECT * FROM results WHERE id = 553	Review batch 553	/reports/2026/customer-553/result.tsv	sql,report	3	Routine result 553 for the reporting dashboard
554	Customer 554	South America	Complete	2026-09-22	2026-10-22	956.69	EUR	Lin	customer554@example.test	SELECT * FROM results WHERE id = 554	Review batch 554	/reports/2026/customer-554/result.tsv	sql,report	4	Routine result 554 for the reporting dashboard
555	Customer 555	Africa	Failed	2026-09-23	2026-10-23	958.42	EUR	Sam	customer555@example.test	SELECT * FROM results WHERE id = 555	Review batch 555	/reports/2026/customer-555/result.tsv	sql,report	5	Routine result 555 for the reporting dashboard
556	Customer 556	Europe	New	2026-09-24	2026-10-24	960.15	EUR	Éva	customer556@example.test	SELECT * FROM results WHERE id = 556	First line for record 556\nSecond line with a tab\tand more detail	/reports/2026/customer-556/result.tsv	sql,report	1	Routine result 556 for the reporting dashboard
557	Customer 557	North America	Queued	2026-09-25	2026-10-25	961.88	EUR	Noor	customer557@example.test	SELECT * FROM results WHERE id = 557	Review batch 557	/reports/2026/customer-557/result.tsv	sql,report	2	Routine result 557 for the reporting dashboard
558	Customer 558	Asia Pacific	Running	2026-09-26	2026-10-26	963.61	EUR	Kai	customer558@example.test	SELECT * FROM results WHERE id = 558	Review batch 558	/reports/2026/customer-558/result.tsv	sql,report	3	Routine result 558 for the reporting dashboard
559	Customer 559	South America	Complete	2026-09-27	2026-10-27	965.34	EUR	Ada	customer559@example.test	SELECT * FROM results WHERE id = 559	Review batch 559	/reports/2026/customer-559/result.tsv	sql,report	4	Routine result 559 for the reporting dashboard
560	Customer 560	Africa	Failed	2026-09-28	2026-10-28	967.07	EUR	Lin	customer560@example.test	SELECT * FROM results WHERE id = 560	Review batch 560	/reports/2026/customer-560/result.tsv	sql,report	5	Routine result 560 for the reporting dashboard
561	Customer 561	Europe	New	2026-09-01	2026-10-01	968.80	EUR	Sam	customer561@example.test	SELECT * FROM results WHERE id = 561	Review batch 561	/reports/2026/customer-561/result.tsv	sql,report	1	Routine result 561 for the reporting dashboard
562	Customer 562	North America	Queued	2026-09-02	2026-10-02	970.53	EUR	Éva	customer562@example.test	SELECT * FROM results WHERE id = 562	Review batch 562	/reports/2026/customer-562/result.tsv	sql\tpriority	2	Routine result 562 for the reporting dashboard
563	Customer 563	Asia Pacific	Running	2026-09-03	2026-10-03	972.26	EUR	Noor	customer563@example.test	SELECT * FROM results WHERE id = 563	Review batch 563	/reports/2026/customer-563/result.tsv	sql,report	3	Routine result 563 for the reporting dashboard
564	Customer 564	South America	Complete	2026-09-04	2026-10-04	973.99	EUR	Kai	customer564@example.test	SELECT * FROM results WHERE id = 564	Review batch 564	/reports/2026/customer-564/result.tsv	sql,report	4	Routine result 564 for the reporting dashboard
565	Customer 565	Africa	Failed	2026-09-05	2026-10-05	975.72	EUR	Ada	customer565@example.test	SELECT * FROM results WHERE id = 565	Review batch 565	/reports/2026/customer-565/result.tsv	sql,report	5	Routine result 565 for the reporting dashboard
566	Customer 566	Europe	New	2026-09-06	2026-10-06	977.45	EUR	Lin	customer566@example.test	SELECT customer_id, SUM(amount) FROM invoice_items WHERE customer_id = 566 GROUP BY customer_id ORDER BY SUM(amount) DESC	Review batch 566	/reports/2026/customer-566/result.tsv	sql,report	1	Routine result 566 for the reporting dashboard
567	Customer 567	North America	Queued	2026-09-07	2026-10-07	979.18	EUR	Sam	customer567@example.test	SELECT * FROM results WHERE id = 567	Review batch 567	/reports/2026/customer-567/result.tsv	sql,report	2	Routine result 567 for the reporting dashboard
568	Customer 568	Asia Pacific	Running	2026-09-08	2026-10-08	980.91	EUR	Éva	customer568@example.test	SELECT * FROM results WHERE id = 568	Review batch 568	/reports/2026/customer-568/result.tsv	sql,report	3	Routine result 568 for the reporting dashboard
569	Customer 569	South America	Complete	2026-09-09	2026-10-09	982.64	EUR	Noor	customer569@example.test	SELECT * FROM results WHERE id = 569	Review batch 569	/reports/2026/customer-569/result.tsv	sql,report	4	Routine result 569 for the reporting dashboard
570	Customer 570	Africa	Failed	2026-09-10	2026-10-10	984.37	EUR	Kai	customer570@example.test	SELECT * FROM results WHERE id = 570	Review batch 570	/reports/2026/customer-570/result.tsv	sql,report	5	Routine result 570 for the reporting dashboard
571	Customer 571	Europe	New	2026-09-11	2026-10-11	986.10	EUR	Ada	customer571@example.test	SELECT * FROM results WHERE id = 571	Review batch 571	/reports/2026/customer-571/result.tsv	sql,report	1	Routine result 571 for the reporting dashboard
572	Customer 572	North America	Queued	2026-09-12	2026-10-12	987.83	EUR	Lin	customer572@example.test	SELECT * FROM results WHERE id = 572	Review batch 572	/reports/2026/customer-572/result.tsv	sql,report	2	Routine result 572 for the reporting dashboard
573	Customer 573	Asia Pacific	Running	2026-09-13	2026-10-13	989.56	EUR	Sam	customer573@example.test	SELECT * FROM results WHERE id = 573	Review batch 573	/reports/2026/customer-573/result.tsv	sql\tpriority	3	Routine result 573 for the reporting dashboard
574	Customer 574	South America	Complete	2026-09-14	2026-10-14	991.29	EUR	Éva	customer574@example.test	SELECT * FROM results WHERE id = 574	Review batch 574	/reports/2026/customer-574/result.tsv	sql,report	4	Routine result 574 for the reporting dashboard
575	Customer 575	Africa	Failed	2026-09-15	2026-10-15	993.02	EUR	Noor	customer575@example.test	SELECT * FROM results WHERE id = 575	Review batch 575	/reports/2026/customer-575/result.tsv	sql,report	\N	Routine result 575 for the reporting dashboard
576	Customer 576	Europe	New	2026-09-16	2026-10-16	994.75	EUR	Kai	customer576@example.test	SELECT * FROM results WHERE id = 576	Review batch 576	/reports/2026/customer-576/result.tsv	sql,report	1	Routine result 576 for the reporting dashboard
577	Customer 577	North America	Queued	2026-09-17	2026-10-17	996.48	EUR	Ada	customer577@example.test	SELECT * FROM results WHERE id = 577	Review batch 577	/reports/2026/customer-577/result.tsv	sql,report	2	Routine result 577 for the reporting dashboard
578	Customer 578	Asia Pacific	Running	2026-09-18	2026-10-18	998.21	EUR	Lin	customer578@example.test	SELECT * FROM results WHERE id = 578	Review batch 578	/reports/2026/customer-578/result.tsv	sql,report	3	Routine result 578 for the reporting dashboard
579	Customer 579	South America	Complete	2026-09-19	2026-10-19	999.94	EUR	Sam	customer579@example.test	SELECT * FROM results WHERE id = 579	Review batch 579	/reports/2026/customer-579/result.tsv	sql,report	4	Routine result 579 for the reporting dashboard
580	Customer 580	Africa	Failed	2026-09-20	2026-10-20	1.67	EUR	Éva	customer580@example.test	SELECT * FROM results WHERE id = 580	Review batch 580	/reports/2026/customer-580/result.tsv	sql,report	5	Routine result 580 for the reporting dashboard
581	Customer 581	Europe	New	2026-09-21	2026-10-21	3.40	EUR	Noor	customer581@example.test	SELECT * FROM results WHERE id = 581	Review batch 581	/reports/2026/customer-581/result.tsv	sql,report	1	Routine result 581 for the reporting dashboard
582	Customer 582	North America	Queued	2026-09-22	2026-10-22	5.13	EUR	Kai	customer582@example.test	SELECT * FROM results WHERE id = 582	Review batch 582	/reports/2026/customer-582/result.tsv	sql,report	2	Routine result 582 for the reporting dashboard
583	Customer 583	Asia Pacific	Running	2026-09-23	2026-10-23	6.86	EUR	Ada	customer583@example.test	SELECT * FROM results WHERE id = 583	Review batch 583	/reports/2026/customer-583/result.tsv	sql,report	3	A deliberately long description for record 583: this value crosses the normal column width and tests horizontal scrolling and field truncation in the table widget.
584	Customer 584	South America	Complete	2026-09-24	2026-10-24	8.59	EUR	Lin	customer584@example.test	SELECT * FROM results WHERE id = 584	Review batch 584	/reports/2026/customer-584/result.tsv	sql\tpriority	4	Routine result 584 for the reporting dashboard
585	Customer 585	Africa	Failed	2026-09-25	2026-10-25	10.32	EUR	Sam	customer585@example.test	SELECT * FROM results WHERE id = 585	Review batch 585	/reports/2026/customer-585/result.tsv	sql,report	5	Routine result 585 for the reporting dashboard
586	Customer 586	Europe	New	2026-09-26	2026-10-26	12.05	EUR	Éva	customer586@example.test	SELECT * FROM results WHERE id = 586	Review batch 586	/reports/2026/customer-586/result.tsv	sql,report	1	Routine result 586 for the reporting dashboard
587	Customer 587	North America	Queued	2026-09-27	2026-10-27	13.78	EUR	Noor	customer587@example.test	SELECT * FROM results WHERE id = 587	Review batch 587	/reports/2026/customer-587/result.tsv	sql,report	2	Routine result 587 for the reporting dashboard
588	Customer 588	Asia Pacific	Running	2026-09-28	2026-10-28	15.51	EUR	Kai	customer588@example.test	SELECT * FROM results WHERE id = 588	Review batch 588	/reports/2026/customer-588/result.tsv	sql,report	3	Routine result 588 for the reporting dashboard
589	Customer 589	South America	Complete	2026-09-01	2026-10-01	17.24	EUR	Ada	customer589@example.test	SELECT * FROM results WHERE id = 589	Review batch 589	/reports/2026/customer-589/result.tsv	sql,report	4	Routine result 589 for the reporting dashboard
590	Customer 590	Africa	Failed	2026-09-02	2026-10-02	18.97	EUR	Lin	customer590@example.test	SELECT * FROM results WHERE id = 590	Review batch 590	/reports/2026/customer-590/result.tsv	sql,report	5	Routine result 590 for the reporting dashboard
591	Customer 591	Europe	New	2026-09-03	2026-10-03	20.70	EUR	Sam	customer591@example.test	SELECT * FROM results WHERE id = 591	Review batch 591	/reports/2026/customer-591/result.tsv	sql,report	1	Routine result 591 for the reporting dashboard
592	Customer 592	North America	Queued	2026-09-04	2026-10-04	22.43	EUR	Éva	customer592@example.test	SELECT * FROM results WHERE id = 592	Review batch 592	/reports/2026/customer-592/result.tsv	sql,report	2	Routine result 592 for the reporting dashboard
593	Customer 593	Asia Pacific	Running	2026-09-05	2026-10-05	24.16	EUR	Noor	customer593@example.test	SELECT * FROM results WHERE id = 593	First line for record 593\nSecond line with a tab\tand more detail	/reports/2026/customer-593/result.tsv	sql,report	3	Routine result 593 for the reporting dashboard
594	Customer 594	South America	Complete	2026-09-06	2026-10-06	25.89	EUR	Kai	customer594@example.test	SELECT * FROM results WHERE id = 594	Review batch 594	/reports/2026/customer-594/result.tsv	sql,report	4	Routine result 594 for the reporting dashboard
595	Customer 595	Africa	Failed	2026-09-07	2026-10-07	27.62	EUR	Ada	customer595@example.test	SELECT * FROM results WHERE id = 595	Review batch 595	/reports/2026/customer-595/result.tsv	sql\tpriority	5	Routine result 595 for the reporting dashboard
596	Customer 596	Europe	New	2026-09-08	2026-10-08	29.35	EUR	Lin	customer596@example.test	SELECT * FROM results WHERE id = 596	Review batch 596	/reports/2026/customer-596/result.tsv	sql,report	1	Routine result 596 for the reporting dashboard
597	Customer 597	North America	Queued	2026-09-09	2026-10-09	31.08	EUR	Sam	customer597@example.test	SELECT * FROM results WHERE id = 597	Review batch 597	/reports/2026/customer-597/result.tsv	sql,report	2	Routine result 597 for the reporting dashboard
598	Customer 598	Asia Pacific	Running	2026-09-10	2026-10-10	32.81	EUR	Éva	customer598@example.test	SELECT * FROM results WHERE id = 598	Review batch 598	/reports/2026/customer-598/result.tsv	sql,report	3	Routine result 598 for the reporting dashboard
599	Customer 599	South America	Complete	2026-09-11	2026-10-11	34.54	EUR	Noor	customer599@example.test	SELECT * FROM results WHERE id = 599	Review batch 599	/reports/2026/customer-599/result.tsv	sql,report	4	Routine result 599 for the reporting dashboard
600	Customer 600	Africa	Failed	2026-09-12	2026-10-12	36.27	EUR	Kai	customer600@example.test	SELECT * FROM results WHERE id = 600	Review batch 600	/reports/2026/customer-600/result.tsv	sql,report	5	Routine result 600 for the reporting dashboard
601	Customer 601	Europe	New	2026-09-13	2026-10-13	38.00	EUR	Ada	customer601@example.test	SELECT * FROM results WHERE id = 601	Review batch 601	/reports/2026/customer-601/result.tsv	sql,report	1	Routine result 601 for the reporting dashboard
602	Customer 602	North America	Queued	2026-09-14	2026-10-14	39.73	EUR	Lin	customer602@example.test	SELECT * FROM results WHERE id = 602	Review batch 602	/reports/2026/customer-602/result.tsv	sql,report	2	Routine result 602 for the reporting dashboard
603	Customer 603	Asia Pacific	Running	2026-09-15	2026-10-15	41.46	EUR	Sam	customer603@example.test	SELECT * FROM results WHERE id = 603	Review batch 603	/reports/2026/customer-603/result.tsv	sql,report	3	Routine result 603 for the reporting dashboard
604	Customer 604	South America	Complete	2026-09-16	2026-10-16	43.19	EUR	Éva	customer604@example.test	SELECT * FROM results WHERE id = 604	Review batch 604	/reports/2026/customer-604/result.tsv	sql,report	4	Routine result 604 for the reporting dashboard
605	Customer 605	Africa	Failed	2026-09-17	2026-10-17	44.92	EUR	Noor	customer605@example.test	SELECT * FROM results WHERE id = 605	Review batch 605	/reports/2026/customer-605/result.tsv	sql,report	5	Routine result 605 for the reporting dashboard
606	Customer 606	Europe	New	2026-09-18	2026-10-18	46.65	EUR	Kai	customer606@example.test	SELECT * FROM results WHERE id = 606	Review batch 606	/reports/2026/customer-606/result.tsv	sql\tpriority	1	Routine result 606 for the reporting dashboard
607	Customer 607	North America	Queued	2026-09-19	2026-10-19	48.38	EUR	Ada	customer607@example.test	SELECT * FROM results WHERE id = 607	Review batch 607	/reports/2026/customer-607/result.tsv	sql,report	2	Routine result 607 for the reporting dashboard
608	Customer 608	Asia Pacific	Running	2026-09-20	2026-10-20	50.11	EUR	Lin	customer608@example.test	SELECT * FROM results WHERE id = 608	Review batch 608	/reports/2026/customer-608/result.tsv	sql,report	3	Routine result 608 for the reporting dashboard
609	Customer 609	South America	Complete	2026-09-21	2026-10-21	51.84	EUR	Sam	customer609@example.test	SELECT * FROM results WHERE id = 609	Review batch 609	/reports/2026/customer-609/result.tsv	sql,report	4	Routine result 609 for the reporting dashboard
610	Customer 610	Africa	Failed	2026-09-22	2026-10-22	53.57	EUR	Éva	customer610@example.test	SELECT * FROM results WHERE id = 610	Review batch 610	/reports/2026/customer-610/result.tsv	sql,report	5	Routine result 610 for the reporting dashboard
611	Customer 611	Europe	New	2026-09-23	2026-10-23	55.30	EUR	Noor	customer611@example.test	SELECT * FROM results WHERE id = 611	Review batch 611	/reports/2026/customer-611/result.tsv	sql,report	1	Routine result 611 for the reporting dashboard
612	Customer 612	North America	Queued	2026-09-24	2026-10-24	57.03	EUR	Kai	customer612@example.test	SELECT * FROM results WHERE id = 612	Review batch 612	/reports/2026/customer-612/result.tsv	sql,report	2	Routine result 612 for the reporting dashboard
613	Customer 613	Asia Pacific	Running	2026-09-25	2026-10-25	58.76	EUR	Ada	customer613@example.test	SELECT * FROM results WHERE id = 613	Review batch 613	/reports/2026/customer-613/result.tsv	sql,report	3	Routine result 613 for the reporting dashboard
614	Customer 614	South America	Complete	2026-09-26	2026-10-26	60.49	EUR	Lin	customer614@example.test	SELECT * FROM results WHERE id = 614	Review batch 614	/reports/2026/customer-614/result.tsv	sql,report	4	Routine result 614 for the reporting dashboard
615	Customer 615	Africa	Failed	2026-09-27	2026-10-27	62.22	EUR	Sam	customer615@example.test	SELECT * FROM results WHERE id = 615	Review batch 615	/reports/2026/customer-615/result.tsv	sql,report	5	Routine result 615 for the reporting dashboard
616	Customer 616	Europe	New	2026-09-28	2026-10-28	63.95	EUR	Éva	customer616@example.test	SELECT * FROM results WHERE id = 616	Review batch 616	/reports/2026/customer-616/result.tsv	sql,report	\N	Routine result 616 for the reporting dashboard
617	Customer 617	North America	Queued	2026-09-01	2026-10-01	65.68	EUR	Noor	customer617@example.test	SELECT * FROM results WHERE id = 617	Review batch 617	/reports/2026/customer-617/result.tsv	sql\tpriority	2	Routine result 617 for the reporting dashboard
618	Customer 618	Asia Pacific	Running	2026-09-02	2026-10-02	67.41	EUR	Kai	customer618@example.test	SELECT * FROM results WHERE id = 618	Review batch 618	/reports/2026/customer-618/result.tsv	sql,report	3	Routine result 618 for the reporting dashboard
619	Customer 619	South America	Complete	2026-09-03	2026-10-03	69.14	EUR	Ada	customer619@example.test	SELECT * FROM results WHERE id = 619	Review batch 619	/reports/2026/customer-619/result.tsv	sql,report	4	Routine result 619 for the reporting dashboard
620	Customer 620	Africa	Failed	2026-09-04	2026-10-04	70.87	EUR	Lin	customer620@example.test	SELECT * FROM results WHERE id = 620	Review batch 620	/reports/2026/customer-620/result.tsv	sql,report	5	Routine result 620 for the reporting dashboard
621	Customer 621	Europe	New	2026-09-05	2026-10-05	72.60	EUR	Sam	customer621@example.test	SELECT * FROM results WHERE id = 621	Review batch 621	/reports/2026/customer-621/result.tsv	sql,report	1	Routine result 621 for the reporting dashboard
622	Customer 622	North America	Queued	2026-09-06	2026-10-06	74.33	EUR	Éva	customer622@example.test	SELECT * FROM results WHERE id = 622	Review batch 622	/reports/2026/customer-622/result.tsv	sql,report	2	Routine result 622 for the reporting dashboard
623	Customer 623	Asia Pacific	Running	2026-09-07	2026-10-07	76.06	EUR	Noor	customer623@example.test	SELECT * FROM results WHERE id = 623	Review batch 623	/reports/2026/customer-623/result.tsv	sql,report	3	Routine result 623 for the reporting dashboard
624	Customer 624	South America	Complete	2026-09-08	2026-10-08	77.79	EUR	Kai	customer624@example.test	SELECT * FROM results WHERE id = 624	Review batch 624	/reports/2026/customer-624/result.tsv	sql,report	4	Routine result 624 for the reporting dashboard
625	Customer 625	Africa	Failed	2026-09-09	2026-10-09	79.52	EUR	Ada	customer625@example.test	SELECT * FROM results WHERE id = 625	Review batch 625	/reports/2026/customer-625/result.tsv	sql,report	5	Routine result 625 for the reporting dashboard
626	Customer 626	Europe	New	2026-09-10	2026-10-10	81.25	EUR	Lin	customer626@example.test	SELECT * FROM results WHERE id = 626	Review batch 626	/reports/2026/customer-626/result.tsv	sql,report	1	Routine result 626 for the reporting dashboard
627	Customer 627	North America	Queued	2026-09-11	2026-10-11	82.98	EUR	Sam	customer627@example.test	SELECT * FROM results WHERE id = 627	Review batch 627	/reports/2026/customer-627/result.tsv	sql,report	2	Routine result 627 for the reporting dashboard
628	Customer 628	Asia Pacific	Running	2026-09-12	2026-10-12	84.71	EUR	Éva	customer628@example.test	SELECT * FROM results WHERE id = 628	Review batch 628	/reports/2026/customer-628/result.tsv	sql\tpriority	3	Routine result 628 for the reporting dashboard
629	Customer 629	South America	Complete	2026-09-13	2026-10-13	86.44	EUR	Noor	customer629@example.test	SELECT * FROM results WHERE id = 629	Review batch 629	/reports/2026/customer-629/result.tsv	sql,report	4	Routine result 629 for the reporting dashboard
630	Customer 630	Africa	Failed	2026-09-14	2026-10-14	88.17	EUR	Kai	customer630@example.test	SELECT * FROM results WHERE id = 630	First line for record 630\nSecond line with a tab\tand more detail	/reports/2026/customer-630/result.tsv	sql,report	5	Routine result 630 for the reporting dashboard
631	Customer 631	Europe	New	2026-09-15	2026-10-15	89.90	EUR	Ada	customer631@example.test	SELECT * FROM results WHERE id = 631	Review batch 631	/reports/2026/customer-631/result.tsv	sql,report	1	Routine result 631 for the reporting dashboard
632	Customer 632	North America	Queued	2026-09-16	2026-10-16	91.63	EUR	Lin	customer632@example.test	SELECT * FROM results WHERE id = 632	Review batch 632	/reports/2026/customer-632/result.tsv	sql,report	2	Routine result 632 for the reporting dashboard
633	Customer 633	Asia Pacific	Running	2026-09-17	2026-10-17	93.36	EUR	Sam	customer633@example.test	SELECT * FROM results WHERE id = 633	Review batch 633	/reports/2026/customer-633/result.tsv	sql,report	3	Routine result 633 for the reporting dashboard
634	Customer 634	South America	Complete	2026-09-18	2026-10-18	95.09	EUR	Éva	customer634@example.test	SELECT * FROM results WHERE id = 634	Review batch 634	/reports/2026/customer-634/result.tsv	sql,report	4	Routine result 634 for the reporting dashboard
635	Customer 635	Africa	Failed	2026-09-19	2026-10-19	96.82	EUR	Noor	customer635@example.test	SELECT * FROM results WHERE id = 635	Review batch 635	/reports/2026/customer-635/result.tsv	sql,report	5	Routine result 635 for the reporting dashboard
636	Customer 636	Europe	New	2026-09-20	2026-10-20	98.55	EUR	Kai	customer636@example.test	SELECT * FROM results WHERE id = 636	Review batch 636	/reports/2026/customer-636/result.tsv	sql,report	1	Routine result 636 for the reporting dashboard
637	Customer 637	North America	Queued	2026-09-21	2026-10-21	100.28	EUR	Ada	customer637@example.test	SELECT * FROM results WHERE id = 637	Review batch 637	/reports/2026/customer-637/result.tsv	sql,report	2	Routine result 637 for the reporting dashboard
638	Customer 638	Asia Pacific	Running	2026-09-22	2026-10-22	102.01	EUR	Lin	customer638@example.test	SELECT * FROM results WHERE id = 638	Review batch 638	/reports/2026/customer-638/result.tsv	sql,report	3	Routine result 638 for the reporting dashboard
639	Customer 639	South America	Complete	2026-09-23	2026-10-23	103.74	EUR	Sam	customer639@example.test	SELECT * FROM results WHERE id = 639	Review batch 639	/reports/2026/customer-639/result.tsv	sql\tpriority	4	Routine result 639 for the reporting dashboard
640	Customer 640	Africa	Failed	2026-09-24	2026-10-24	105.47	EUR	Éva	customer640@example.test	SELECT * FROM results WHERE id = 640	Review batch 640	/reports/2026/customer-640/result.tsv	sql,report	5	Routine result 640 for the reporting dashboard
641	Customer 641	Europe	New	2026-09-25	2026-10-25	107.20	EUR	Noor	customer641@example.test	SELECT * FROM results WHERE id = 641	Review batch 641	/reports/2026/customer-641/result.tsv	sql,report	1	Routine result 641 for the reporting dashboard
642	Customer 642	North America	Queued	2026-09-26	2026-10-26	108.93	EUR	Kai	customer642@example.test	SELECT * FROM results WHERE id = 642	Review batch 642	/reports/2026/customer-642/result.tsv	sql,report	2	Routine result 642 for the reporting dashboard
643	Customer 643	Asia Pacific	Running	2026-09-27	2026-10-27	110.66	EUR	Ada	customer643@example.test	SELECT * FROM results WHERE id = 643	Review batch 643	/reports/2026/customer-643/result.tsv	sql,report	3	Routine result 643 for the reporting dashboard
644	Customer 644	South America	Complete	2026-09-28	2026-10-28	112.39	EUR	Lin	customer644@example.test	SELECT * FROM results WHERE id = 644	Review batch 644	/reports/2026/customer-644/result.tsv	sql,report	4	Routine result 644 for the reporting dashboard
645	Customer 645	Africa	Failed	2026-09-01	2026-10-01	114.12	EUR	Sam	customer645@example.test	SELECT * FROM results WHERE id = 645	Review batch 645	/reports/2026/customer-645/result.tsv	sql,report	5	Routine result 645 for the reporting dashboard
646	Customer 646	Europe	New	2026-09-02	2026-10-02	115.85	EUR	Éva	customer646@example.test	SELECT * FROM results WHERE id = 646	Review batch 646	/reports/2026/customer-646/result.tsv	sql,report	1	Routine result 646 for the reporting dashboard
647	Customer 647	North America	Queued	2026-09-03	2026-10-03	117.58	EUR	Noor	customer647@example.test	SELECT * FROM results WHERE id = 647	Review batch 647	/reports/2026/customer-647/result.tsv	sql,report	2	Routine result 647 for the reporting dashboard
648	Customer 648	Asia Pacific	Running	2026-09-04	2026-10-04	119.31	EUR	Kai	customer648@example.test	SELECT * FROM results WHERE id = 648	Review batch 648	/reports/2026/customer-648/result.tsv	sql,report	3	Routine result 648 for the reporting dashboard
649	Customer 649	South America	Complete	2026-09-05	2026-10-05	121.04	EUR	Ada	customer649@example.test	SELECT * FROM results WHERE id = 649	Review batch 649	/reports/2026/customer-649/result.tsv	sql,report	4	Routine result 649 for the reporting dashboard
650	Customer 650	Africa	Failed	2026-09-06	2026-10-06	122.77	EUR	Lin	customer650@example.test	SELECT * FROM results WHERE id = 650	Review batch 650	/reports/2026/customer-650/result.tsv	sql\tpriority	5	Routine result 650 for the reporting dashboard
651	Customer 651	Europe	New	2026-09-07	2026-10-07	124.50	EUR	Sam	customer651@example.test	SELECT * FROM results WHERE id = 651	Review batch 651	/reports/2026/customer-651/result.tsv	sql,report	1	Routine result 651 for the reporting dashboard
652	Customer 652	North America	Queued	2026-09-08	2026-10-08	126.23	EUR	Éva	customer652@example.test	SELECT * FROM results WHERE id = 652	Review batch 652	/reports/2026/customer-652/result.tsv	sql,report	2	Routine result 652 for the reporting dashboard
653	Customer 653	Asia Pacific	Running	2026-09-09	2026-10-09	127.96	EUR	Noor	customer653@example.test	SELECT * FROM results WHERE id = 653	Review batch 653	/reports/2026/customer-653/result.tsv	sql,report	3	Routine result 653 for the reporting dashboard
654	Customer 654	South America	Complete	2026-09-10	2026-10-10	129.69	EUR	Kai	customer654@example.test	SELECT * FROM results WHERE id = 654	Review batch 654	/reports/2026/customer-654/result.tsv	sql,report	4	Routine result 654 for the reporting dashboard
655	Customer 655	Africa	Failed	2026-09-11	2026-10-11	131.42	EUR	Ada	customer655@example.test	SELECT * FROM results WHERE id = 655	Review batch 655	/reports/2026/customer-655/result.tsv	sql,report	5	Routine result 655 for the reporting dashboard
656	Customer 656	Europe	New	2026-09-12	2026-10-12	133.15	EUR	Lin	customer656@example.test	SELECT * FROM results WHERE id = 656	Review batch 656	/reports/2026/customer-656/result.tsv	sql,report	1	Routine result 656 for the reporting dashboard
657	Customer 657	North America	Queued	2026-09-13	2026-10-13	134.88	EUR	Sam	customer657@example.test	SELECT * FROM results WHERE id = 657	Review batch 657	/reports/2026/customer-657/result.tsv	sql,report	\N	Routine result 657 for the reporting dashboard
658	Customer 658	Asia Pacific	Running	2026-09-14	2026-10-14	136.61	EUR	Éva	customer658@example.test	SELECT * FROM results WHERE id = 658	Review batch 658	/reports/2026/customer-658/result.tsv	sql,report	3	Routine result 658 for the reporting dashboard
659	Customer 659	South America	Complete	2026-09-15	2026-10-15	138.34	EUR	Noor	customer659@example.test	SELECT * FROM results WHERE id = 659	Review batch 659	/reports/2026/customer-659/result.tsv	sql,report	4	Routine result 659 for the reporting dashboard
660	Customer 660	Africa	Failed	2026-09-16	2026-10-16	140.07	EUR	Kai	customer660@example.test	SELECT * FROM results WHERE id = 660	Review batch 660	/reports/2026/customer-660/result.tsv	sql,report	5	Routine result 660 for the reporting dashboard
661	Customer 661	Europe	New	2026-09-17	2026-10-17	141.80	EUR	Ada	customer661@example.test	SELECT * FROM results WHERE id = 661	Review batch 661	/reports/2026/customer-661/result.tsv	sql\tpriority	1	Routine result 661 for the reporting dashboard
662	Customer 662	North America	Queued	2026-09-18	2026-10-18	143.53	EUR	Lin	customer662@example.test	SELECT * FROM results WHERE id = 662	Review batch 662	/reports/2026/customer-662/result.tsv	sql,report	2	Routine result 662 for the reporting dashboard
663	Customer 663	Asia Pacific	Running	2026-09-19	2026-10-19	145.26	EUR	Sam	customer663@example.test	SELECT * FROM results WHERE id = 663	Review batch 663	/reports/2026/customer-663/result.tsv	sql,report	3	Routine result 663 for the reporting dashboard
664	Customer 664	South America	Complete	2026-09-20	2026-10-20	146.99	EUR	Éva	customer664@example.test	SELECT * FROM results WHERE id = 664	Review batch 664	/reports/2026/customer-664/result.tsv	sql,report	4	Routine result 664 for the reporting dashboard
665	Customer 665	Africa	Failed	2026-09-21	2026-10-21	148.72	EUR	Noor	customer665@example.test	SELECT * FROM results WHERE id = 665	Review batch 665	/reports/2026/customer-665/result.tsv	sql,report	5	Routine result 665 for the reporting dashboard
666	Customer 666	Europe	New	2026-09-22	2026-10-22	150.45	EUR	Kai	customer666@example.test	SELECT * FROM results WHERE id = 666	Review batch 666	/reports/2026/customer-666/result.tsv	sql,report	1	Routine result 666 for the reporting dashboard
667	Customer 667	North America	Queued	2026-09-23	2026-10-23	152.18	EUR	Ada	customer667@example.test	SELECT * FROM results WHERE id = 667	First line for record 667\nSecond line with a tab\tand more detail	/reports/2026/customer-667/result.tsv	sql,report	2	Routine result 667 for the reporting dashboard
668	Customer 668	Asia Pacific	Running	2026-09-24	2026-10-24	153.91	EUR	Lin	customer668@example.test	SELECT * FROM results WHERE id = 668	Review batch 668	/reports/2026/customer-668/result.tsv	sql,report	3	Routine result 668 for the reporting dashboard
669	Customer 669	South America	Complete	2026-09-25	2026-10-25	155.64	EUR	Sam	customer669@example.test	SELECT * FROM results WHERE id = 669	Review batch 669	/reports/2026/customer-669/result.tsv	sql,report	4	Routine result 669 for the reporting dashboard
670	Customer 670	Africa	Failed	2026-09-26	2026-10-26	157.37	EUR	Éva	customer670@example.test	SELECT * FROM results WHERE id = 670	Review batch 670	/reports/2026/customer-670/result.tsv	sql,report	5	Routine result 670 for the reporting dashboard
671	Customer 671	Europe	New	2026-09-27	2026-10-27	159.10	EUR	Noor	customer671@example.test	SELECT * FROM results WHERE id = 671	Review batch 671	/reports/2026/customer-671/result.tsv	sql,report	1	Routine result 671 for the reporting dashboard
672	Customer 672	North America	Queued	2026-09-28	2026-10-28	160.83	EUR	Kai	customer672@example.test	SELECT * FROM results WHERE id = 672	Review batch 672	/reports/2026/customer-672/result.tsv	sql\tpriority	2	Routine result 672 for the reporting dashboard
673	Customer 673	Asia Pacific	Running	2026-09-01	2026-10-01	162.56	EUR	Ada	customer673@example.test	SELECT * FROM results WHERE id = 673	Review batch 673	/reports/2026/customer-673/result.tsv	sql,report	3	Routine result 673 for the reporting dashboard
674	Customer 674	South America	Complete	2026-09-02	2026-10-02	164.29	EUR	Lin	customer674@example.test	SELECT * FROM results WHERE id = 674	Review batch 674	/reports/2026/customer-674/result.tsv	sql,report	4	Routine result 674 for the reporting dashboard
675	Customer 675	Africa	Failed	2026-09-03	2026-10-03	166.02	EUR	Sam	customer675@example.test	SELECT * FROM results WHERE id = 675	Review batch 675	/reports/2026/customer-675/result.tsv	sql,report	5	Routine result 675 for the reporting dashboard
676	Customer 676	Europe	New	2026-09-04	2026-10-04	167.75	EUR	Éva	customer676@example.test	SELECT * FROM results WHERE id = 676	Review batch 676	/reports/2026/customer-676/result.tsv	sql,report	1	Routine result 676 for the reporting dashboard
677	Customer 677	North America	Queued	2026-09-05	2026-10-05	169.48	EUR	Noor	customer677@example.test	SELECT * FROM results WHERE id = 677	Review batch 677	/reports/2026/customer-677/result.tsv	sql,report	2	Routine result 677 for the reporting dashboard
678	Customer 678	Asia Pacific	Running	2026-09-06	2026-10-06	171.21	EUR	Kai	customer678@example.test	SELECT * FROM results WHERE id = 678	Review batch 678	/reports/2026/customer-678/result.tsv	sql,report	3	Routine result 678 for the reporting dashboard
679	Customer 679	South America	Complete	2026-09-07	2026-10-07	172.94	EUR	Ada	customer679@example.test	SELECT customer_id, SUM(amount) FROM invoice_items WHERE customer_id = 679 GROUP BY customer_id ORDER BY SUM(amount) DESC	Review batch 679	/reports/2026/customer-679/result.tsv	sql,report	4	Routine result 679 for the reporting dashboard
680	Customer 680	Africa	Failed	2026-09-08	2026-10-08	174.67	EUR	Lin	customer680@example.test	SELECT * FROM results WHERE id = 680	Review batch 680	/reports/2026/customer-680/result.tsv	sql,report	5	A deliberately long description for record 680: this value crosses the normal column width and tests horizontal scrolling and field truncation in the table widget.
681	Customer 681	Europe	New	2026-09-09	2026-10-09	176.40	EUR	Sam	customer681@example.test	SELECT * FROM results WHERE id = 681	Review batch 681	/reports/2026/customer-681/result.tsv	sql,report	1	Routine result 681 for the reporting dashboard
682	Customer 682	North America	Queued	2026-09-10	2026-10-10	178.13	EUR	Éva	customer682@example.test	SELECT * FROM results WHERE id = 682	Review batch 682	/reports/2026/customer-682/result.tsv	sql,report	2	Routine result 682 for the reporting dashboard
683	Customer 683	Asia Pacific	Running	2026-09-11	2026-10-11	179.86	EUR	Noor	customer683@example.test	SELECT * FROM results WHERE id = 683	Review batch 683	/reports/2026/customer-683/result.tsv	sql\tpriority	3	Routine result 683 for the reporting dashboard
684	Customer 684	South America	Complete	2026-09-12	2026-10-12	181.59	EUR	Kai	customer684@example.test	SELECT * FROM results WHERE id = 684	Review batch 684	/reports/2026/customer-684/result.tsv	sql,report	4	Routine result 684 for the reporting dashboard
685	Customer 685	Africa	Failed	2026-09-13	2026-10-13	183.32	EUR	Ada	customer685@example.test	SELECT * FROM results WHERE id = 685	Review batch 685	/reports/2026/customer-685/result.tsv	sql,report	5	Routine result 685 for the reporting dashboard
686	Customer 686	Europe	New	2026-09-14	2026-10-14	185.05	EUR	Lin	customer686@example.test	SELECT * FROM results WHERE id = 686	Review batch 686	/reports/2026/customer-686/result.tsv	sql,report	1	Routine result 686 for the reporting dashboard
687	Customer 687	North America	Queued	2026-09-15	2026-10-15	186.78	EUR	Sam	customer687@example.test	SELECT * FROM results WHERE id = 687	Review batch 687	/reports/2026/customer-687/result.tsv	sql,report	2	Routine result 687 for the reporting dashboard
688	Customer 688	Asia Pacific	Running	2026-09-16	2026-10-16	188.51	EUR	Éva	customer688@example.test	SELECT * FROM results WHERE id = 688	Review batch 688	/reports/2026/customer-688/result.tsv	sql,report	3	Routine result 688 for the reporting dashboard
689	Customer 689	South America	Complete	2026-09-17	2026-10-17	190.24	EUR	Noor	customer689@example.test	SELECT * FROM results WHERE id = 689	Review batch 689	/reports/2026/customer-689/result.tsv	sql,report	4	Routine result 689 for the reporting dashboard
690	Customer 690	Africa	Failed	2026-09-18	2026-10-18	191.97	EUR	Kai	customer690@example.test	SELECT * FROM results WHERE id = 690	Review batch 690	/reports/2026/customer-690/result.tsv	sql,report	5	Routine result 690 for the reporting dashboard
691	Customer 691	Europe	New	2026-09-19	2026-10-19	193.70	EUR	Ada	customer691@example.test	SELECT * FROM results WHERE id = 691	Review batch 691	/reports/2026/customer-691/result.tsv	sql,report	1	Routine result 691 for the reporting dashboard
692	Customer 692	North America	Queued	2026-09-20	2026-10-20	195.43	EUR	Lin	customer692@example.test	SELECT * FROM results WHERE id = 692	Review batch 692	/reports/2026/customer-692/result.tsv	sql,report	2	Routine result 692 for the reporting dashboard
693	Customer 693	Asia Pacific	Running	2026-09-21	2026-10-21	197.16	EUR	Sam	customer693@example.test	SELECT * FROM results WHERE id = 693	Review batch 693	/reports/2026/customer-693/result.tsv	sql,report	3	Routine result 693 for the reporting dashboard
694	Customer 694	South America	Complete	2026-09-22	2026-10-22	198.89	EUR	Éva	customer694@example.test	SELECT * FROM results WHERE id = 694	Review batch 694	/reports/2026/customer-694/result.tsv	sql\tpriority	4	Routine result 694 for the reporting dashboard
695	Customer 695	Africa	Failed	2026-09-23	2026-10-23	200.62	EUR	Noor	customer695@example.test	SELECT * FROM results WHERE id = 695	Review batch 695	/reports/2026/customer-695/result.tsv	sql,report	5	Routine result 695 for the reporting dashboard
696	Customer 696	Europe	New	2026-09-24	2026-10-24	202.35	EUR	Kai	customer696@example.test	SELECT * FROM results WHERE id = 696	Review batch 696	/reports/2026/customer-696/result.tsv	sql,report	1	Routine result 696 for the reporting dashboard
697	Customer 697	North America	Queued	2026-09-25	2026-10-25	204.08	EUR	Ada	customer697@example.test	SELECT * FROM results WHERE id = 697	Review batch 697	/reports/2026/customer-697/result.tsv	sql,report	2	Routine result 697 for the reporting dashboard
698	Customer 698	Asia Pacific	Running	2026-09-26	2026-10-26	205.81	EUR	Lin	customer698@example.test	SELECT * FROM results WHERE id = 698	Review batch 698	/reports/2026/customer-698/result.tsv	sql,report	\N	Routine result 698 for the reporting dashboard
699	Customer 699	South America	Complete	2026-09-27	2026-10-27	207.54	EUR	Sam	customer699@example.test	SELECT * FROM results WHERE id = 699	Review batch 699	/reports/2026/customer-699/result.tsv	sql,report	4	Routine result 699 for the reporting dashboard
700	Customer 700	Africa	Failed	2026-09-28	2026-10-28	209.27	EUR	Éva	customer700@example.test	SELECT * FROM results WHERE id = 700	Review batch 700	/reports/2026/customer-700/result.tsv	sql,report	5	Routine result 700 for the reporting dashboard
701	Customer 701	Europe	New	2026-09-01	2026-10-01	211.00	EUR	Noor	customer701@example.test	SELECT * FROM results WHERE id = 701	Review batch 701	/reports/2026/customer-701/result.tsv	sql,report	1	Routine result 701 for the reporting dashboard
702	Customer 702	North America	Queued	2026-09-02	2026-10-02	212.73	EUR	Kai	customer702@example.test	SELECT * FROM results WHERE id = 702	Review batch 702	/reports/2026/customer-702/result.tsv	sql,report	2	Routine result 702 for the reporting dashboard
703	Customer 703	Asia Pacific	Running	2026-09-03	2026-10-03	214.46	EUR	Ada	customer703@example.test	SELECT * FROM results WHERE id = 703	Review batch 703	/reports/2026/customer-703/result.tsv	sql,report	3	Routine result 703 for the reporting dashboard
704	Customer 704	South America	Complete	2026-09-04	2026-10-04	216.19	EUR	Lin	customer704@example.test	SELECT * FROM results WHERE id = 704	First line for record 704\nSecond line with a tab\tand more detail	/reports/2026/customer-704/result.tsv	sql,report	4	Routine result 704 for the reporting dashboard
705	Customer 705	Africa	Failed	2026-09-05	2026-10-05	217.92	EUR	Sam	customer705@example.test	SELECT * FROM results WHERE id = 705	Review batch 705	/reports/2026/customer-705/result.tsv	sql\tpriority	5	Routine result 705 for the reporting dashboard
706	Customer 706	Europe	New	2026-09-06	2026-10-06	219.65	EUR	Éva	customer706@example.test	SELECT * FROM results WHERE id = 706	Review batch 706	/reports/2026/customer-706/result.tsv	sql,report	1	Routine result 706 for the reporting dashboard
707	Customer 707	North America	Queued	2026-09-07	2026-10-07	221.38	EUR	Noor	customer707@example.test	SELECT * FROM results WHERE id = 707	Review batch 707	/reports/2026/customer-707/result.tsv	sql,report	2	Routine result 707 for the reporting dashboard
708	Customer 708	Asia Pacific	Running	2026-09-08	2026-10-08	223.11	EUR	Kai	customer708@example.test	SELECT * FROM results WHERE id = 708	Review batch 708	/reports/2026/customer-708/result.tsv	sql,report	3	Routine result 708 for the reporting dashboard
709	Customer 709	South America	Complete	2026-09-09	2026-10-09	224.84	EUR	Ada	customer709@example.test	SELECT * FROM results WHERE id = 709	Review batch 709	/reports/2026/customer-709/result.tsv	sql,report	4	Routine result 709 for the reporting dashboard
710	Customer 710	Africa	Failed	2026-09-10	2026-10-10	226.57	EUR	Lin	customer710@example.test	SELECT * FROM results WHERE id = 710	Review batch 710	/reports/2026/customer-710/result.tsv	sql,report	5	Routine result 710 for the reporting dashboard
711	Customer 711	Europe	New	2026-09-11	2026-10-11	228.30	EUR	Sam	customer711@example.test	SELECT * FROM results WHERE id = 711	Review batch 711	/reports/2026/customer-711/result.tsv	sql,report	1	Routine result 711 for the reporting dashboard
712	Customer 712	North America	Queued	2026-09-12	2026-10-12	230.03	EUR	Éva	customer712@example.test	SELECT * FROM results WHERE id = 712	Review batch 712	/reports/2026/customer-712/result.tsv	sql,report	2	Routine result 712 for the reporting dashboard
713	Customer 713	Asia Pacific	Running	2026-09-13	2026-10-13	231.76	EUR	Noor	customer713@example.test	SELECT * FROM results WHERE id = 713	Review batch 713	/reports/2026/customer-713/result.tsv	sql,report	3	Routine result 713 for the reporting dashboard
714	Customer 714	South America	Complete	2026-09-14	2026-10-14	233.49	EUR	Kai	customer714@example.test	SELECT * FROM results WHERE id = 714	Review batch 714	/reports/2026/customer-714/result.tsv	sql,report	4	Routine result 714 for the reporting dashboard
715	Customer 715	Africa	Failed	2026-09-15	2026-10-15	235.22	EUR	Ada	customer715@example.test	SELECT * FROM results WHERE id = 715	Review batch 715	/reports/2026/customer-715/result.tsv	sql,report	5	Routine result 715 for the reporting dashboard
716	Customer 716	Europe	New	2026-09-16	2026-10-16	236.95	EUR	Lin	customer716@example.test	SELECT * FROM results WHERE id = 716	Review batch 716	/reports/2026/customer-716/result.tsv	sql\tpriority	1	Routine result 716 for the reporting dashboard
717	Customer 717	North America	Queued	2026-09-17	2026-10-17	238.68	EUR	Sam	customer717@example.test	SELECT * FROM results WHERE id = 717	Review batch 717	/reports/2026/customer-717/result.tsv	sql,report	2	Routine result 717 for the reporting dashboard
718	Customer 718	Asia Pacific	Running	2026-09-18	2026-10-18	240.41	EUR	Éva	customer718@example.test	SELECT * FROM results WHERE id = 718	Review batch 718	/reports/2026/customer-718/result.tsv	sql,report	3	Routine result 718 for the reporting dashboard
719	Customer 719	South America	Complete	2026-09-19	2026-10-19	242.14	EUR	Noor	customer719@example.test	SELECT * FROM results WHERE id = 719	Review batch 719	/reports/2026/customer-719/result.tsv	sql,report	4	Routine result 719 for the reporting dashboard
720	Customer 720	Africa	Failed	2026-09-20	2026-10-20	243.87	EUR	Kai	customer720@example.test	SELECT * FROM results WHERE id = 720	Review batch 720	/reports/2026/customer-720/result.tsv	sql,report	5	Routine result 720 for the reporting dashboard
721	Customer 721	Europe	New	2026-09-21	2026-10-21	245.60	EUR	Ada	customer721@example.test	SELECT * FROM results WHERE id = 721	Review batch 721	/reports/2026/customer-721/result.tsv	sql,report	1	Routine result 721 for the reporting dashboard
722	Customer 722	North America	Queued	2026-09-22	2026-10-22	247.33	EUR	Lin	customer722@example.test	SELECT * FROM results WHERE id = 722	Review batch 722	/reports/2026/customer-722/result.tsv	sql,report	2	Routine result 722 for the reporting dashboard
723	Customer 723	Asia Pacific	Running	2026-09-23	2026-10-23	249.06	EUR	Sam	customer723@example.test	SELECT * FROM results WHERE id = 723	Review batch 723	/reports/2026/customer-723/result.tsv	sql,report	3	Routine result 723 for the reporting dashboard
724	Customer 724	South America	Complete	2026-09-24	2026-10-24	250.79	EUR	Éva	customer724@example.test	SELECT * FROM results WHERE id = 724	Review batch 724	/reports/2026/customer-724/result.tsv	sql,report	4	Routine result 724 for the reporting dashboard
725	Customer 725	Africa	Failed	2026-09-25	2026-10-25	252.52	EUR	Noor	customer725@example.test	SELECT * FROM results WHERE id = 725	Review batch 725	/reports/2026/customer-725/result.tsv	sql,report	5	Routine result 725 for the reporting dashboard
726	Customer 726	Europe	New	2026-09-26	2026-10-26	254.25	EUR	Kai	customer726@example.test	SELECT * FROM results WHERE id = 726	Review batch 726	/reports/2026/customer-726/result.tsv	sql,report	1	Routine result 726 for the reporting dashboard
727	Customer 727	North America	Queued	2026-09-27	2026-10-27	255.98	EUR	Ada	customer727@example.test	SELECT * FROM results WHERE id = 727	Review batch 727	/reports/2026/customer-727/result.tsv	sql\tpriority	2	Routine result 727 for the reporting dashboard
728	Customer 728	Asia Pacific	Running	2026-09-28	2026-10-28	257.71	EUR	Lin	customer728@example.test	SELECT * FROM results WHERE id = 728	Review batch 728	/reports/2026/customer-728/result.tsv	sql,report	3	Routine result 728 for the reporting dashboard
729	Customer 729	South America	Complete	2026-09-01	2026-10-01	259.44	EUR	Sam	customer729@example.test	SELECT * FROM results WHERE id = 729	Review batch 729	/reports/2026/customer-729/result.tsv	sql,report	4	Routine result 729 for the reporting dashboard
730	Customer 730	Africa	Failed	2026-09-02	2026-10-02	261.17	EUR	Éva	customer730@example.test	SELECT * FROM results WHERE id = 730	Review batch 730	/reports/2026/customer-730/result.tsv	sql,report	5	Routine result 730 for the reporting dashboard
731	Customer 731	Europe	New	2026-09-03	2026-10-03	262.90	EUR	Noor	customer731@example.test	SELECT * FROM results WHERE id = 731	Review batch 731	/reports/2026/customer-731/result.tsv	sql,report	1	Routine result 731 for the reporting dashboard
732	Customer 732	North America	Queued	2026-09-04	2026-10-04	264.63	EUR	Kai	customer732@example.test	SELECT * FROM results WHERE id = 732	Review batch 732	/reports/2026/customer-732/result.tsv	sql,report	2	Routine result 732 for the reporting dashboard
733	Customer 733	Asia Pacific	Running	2026-09-05	2026-10-05	266.36	EUR	Ada	customer733@example.test	SELECT * FROM results WHERE id = 733	Review batch 733	/reports/2026/customer-733/result.tsv	sql,report	3	Routine result 733 for the reporting dashboard
734	Customer 734	South America	Complete	2026-09-06	2026-10-06	268.09	EUR	Lin	customer734@example.test	SELECT * FROM results WHERE id = 734	Review batch 734	/reports/2026/customer-734/result.tsv	sql,report	4	Routine result 734 for the reporting dashboard
735	Customer 735	Africa	Failed	2026-09-07	2026-10-07	269.82	EUR	Sam	customer735@example.test	SELECT * FROM results WHERE id = 735	Review batch 735	/reports/2026/customer-735/result.tsv	sql,report	5	Routine result 735 for the reporting dashboard
736	Customer 736	Europe	New	2026-09-08	2026-10-08	271.55	EUR	Éva	customer736@example.test	SELECT * FROM results WHERE id = 736	Review batch 736	/reports/2026/customer-736/result.tsv	sql,report	1	Routine result 736 for the reporting dashboard
737	Customer 737	North America	Queued	2026-09-09	2026-10-09	273.28	EUR	Noor	customer737@example.test	SELECT * FROM results WHERE id = 737	Review batch 737	/reports/2026/customer-737/result.tsv	sql,report	2	Routine result 737 for the reporting dashboard
738	Customer 738	Asia Pacific	Running	2026-09-10	2026-10-10	275.01	EUR	Kai	customer738@example.test	SELECT * FROM results WHERE id = 738	Review batch 738	/reports/2026/customer-738/result.tsv	sql\tpriority	3	Routine result 738 for the reporting dashboard
739	Customer 739	South America	Complete	2026-09-11	2026-10-11	276.74	EUR	Ada	customer739@example.test	SELECT * FROM results WHERE id = 739	Review batch 739	/reports/2026/customer-739/result.tsv	sql,report	\N	Routine result 739 for the reporting dashboard
740	Customer 740	Africa	Failed	2026-09-12	2026-10-12	278.47	EUR	Lin	customer740@example.test	SELECT * FROM results WHERE id = 740	Review batch 740	/reports/2026/customer-740/result.tsv	sql,report	5	Routine result 740 for the reporting dashboard
741	Customer 741	Europe	New	2026-09-13	2026-10-13	280.20	EUR	Sam	customer741@example.test	SELECT * FROM results WHERE id = 741	First line for record 741\nSecond line with a tab\tand more detail	/reports/2026/customer-741/result.tsv	sql,report	1	Routine result 741 for the reporting dashboard
742	Customer 742	North America	Queued	2026-09-14	2026-10-14	281.93	EUR	Éva	customer742@example.test	SELECT * FROM results WHERE id = 742	Review batch 742	/reports/2026/customer-742/result.tsv	sql,report	2	Routine result 742 for the reporting dashboard
743	Customer 743	Asia Pacific	Running	2026-09-15	2026-10-15	283.66	EUR	Noor	customer743@example.test	SELECT * FROM results WHERE id = 743	Review batch 743	/reports/2026/customer-743/result.tsv	sql,report	3	Routine result 743 for the reporting dashboard
744	Customer 744	South America	Complete	2026-09-16	2026-10-16	285.39	EUR	Kai	customer744@example.test	SELECT * FROM results WHERE id = 744	Review batch 744	/reports/2026/customer-744/result.tsv	sql,report	4	Routine result 744 for the reporting dashboard
745	Customer 745	Africa	Failed	2026-09-17	2026-10-17	287.12	EUR	Ada	customer745@example.test	SELECT * FROM results WHERE id = 745	Review batch 745	/reports/2026/customer-745/result.tsv	sql,report	5	Routine result 745 for the reporting dashboard
746	Customer 746	Europe	New	2026-09-18	2026-10-18	288.85	EUR	Lin	customer746@example.test	SELECT * FROM results WHERE id = 746	Review batch 746	/reports/2026/customer-746/result.tsv	sql,report	1	Routine result 746 for the reporting dashboard
747	Customer 747	North America	Queued	2026-09-19	2026-10-19	290.58	EUR	Sam	customer747@example.test	SELECT * FROM results WHERE id = 747	Review batch 747	/reports/2026/customer-747/result.tsv	sql,report	2	Routine result 747 for the reporting dashboard
748	Customer 748	Asia Pacific	Running	2026-09-20	2026-10-20	292.31	EUR	Éva	customer748@example.test	SELECT * FROM results WHERE id = 748	Review batch 748	/reports/2026/customer-748/result.tsv	sql,report	3	Routine result 748 for the reporting dashboard
749	Customer 749	South America	Complete	2026-09-21	2026-10-21	294.04	EUR	Noor	customer749@example.test	SELECT * FROM results WHERE id = 749	Review batch 749	/reports/2026/customer-749/result.tsv	sql\tpriority	4	Routine result 749 for the reporting dashboard
750	Customer 750	Africa	Failed	2026-09-22	2026-10-22	295.77	EUR	Kai	customer750@example.test	SELECT * FROM results WHERE id = 750	Review batch 750	/reports/2026/customer-750/result.tsv	sql,report	5	Routine result 750 for the reporting dashboard
751	Customer 751	Europe	New	2026-09-23	2026-10-23	297.50	EUR	Ada	customer751@example.test	SELECT * FROM results WHERE id = 751	Review batch 751	/reports/2026/customer-751/result.tsv	sql,report	1	Routine result 751 for the reporting dashboard
752	Customer 752	North America	Queued	2026-09-24	2026-10-24	299.23	EUR	Lin	customer752@example.test	SELECT * FROM results WHERE id = 752	Review batch 752	/reports/2026/customer-752/result.tsv	sql,report	2	Routine result 752 for the reporting dashboard
753	Customer 753	Asia Pacific	Running	2026-09-25	2026-10-25	300.96	EUR	Sam	customer753@example.test	SELECT * FROM results WHERE id = 753	Review batch 753	/reports/2026/customer-753/result.tsv	sql,report	3	Routine result 753 for the reporting dashboard
754	Customer 754	South America	Complete	2026-09-26	2026-10-26	302.69	EUR	Éva	customer754@example.test	SELECT * FROM results WHERE id = 754	Review batch 754	/reports/2026/customer-754/result.tsv	sql,report	4	Routine result 754 for the reporting dashboard
755	Customer 755	Africa	Failed	2026-09-27	2026-10-27	304.42	EUR	Noor	customer755@example.test	SELECT * FROM results WHERE id = 755	Review batch 755	/reports/2026/customer-755/result.tsv	sql,report	5	Routine result 755 for the reporting dashboard
756	Customer 756	Europe	New	2026-09-28	2026-10-28	306.15	EUR	Kai	customer756@example.test	SELECT * FROM results WHERE id = 756	Review batch 756	/reports/2026/customer-756/result.tsv	sql,report	1	Routine result 756 for the reporting dashboard
757	Customer 757	North America	Queued	2026-09-01	2026-10-01	307.88	EUR	Ada	customer757@example.test	SELECT * FROM results WHERE id = 757	Review batch 757	/reports/2026/customer-757/result.tsv	sql,report	2	Routine result 757 for the reporting dashboard
758	Customer 758	Asia Pacific	Running	2026-09-02	2026-10-02	309.61	EUR	Lin	customer758@example.test	SELECT * FROM results WHERE id = 758	Review batch 758	/reports/2026/customer-758/result.tsv	sql,report	3	Routine result 758 for the reporting dashboard
759	Customer 759	South America	Complete	2026-09-03	2026-10-03	311.34	EUR	Sam	customer759@example.test	SELECT * FROM results WHERE id = 759	Review batch 759	/reports/2026/customer-759/result.tsv	sql,report	4	Routine result 759 for the reporting dashboard
760	Customer 760	Africa	Failed	2026-09-04	2026-10-04	313.07	EUR	Éva	customer760@example.test	SELECT * FROM results WHERE id = 760	Review batch 760	/reports/2026/customer-760/result.tsv	sql\tpriority	5	Routine result 760 for the reporting dashboard
761	Customer 761	Europe	New	2026-09-05	2026-10-05	314.80	EUR	Noor	customer761@example.test	SELECT * FROM results WHERE id = 761	Review batch 761	/reports/2026/customer-761/result.tsv	sql,report	1	Routine result 761 for the reporting dashboard
762	Customer 762	North America	Queued	2026-09-06	2026-10-06	316.53	EUR	Kai	customer762@example.test	SELECT * FROM results WHERE id = 762	Review batch 762	/reports/2026/customer-762/result.tsv	sql,report	2	Routine result 762 for the reporting dashboard
763	Customer 763	Asia Pacific	Running	2026-09-07	2026-10-07	318.26	EUR	Ada	customer763@example.test	SELECT * FROM results WHERE id = 763	Review batch 763	/reports/2026/customer-763/result.tsv	sql,report	3	Routine result 763 for the reporting dashboard
764	Customer 764	South America	Complete	2026-09-08	2026-10-08	319.99	EUR	Lin	customer764@example.test	SELECT * FROM results WHERE id = 764	Review batch 764	/reports/2026/customer-764/result.tsv	sql,report	4	Routine result 764 for the reporting dashboard
765	Customer 765	Africa	Failed	2026-09-09	2026-10-09	321.72	EUR	Sam	customer765@example.test	SELECT * FROM results WHERE id = 765	Review batch 765	/reports/2026/customer-765/result.tsv	sql,report	5	Routine result 765 for the reporting dashboard
766	Customer 766	Europe	New	2026-09-10	2026-10-10	323.45	EUR	Éva	customer766@example.test	SELECT * FROM results WHERE id = 766	Review batch 766	/reports/2026/customer-766/result.tsv	sql,report	1	Routine result 766 for the reporting dashboard
767	Customer 767	North America	Queued	2026-09-11	2026-10-11	325.18	EUR	Noor	customer767@example.test	SELECT * FROM results WHERE id = 767	Review batch 767	/reports/2026/customer-767/result.tsv	sql,report	2	Routine result 767 for the reporting dashboard
768	Customer 768	Asia Pacific	Running	2026-09-12	2026-10-12	326.91	EUR	Kai	customer768@example.test	SELECT * FROM results WHERE id = 768	Review batch 768	/reports/2026/customer-768/result.tsv	sql,report	3	Routine result 768 for the reporting dashboard
769	Customer 769	South America	Complete	2026-09-13	2026-10-13	328.64	EUR	Ada	customer769@example.test	SELECT * FROM results WHERE id = 769	Review batch 769	/reports/2026/customer-769/result.tsv	sql,report	4	Routine result 769 for the reporting dashboard
770	Customer 770	Africa	Failed	2026-09-14	2026-10-14	330.37	EUR	Lin	customer770@example.test	SELECT * FROM results WHERE id = 770	Review batch 770	/reports/2026/customer-770/result.tsv	sql,report	5	Routine result 770 for the reporting dashboard
771	Customer 771	Europe	New	2026-09-15	2026-10-15	332.10	EUR	Sam	customer771@example.test	SELECT * FROM results WHERE id = 771	Review batch 771	/reports/2026/customer-771/result.tsv	sql\tpriority	1	Routine result 771 for the reporting dashboard
772	Customer 772	North America	Queued	2026-09-16	2026-10-16	333.83	EUR	Éva	customer772@example.test	SELECT * FROM results WHERE id = 772	Review batch 772	/reports/2026/customer-772/result.tsv	sql,report	2	Routine result 772 for the reporting dashboard
773	Customer 773	Asia Pacific	Running	2026-09-17	2026-10-17	335.56	EUR	Noor	customer773@example.test	SELECT * FROM results WHERE id = 773	Review batch 773	/reports/2026/customer-773/result.tsv	sql,report	3	Routine result 773 for the reporting dashboard
774	Customer 774	South America	Complete	2026-09-18	2026-10-18	337.29	EUR	Kai	customer774@example.test	SELECT * FROM results WHERE id = 774	Review batch 774	/reports/2026/customer-774/result.tsv	sql,report	4	Routine result 774 for the reporting dashboard
775	Customer 775	Africa	Failed	2026-09-19	2026-10-19	339.02	EUR	Ada	customer775@example.test	SELECT * FROM results WHERE id = 775	Review batch 775	/reports/2026/customer-775/result.tsv	sql,report	5	Routine result 775 for the reporting dashboard
776	Customer 776	Europe	New	2026-09-20	2026-10-20	340.75	EUR	Lin	customer776@example.test	SELECT * FROM results WHERE id = 776	Review batch 776	/reports/2026/customer-776/result.tsv	sql,report	1	Routine result 776 for the reporting dashboard
777	Customer 777	North America	Queued	2026-09-21	2026-10-21	342.48	EUR	Sam	customer777@example.test	SELECT * FROM results WHERE id = 777	Review batch 777	/reports/2026/customer-777/result.tsv	sql,report	2	A deliberately long description for record 777: this value crosses the normal column width and tests horizontal scrolling and field truncation in the table widget.
778	Customer 778	Asia Pacific	Running	2026-09-22	2026-10-22	344.21	EUR	Éva	customer778@example.test	SELECT * FROM results WHERE id = 778	First line for record 778\nSecond line with a tab\tand more detail	/reports/2026/customer-778/result.tsv	sql,report	3	Routine result 778 for the reporting dashboard
779	Customer 779	South America	Complete	2026-09-23	2026-10-23	345.94	EUR	Noor	customer779@example.test	SELECT * FROM results WHERE id = 779	Review batch 779	/reports/2026/customer-779/result.tsv	sql,report	4	Routine result 779 for the reporting dashboard
780	Customer 780	Africa	Failed	2026-09-24	2026-10-24	347.67	EUR	Kai	customer780@example.test	SELECT * FROM results WHERE id = 780	Review batch 780	/reports/2026/customer-780/result.tsv	sql,report	\N	Routine result 780 for the reporting dashboard
781	Customer 781	Europe	New	2026-09-25	2026-10-25	349.40	EUR	Ada	customer781@example.test	SELECT * FROM results WHERE id = 781	Review batch 781	/reports/2026/customer-781/result.tsv	sql,report	1	Routine result 781 for the reporting dashboard
782	Customer 782	North America	Queued	2026-09-26	2026-10-26	351.13	EUR	Lin	customer782@example.test	SELECT * FROM results WHERE id = 782	Review batch 782	/reports/2026/customer-782/result.tsv	sql\tpriority	2	Routine result 782 for the reporting dashboard
783	Customer 783	Asia Pacific	Running	2026-09-27	2026-10-27	352.86	EUR	Sam	customer783@example.test	SELECT * FROM results WHERE id = 783	Review batch 783	/reports/2026/customer-783/result.tsv	sql,report	3	Routine result 783 for the reporting dashboard
784	Customer 784	South America	Complete	2026-09-28	2026-10-28	354.59	EUR	Éva	customer784@example.test	SELECT * FROM results WHERE id = 784	Review batch 784	/reports/2026/customer-784/result.tsv	sql,report	4	Routine result 784 for the reporting dashboard
785	Customer 785	Africa	Failed	2026-09-01	2026-10-01	356.32	EUR	Noor	customer785@example.test	SELECT * FROM results WHERE id = 785	Review batch 785	/reports/2026/customer-785/result.tsv	sql,report	5	Routine result 785 for the reporting dashboard
786	Customer 786	Europe	New	2026-09-02	2026-10-02	358.05	EUR	Kai	customer786@example.test	SELECT * FROM results WHERE id = 786	Review batch 786	/reports/2026/customer-786/result.tsv	sql,report	1	Routine result 786 for the reporting dashboard
787	Customer 787	North America	Queued	2026-09-03	2026-10-03	359.78	EUR	Ada	customer787@example.test	SELECT * FROM results WHERE id = 787	Review batch 787	/reports/2026/customer-787/result.tsv	sql,report	2	Routine result 787 for the reporting dashboard
788	Customer 788	Asia Pacific	Running	2026-09-04	2026-10-04	361.51	EUR	Lin	customer788@example.test	SELECT * FROM results WHERE id = 788	Review batch 788	/reports/2026/customer-788/result.tsv	sql,report	3	Routine result 788 for the reporting dashboard
789	Customer 789	South America	Complete	2026-09-05	2026-10-05	363.24	EUR	Sam	customer789@example.test	SELECT * FROM results WHERE id = 789	Review batch 789	/reports/2026/customer-789/result.tsv	sql,report	4	Routine result 789 for the reporting dashboard
790	Customer 790	Africa	Failed	2026-09-06	2026-10-06	364.97	EUR	Éva	customer790@example.test	SELECT * FROM results WHERE id = 790	Review batch 790	/reports/2026/customer-790/result.tsv	sql,report	5	Routine result 790 for the reporting dashboard
791	Customer 791	Europe	New	2026-09-07	2026-10-07	366.70	EUR	Noor	customer791@example.test	SELECT * FROM results WHERE id = 791	Review batch 791	/reports/2026/customer-791/result.tsv	sql,report	1	Routine result 791 for the reporting dashboard
792	Customer 792	North America	Queued	2026-09-08	2026-10-08	368.43	EUR	Kai	customer792@example.test	SELECT customer_id, SUM(amount) FROM invoice_items WHERE customer_id = 792 GROUP BY customer_id ORDER BY SUM(amount) DESC	Review batch 792	/reports/2026/customer-792/result.tsv	sql,report	2	Routine result 792 for the reporting dashboard
793	Customer 793	Asia Pacific	Running	2026-09-09	2026-10-09	370.16	EUR	Ada	customer793@example.test	SELECT * FROM results WHERE id = 793	Review batch 793	/reports/2026/customer-793/result.tsv	sql\tpriority	3	Routine result 793 for the reporting dashboard
794	Customer 794	South America	Complete	2026-09-10	2026-10-10	371.89	EUR	Lin	customer794@example.test	SELECT * FROM results WHERE id = 794	Review batch 794	/reports/2026/customer-794/result.tsv	sql,report	4	Routine result 794 for the reporting dashboard
795	Customer 795	Africa	Failed	2026-09-11	2026-10-11	373.62	EUR	Sam	customer795@example.test	SELECT * FROM results WHERE id = 795	Review batch 795	/reports/2026/customer-795/result.tsv	sql,report	5	Routine result 795 for the reporting dashboard
796	Customer 796	Europe	New	2026-09-12	2026-10-12	375.35	EUR	Éva	customer796@example.test	SELECT * FROM results WHERE id = 796	Review batch 796	/reports/2026/customer-796/result.tsv	sql,report	1	Routine result 796 for the reporting dashboard
797	Customer 797	North America	Queued	2026-09-13	2026-10-13	377.08	EUR	Noor	customer797@example.test	SELECT * FROM results WHERE id = 797	Review batch 797	/reports/2026/customer-797/result.tsv	sql,report	2	Routine result 797 for the reporting dashboard
798	Customer 798	Asia Pacific	Running	2026-09-14	2026-10-14	378.81	EUR	Kai	customer798@example.test	SELECT * FROM results WHERE id = 798	Review batch 798	/reports/2026/customer-798/result.tsv	sql,report	3	Routine result 798 for the reporting dashboard
799	Customer 799	South America	Complete	2026-09-15	2026-10-15	380.54	EUR	Ada	customer799@example.test	SELECT * FROM results WHERE id = 799	Review batch 799	/reports/2026/customer-799/result.tsv	sql,report	4	Routine result 799 for the reporting dashboard
800	Customer 800	Africa	Failed	2026-09-16	2026-10-16	382.27	EUR	Lin	customer800@example.test	SELECT * FROM results WHERE id = 800	Review batch 800	/reports/2026/customer-800/result.tsv	sql,report	5	Routine result 800 for the reporting dashboard
801	Customer 801	Europe	New	2026-09-17	2026-10-17	384.00	EUR	Sam	customer801@example.test	SELECT * FROM results WHERE id = 801	Review batch 801	/reports/2026/customer-801/result.tsv	sql,report	1	Routine result 801 for the reporting dashboard
802	Customer 802	North America	Queued	2026-09-18	2026-10-18	385.73	EUR	Éva	customer802@example.test	SELECT * FROM results WHERE id = 802	Review batch 802	/reports/2026/customer-802/result.tsv	sql,report	2	Routine result 802 for the reporting dashboard
803	Customer 803	Asia Pacific	Running	2026-09-19	2026-10-19	387.46	EUR	Noor	customer803@example.test	SELECT * FROM results WHERE id = 803	Review batch 803	/reports/2026/customer-803/result.tsv	sql,report	3	Routine result 803 for the reporting dashboard
804	Customer 804	South America	Complete	2026-09-20	2026-10-20	389.19	EUR	Kai	customer804@example.test	SELECT * FROM results WHERE id = 804	Review batch 804	/reports/2026/customer-804/result.tsv	sql\tpriority	4	Routine result 804 for the reporting dashboard
805	Customer 805	Africa	Failed	2026-09-21	2026-10-21	390.92	EUR	Ada	customer805@example.test	SELECT * FROM results WHERE id = 805	Review batch 805	/reports/2026/customer-805/result.tsv	sql,report	5	Routine result 805 for the reporting dashboard
806	Customer 806	Europe	New	2026-09-22	2026-10-22	392.65	EUR	Lin	customer806@example.test	SELECT * FROM results WHERE id = 806	Review batch 806	/reports/2026/customer-806/result.tsv	sql,report	1	Routine result 806 for the reporting dashboard
807	Customer 807	North America	Queued	2026-09-23	2026-10-23	394.38	EUR	Sam	customer807@example.test	SELECT * FROM results WHERE id = 807	Review batch 807	/reports/2026/customer-807/result.tsv	sql,report	2	Routine result 807 for the reporting dashboard
808	Customer 808	Asia Pacific	Running	2026-09-24	2026-10-24	396.11	EUR	Éva	customer808@example.test	SELECT * FROM results WHERE id = 808	Review batch 808	/reports/2026/customer-808/result.tsv	sql,report	3	Routine result 808 for the reporting dashboard
809	Customer 809	South America	Complete	2026-09-25	2026-10-25	397.84	EUR	Noor	customer809@example.test	SELECT * FROM results WHERE id = 809	Review batch 809	/reports/2026/customer-809/result.tsv	sql,report	4	Routine result 809 for the reporting dashboard
810	Customer 810	Africa	Failed	2026-09-26	2026-10-26	399.57	EUR	Kai	customer810@example.test	SELECT * FROM results WHERE id = 810	Review batch 810	/reports/2026/customer-810/result.tsv	sql,report	5	Routine result 810 for the reporting dashboard
811	Customer 811	Europe	New	2026-09-27	2026-10-27	401.30	EUR	Ada	customer811@example.test	SELECT * FROM results WHERE id = 811	Review batch 811	/reports/2026/customer-811/result.tsv	sql,report	1	Routine result 811 for the reporting dashboard
812	Customer 812	North America	Queued	2026-09-28	2026-10-28	403.03	EUR	Lin	customer812@example.test	SELECT * FROM results WHERE id = 812	Review batch 812	/reports/2026/customer-812/result.tsv	sql,report	2	Routine result 812 for the reporting dashboard
813	Customer 813	Asia Pacific	Running	2026-09-01	2026-10-01	404.76	EUR	Sam	customer813@example.test	SELECT * FROM results WHERE id = 813	Review batch 813	/reports/2026/customer-813/result.tsv	sql,report	3	Routine result 813 for the reporting dashboard
814	Customer 814	South America	Complete	2026-09-02	2026-10-02	406.49	EUR	Éva	customer814@example.test	SELECT * FROM results WHERE id = 814	Review batch 814	/reports/2026/customer-814/result.tsv	sql,report	4	Routine result 814 for the reporting dashboard
815	Customer 815	Africa	Failed	2026-09-03	2026-10-03	408.22	EUR	Noor	customer815@example.test	SELECT * FROM results WHERE id = 815	First line for record 815\nSecond line with a tab\tand more detail	/reports/2026/customer-815/result.tsv	sql\tpriority	5	Routine result 815 for the reporting dashboard
816	Customer 816	Europe	New	2026-09-04	2026-10-04	409.95	EUR	Kai	customer816@example.test	SELECT * FROM results WHERE id = 816	Review batch 816	/reports/2026/customer-816/result.tsv	sql,report	1	Routine result 816 for the reporting dashboard
817	Customer 817	North America	Queued	2026-09-05	2026-10-05	411.68	EUR	Ada	customer817@example.test	SELECT * FROM results WHERE id = 817	Review batch 817	/reports/2026/customer-817/result.tsv	sql,report	2	Routine result 817 for the reporting dashboard
818	Customer 818	Asia Pacific	Running	2026-09-06	2026-10-06	413.41	EUR	Lin	customer818@example.test	SELECT * FROM results WHERE id = 818	Review batch 818	/reports/2026/customer-818/result.tsv	sql,report	3	Routine result 818 for the reporting dashboard
819	Customer 819	South America	Complete	2026-09-07	2026-10-07	415.14	EUR	Sam	customer819@example.test	SELECT * FROM results WHERE id = 819	Review batch 819	/reports/2026/customer-819/result.tsv	sql,report	4	Routine result 819 for the reporting dashboard
820	Customer 820	Africa	Failed	2026-09-08	2026-10-08	416.87	EUR	Éva	customer820@example.test	SELECT * FROM results WHERE id = 820	Review batch 820	/reports/2026/customer-820/result.tsv	sql,report	5	Routine result 820 for the reporting dashboard
821	Customer 821	Europe	New	2026-09-09	2026-10-09	418.60	EUR	Noor	customer821@example.test	SELECT * FROM results WHERE id = 821	Review batch 821	/reports/2026/customer-821/result.tsv	sql,report	\N	Routine result 821 for the reporting dashboard
822	Customer 822	North America	Queued	2026-09-10	2026-10-10	420.33	EUR	Kai	customer822@example.test	SELECT * FROM results WHERE id = 822	Review batch 822	/reports/2026/customer-822/result.tsv	sql,report	2	Routine result 822 for the reporting dashboard
823	Customer 823	Asia Pacific	Running	2026-09-11	2026-10-11	422.06	EUR	Ada	customer823@example.test	SELECT * FROM results WHERE id = 823	Review batch 823	/reports/2026/customer-823/result.tsv	sql,report	3	Routine result 823 for the reporting dashboard
824	Customer 824	South America	Complete	2026-09-12	2026-10-12	423.79	EUR	Lin	customer824@example.test	SELECT * FROM results WHERE id = 824	Review batch 824	/reports/2026/customer-824/result.tsv	sql,report	4	Routine result 824 for the reporting dashboard
825	Customer 825	Africa	Failed	2026-09-13	2026-10-13	425.52	EUR	Sam	customer825@example.test	SELECT * FROM results WHERE id = 825	Review batch 825	/reports/2026/customer-825/result.tsv	sql,report	5	Routine result 825 for the reporting dashboard
826	Customer 826	Europe	New	2026-09-14	2026-10-14	427.25	EUR	Éva	customer826@example.test	SELECT * FROM results WHERE id = 826	Review batch 826	/reports/2026/customer-826/result.tsv	sql\tpriority	1	Routine result 826 for the reporting dashboard
827	Customer 827	North America	Queued	2026-09-15	2026-10-15	428.98	EUR	Noor	customer827@example.test	SELECT * FROM results WHERE id = 827	Review batch 827	/reports/2026/customer-827/result.tsv	sql,report	2	Routine result 827 for the reporting dashboard
828	Customer 828	Asia Pacific	Running	2026-09-16	2026-10-16	430.71	EUR	Kai	customer828@example.test	SELECT * FROM results WHERE id = 828	Review batch 828	/reports/2026/customer-828/result.tsv	sql,report	3	Routine result 828 for the reporting dashboard
829	Customer 829	South America	Complete	2026-09-17	2026-10-17	432.44	EUR	Ada	customer829@example.test	SELECT * FROM results WHERE id = 829	Review batch 829	/reports/2026/customer-829/result.tsv	sql,report	4	Routine result 829 for the reporting dashboard
830	Customer 830	Africa	Failed	2026-09-18	2026-10-18	434.17	EUR	Lin	customer830@example.test	SELECT * FROM results WHERE id = 830	Review batch 830	/reports/2026/customer-830/result.tsv	sql,report	5	Routine result 830 for the reporting dashboard
831	Customer 831	Europe	New	2026-09-19	2026-10-19	435.90	EUR	Sam	customer831@example.test	SELECT * FROM results WHERE id = 831	Review batch 831	/reports/2026/customer-831/result.tsv	sql,report	1	Routine result 831 for the reporting dashboard
832	Customer 832	North America	Queued	2026-09-20	2026-10-20	437.63	EUR	Éva	customer832@example.test	SELECT * FROM results WHERE id = 832	Review batch 832	/reports/2026/customer-832/result.tsv	sql,report	2	Routine result 832 for the reporting dashboard
833	Customer 833	Asia Pacific	Running	2026-09-21	2026-10-21	439.36	EUR	Noor	customer833@example.test	SELECT * FROM results WHERE id = 833	Review batch 833	/reports/2026/customer-833/result.tsv	sql,report	3	Routine result 833 for the reporting dashboard
834	Customer 834	South America	Complete	2026-09-22	2026-10-22	441.09	EUR	Kai	customer834@example.test	SELECT * FROM results WHERE id = 834	Review batch 834	/reports/2026/customer-834/result.tsv	sql,report	4	Routine result 834 for the reporting dashboard
835	Customer 835	Africa	Failed	2026-09-23	2026-10-23	442.82	EUR	Ada	customer835@example.test	SELECT * FROM results WHERE id = 835	Review batch 835	/reports/2026/customer-835/result.tsv	sql,report	5	Routine result 835 for the reporting dashboard
836	Customer 836	Europe	New	2026-09-24	2026-10-24	444.55	EUR	Lin	customer836@example.test	SELECT * FROM results WHERE id = 836	Review batch 836	/reports/2026/customer-836/result.tsv	sql,report	1	Routine result 836 for the reporting dashboard
837	Customer 837	North America	Queued	2026-09-25	2026-10-25	446.28	EUR	Sam	customer837@example.test	SELECT * FROM results WHERE id = 837	Review batch 837	/reports/2026/customer-837/result.tsv	sql\tpriority	2	Routine result 837 for the reporting dashboard
838	Customer 838	Asia Pacific	Running	2026-09-26	2026-10-26	448.01	EUR	Éva	customer838@example.test	SELECT * FROM results WHERE id = 838	Review batch 838	/reports/2026/customer-838/result.tsv	sql,report	3	Routine result 838 for the reporting dashboard
839	Customer 839	South America	Complete	2026-09-27	2026-10-27	449.74	EUR	Noor	customer839@example.test	SELECT * FROM results WHERE id = 839	Review batch 839	/reports/2026/customer-839/result.tsv	sql,report	4	Routine result 839 for the reporting dashboard
840	Customer 840	Africa	Failed	2026-09-28	2026-10-28	451.47	EUR	Kai	customer840@example.test	SELECT * FROM results WHERE id = 840	Review batch 840	/reports/2026/customer-840/result.tsv	sql,report	5	Routine result 840 for the reporting dashboard
841	Customer 841	Europe	New	2026-09-01	2026-10-01	453.20	EUR	Ada	customer841@example.test	SELECT * FROM results WHERE id = 841	Review batch 841	/reports/2026/customer-841/result.tsv	sql,report	1	Routine result 841 for the reporting dashboard
842	Customer 842	North America	Queued	2026-09-02	2026-10-02	454.93	EUR	Lin	customer842@example.test	SELECT * FROM results WHERE id = 842	Review batch 842	/reports/2026/customer-842/result.tsv	sql,report	2	Routine result 842 for the reporting dashboard
843	Customer 843	Asia Pacific	Running	2026-09-03	2026-10-03	456.66	EUR	Sam	customer843@example.test	SELECT * FROM results WHERE id = 843	Review batch 843	/reports/2026/customer-843/result.tsv	sql,report	3	Routine result 843 for the reporting dashboard
844	Customer 844	South America	Complete	2026-09-04	2026-10-04	458.39	EUR	Éva	customer844@example.test	SELECT * FROM results WHERE id = 844	Review batch 844	/reports/2026/customer-844/result.tsv	sql,report	4	Routine result 844 for the reporting dashboard
845	Customer 845	Africa	Failed	2026-09-05	2026-10-05	460.12	EUR	Noor	customer845@example.test	SELECT * FROM results WHERE id = 845	Review batch 845	/reports/2026/customer-845/result.tsv	sql,report	5	Routine result 845 for the reporting dashboard
846	Customer 846	Europe	New	2026-09-06	2026-10-06	461.85	EUR	Kai	customer846@example.test	SELECT * FROM results WHERE id = 846	Review batch 846	/reports/2026/customer-846/result.tsv	sql,report	1	Routine result 846 for the reporting dashboard
847	Customer 847	North America	Queued	2026-09-07	2026-10-07	463.58	EUR	Ada	customer847@example.test	SELECT * FROM results WHERE id = 847	Review batch 847	/reports/2026/customer-847/result.tsv	sql,report	2	Routine result 847 for the reporting dashboard
848	Customer 848	Asia Pacific	Running	2026-09-08	2026-10-08	465.31	EUR	Lin	customer848@example.test	SELECT * FROM results WHERE id = 848	Review batch 848	/reports/2026/customer-848/result.tsv	sql\tpriority	3	Routine result 848 for the reporting dashboard
849	Customer 849	South America	Complete	2026-09-09	2026-10-09	467.04	EUR	Sam	customer849@example.test	SELECT * FROM results WHERE id = 849	Review batch 849	/reports/2026/customer-849/result.tsv	sql,report	4	Routine result 849 for the reporting dashboard
850	Customer 850	Africa	Failed	2026-09-10	2026-10-10	468.77	EUR	Éva	customer850@example.test	SELECT * FROM results WHERE id = 850	Review batch 850	/reports/2026/customer-850/result.tsv	sql,report	5	Routine result 850 for the reporting dashboard
851	Customer 851	Europe	New	2026-09-11	2026-10-11	470.50	EUR	Noor	customer851@example.test	SELECT * FROM results WHERE id = 851	Review batch 851	/reports/2026/customer-851/result.tsv	sql,report	1	Routine result 851 for the reporting dashboard
852	Customer 852	North America	Queued	2026-09-12	2026-10-12	472.23	EUR	Kai	customer852@example.test	SELECT * FROM results WHERE id = 852	First line for record 852\nSecond line with a tab\tand more detail	/reports/2026/customer-852/result.tsv	sql,report	2	Routine result 852 for the reporting dashboard
853	Customer 853	Asia Pacific	Running	2026-09-13	2026-10-13	473.96	EUR	Ada	customer853@example.test	SELECT * FROM results WHERE id = 853	Review batch 853	/reports/2026/customer-853/result.tsv	sql,report	3	Routine result 853 for the reporting dashboard
854	Customer 854	South America	Complete	2026-09-14	2026-10-14	475.69	EUR	Lin	customer854@example.test	SELECT * FROM results WHERE id = 854	Review batch 854	/reports/2026/customer-854/result.tsv	sql,report	4	Routine result 854 for the reporting dashboard
855	Customer 855	Africa	Failed	2026-09-15	2026-10-15	477.42	EUR	Sam	customer855@example.test	SELECT * FROM results WHERE id = 855	Review batch 855	/reports/2026/customer-855/result.tsv	sql,report	5	Routine result 855 for the reporting dashboard
856	Customer 856	Europe	New	2026-09-16	2026-10-16	479.15	EUR	Éva	customer856@example.test	SELECT * FROM results WHERE id = 856	Review batch 856	/reports/2026/customer-856/result.tsv	sql,report	1	Routine result 856 for the reporting dashboard
857	Customer 857	North America	Queued	2026-09-17	2026-10-17	480.88	EUR	Noor	customer857@example.test	SELECT * FROM results WHERE id = 857	Review batch 857	/reports/2026/customer-857/result.tsv	sql,report	2	Routine result 857 for the reporting dashboard
858	Customer 858	Asia Pacific	Running	2026-09-18	2026-10-18	482.61	EUR	Kai	customer858@example.test	SELECT * FROM results WHERE id = 858	Review batch 858	/reports/2026/customer-858/result.tsv	sql,report	3	Routine result 858 for the reporting dashboard
859	Customer 859	South America	Complete	2026-09-19	2026-10-19	484.34	EUR	Ada	customer859@example.test	SELECT * FROM results WHERE id = 859	Review batch 859	/reports/2026/customer-859/result.tsv	sql\tpriority	4	Routine result 859 for the reporting dashboard
860	Customer 860	Africa	Failed	2026-09-20	2026-10-20	486.07	EUR	Lin	customer860@example.test	SELECT * FROM results WHERE id = 860	Review batch 860	/reports/2026/customer-860/result.tsv	sql,report	5	Routine result 860 for the reporting dashboard
861	Customer 861	Europe	New	2026-09-21	2026-10-21	487.80	EUR	Sam	customer861@example.test	SELECT * FROM results WHERE id = 861	Review batch 861	/reports/2026/customer-861/result.tsv	sql,report	1	Routine result 861 for the reporting dashboard
862	Customer 862	North America	Queued	2026-09-22	2026-10-22	489.53	EUR	Éva	customer862@example.test	SELECT * FROM results WHERE id = 862	Review batch 862	/reports/2026/customer-862/result.tsv	sql,report	\N	Routine result 862 for the reporting dashboard
863	Customer 863	Asia Pacific	Running	2026-09-23	2026-10-23	491.26	EUR	Noor	customer863@example.test	SELECT * FROM results WHERE id = 863	Review batch 863	/reports/2026/customer-863/result.tsv	sql,report	3	Routine result 863 for the reporting dashboard
864	Customer 864	South America	Complete	2026-09-24	2026-10-24	492.99	EUR	Kai	customer864@example.test	SELECT * FROM results WHERE id = 864	Review batch 864	/reports/2026/customer-864/result.tsv	sql,report	4	Routine result 864 for the reporting dashboard
865	Customer 865	Africa	Failed	2026-09-25	2026-10-25	494.72	EUR	Ada	customer865@example.test	SELECT * FROM results WHERE id = 865	Review batch 865	/reports/2026/customer-865/result.tsv	sql,report	5	Routine result 865 for the reporting dashboard
866	Customer 866	Europe	New	2026-09-26	2026-10-26	496.45	EUR	Lin	customer866@example.test	SELECT * FROM results WHERE id = 866	Review batch 866	/reports/2026/customer-866/result.tsv	sql,report	1	Routine result 866 for the reporting dashboard
867	Customer 867	North America	Queued	2026-09-27	2026-10-27	498.18	EUR	Sam	customer867@example.test	SELECT * FROM results WHERE id = 867	Review batch 867	/reports/2026/customer-867/result.tsv	sql,report	2	Routine result 867 for the reporting dashboard
868	Customer 868	Asia Pacific	Running	2026-09-28	2026-10-28	499.91	EUR	Éva	customer868@example.test	SELECT * FROM results WHERE id = 868	Review batch 868	/reports/2026/customer-868/result.tsv	sql,report	3	Routine result 868 for the reporting dashboard
869	Customer 869	South America	Complete	2026-09-01	2026-10-01	501.64	EUR	Noor	customer869@example.test	SELECT * FROM results WHERE id = 869	Review batch 869	/reports/2026/customer-869/result.tsv	sql,report	4	Routine result 869 for the reporting dashboard
870	Customer 870	Africa	Failed	2026-09-02	2026-10-02	503.37	EUR	Kai	customer870@example.test	SELECT * FROM results WHERE id = 870	Review batch 870	/reports/2026/customer-870/result.tsv	sql\tpriority	5	Routine result 870 for the reporting dashboard
871	Customer 871	Europe	New	2026-09-03	2026-10-03	505.10	EUR	Ada	customer871@example.test	SELECT * FROM results WHERE id = 871	Review batch 871	/reports/2026/customer-871/result.tsv	sql,report	1	Routine result 871 for the reporting dashboard
872	Customer 872	North America	Queued	2026-09-04	2026-10-04	506.83	EUR	Lin	customer872@example.test	SELECT * FROM results WHERE id = 872	Review batch 872	/reports/2026/customer-872/result.tsv	sql,report	2	Routine result 872 for the reporting dashboard
873	Customer 873	Asia Pacific	Running	2026-09-05	2026-10-05	508.56	EUR	Sam	customer873@example.test	SELECT * FROM results WHERE id = 873	Review batch 873	/reports/2026/customer-873/result.tsv	sql,report	3	Routine result 873 for the reporting dashboard
874	Customer 874	South America	Complete	2026-09-06	2026-10-06	510.29	EUR	Éva	customer874@example.test	SELECT * FROM results WHERE id = 874	Review batch 874	/reports/2026/customer-874/result.tsv	sql,report	4	A deliberately long description for record 874: this value crosses the normal column width and tests horizontal scrolling and field truncation in the table widget.
875	Customer 875	Africa	Failed	2026-09-07	2026-10-07	512.02	EUR	Noor	customer875@example.test	SELECT * FROM results WHERE id = 875	Review batch 875	/reports/2026/customer-875/result.tsv	sql,report	5	Routine result 875 for the reporting dashboard
876	Customer 876	Europe	New	2026-09-08	2026-10-08	513.75	EUR	Kai	customer876@example.test	SELECT * FROM results WHERE id = 876	Review batch 876	/reports/2026/customer-876/result.tsv	sql,report	1	Routine result 876 for the reporting dashboard
877	Customer 877	North America	Queued	2026-09-09	2026-10-09	515.48	EUR	Ada	customer877@example.test	SELECT * FROM results WHERE id = 877	Review batch 877	/reports/2026/customer-877/result.tsv	sql,report	2	Routine result 877 for the reporting dashboard
878	Customer 878	Asia Pacific	Running	2026-09-10	2026-10-10	517.21	EUR	Lin	customer878@example.test	SELECT * FROM results WHERE id = 878	Review batch 878	/reports/2026/customer-878/result.tsv	sql,report	3	Routine result 878 for the reporting dashboard
879	Customer 879	South America	Complete	2026-09-11	2026-10-11	518.94	EUR	Sam	customer879@example.test	SELECT * FROM results WHERE id = 879	Review batch 879	/reports/2026/customer-879/result.tsv	sql,report	4	Routine result 879 for the reporting dashboard
880	Customer 880	Africa	Failed	2026-09-12	2026-10-12	520.67	EUR	Éva	customer880@example.test	SELECT * FROM results WHERE id = 880	Review batch 880	/reports/2026/customer-880/result.tsv	sql,report	5	Routine result 880 for the reporting dashboard
881	Customer 881	Europe	New	2026-09-13	2026-10-13	522.40	EUR	Noor	customer881@example.test	SELECT * FROM results WHERE id = 881	Review batch 881	/reports/2026/customer-881/result.tsv	sql\tpriority	1	Routine result 881 for the reporting dashboard
882	Customer 882	North America	Queued	2026-09-14	2026-10-14	524.13	EUR	Kai	customer882@example.test	SELECT * FROM results WHERE id = 882	Review batch 882	/reports/2026/customer-882/result.tsv	sql,report	2	Routine result 882 for the reporting dashboard
883	Customer 883	Asia Pacific	Running	2026-09-15	2026-10-15	525.86	EUR	Ada	customer883@example.test	SELECT * FROM results WHERE id = 883	Review batch 883	/reports/2026/customer-883/result.tsv	sql,report	3	Routine result 883 for the reporting dashboard
884	Customer 884	South America	Complete	2026-09-16	2026-10-16	527.59	EUR	Lin	customer884@example.test	SELECT * FROM results WHERE id = 884	Review batch 884	/reports/2026/customer-884/result.tsv	sql,report	4	Routine result 884 for the reporting dashboard
885	Customer 885	Africa	Failed	2026-09-17	2026-10-17	529.32	EUR	Sam	customer885@example.test	SELECT * FROM results WHERE id = 885	Review batch 885	/reports/2026/customer-885/result.tsv	sql,report	5	Routine result 885 for the reporting dashboard
886	Customer 886	Europe	New	2026-09-18	2026-10-18	531.05	EUR	Éva	customer886@example.test	SELECT * FROM results WHERE id = 886	Review batch 886	/reports/2026/customer-886/result.tsv	sql,report	1	Routine result 886 for the reporting dashboard
887	Customer 887	North America	Queued	2026-09-19	2026-10-19	532.78	EUR	Noor	customer887@example.test	SELECT * FROM results WHERE id = 887	Review batch 887	/reports/2026/customer-887/result.tsv	sql,report	2	Routine result 887 for the reporting dashboard
888	Customer 888	Asia Pacific	Running	2026-09-20	2026-10-20	534.51	EUR	Kai	customer888@example.test	SELECT * FROM results WHERE id = 888	Review batch 888	/reports/2026/customer-888/result.tsv	sql,report	3	Routine result 888 for the reporting dashboard
889	Customer 889	South America	Complete	2026-09-21	2026-10-21	536.24	EUR	Ada	customer889@example.test	SELECT * FROM results WHERE id = 889	First line for record 889\nSecond line with a tab\tand more detail	/reports/2026/customer-889/result.tsv	sql,report	4	Routine result 889 for the reporting dashboard
890	Customer 890	Africa	Failed	2026-09-22	2026-10-22	537.97	EUR	Lin	customer890@example.test	SELECT * FROM results WHERE id = 890	Review batch 890	/reports/2026/customer-890/result.tsv	sql,report	5	Routine result 890 for the reporting dashboard
891	Customer 891	Europe	New	2026-09-23	2026-10-23	539.70	EUR	Sam	customer891@example.test	SELECT * FROM results WHERE id = 891	Review batch 891	/reports/2026/customer-891/result.tsv	sql,report	1	Routine result 891 for the reporting dashboard
892	Customer 892	North America	Queued	2026-09-24	2026-10-24	541.43	EUR	Éva	customer892@example.test	SELECT * FROM results WHERE id = 892	Review batch 892	/reports/2026/customer-892/result.tsv	sql\tpriority	2	Routine result 892 for the reporting dashboard
893	Customer 893	Asia Pacific	Running	2026-09-25	2026-10-25	543.16	EUR	Noor	customer893@example.test	SELECT * FROM results WHERE id = 893	Review batch 893	/reports/2026/customer-893/result.tsv	sql,report	3	Routine result 893 for the reporting dashboard
894	Customer 894	South America	Complete	2026-09-26	2026-10-26	544.89	EUR	Kai	customer894@example.test	SELECT * FROM results WHERE id = 894	Review batch 894	/reports/2026/customer-894/result.tsv	sql,report	4	Routine result 894 for the reporting dashboard
895	Customer 895	Africa	Failed	2026-09-27	2026-10-27	546.62	EUR	Ada	customer895@example.test	SELECT * FROM results WHERE id = 895	Review batch 895	/reports/2026/customer-895/result.tsv	sql,report	5	Routine result 895 for the reporting dashboard
896	Customer 896	Europe	New	2026-09-28	2026-10-28	548.35	EUR	Lin	customer896@example.test	SELECT * FROM results WHERE id = 896	Review batch 896	/reports/2026/customer-896/result.tsv	sql,report	1	Routine result 896 for the reporting dashboard
897	Customer 897	North America	Queued	2026-09-01	2026-10-01	550.08	EUR	Sam	customer897@example.test	SELECT * FROM results WHERE id = 897	Review batch 897	/reports/2026/customer-897/result.tsv	sql,report	2	Routine result 897 for the reporting dashboard
898	Customer 898	Asia Pacific	Running	2026-09-02	2026-10-02	551.81	EUR	Éva	customer898@example.test	SELECT * FROM results WHERE id = 898	Review batch 898	/reports/2026/customer-898/result.tsv	sql,report	3	Routine result 898 for the reporting dashboard
899	Customer 899	South America	Complete	2026-09-03	2026-10-03	553.54	EUR	Noor	customer899@example.test	SELECT * FROM results WHERE id = 899	Review batch 899	/reports/2026/customer-899/result.tsv	sql,report	4	Routine result 899 for the reporting dashboard
900	Customer 900	Africa	Failed	2026-09-04	2026-10-04	555.27	EUR	Kai	customer900@example.test	SELECT * FROM results WHERE id = 900	Review batch 900	/reports/2026/customer-900/result.tsv	sql,report	5	Routine result 900 for the reporting dashboard
901	Customer 901	Europe	New	2026-09-05	2026-10-05	557.00	EUR	Ada	customer901@example.test	SELECT * FROM results WHERE id = 901	Review batch 901	/reports/2026/customer-901/result.tsv	sql,report	1	Routine result 901 for the reporting dashboard
902	Customer 902	North America	Queued	2026-09-06	2026-10-06	558.73	EUR	Lin	customer902@example.test	SELECT * FROM results WHERE id = 902	Review batch 902	/reports/2026/customer-902/result.tsv	sql,report	2	Routine result 902 for the reporting dashboard
903	Customer 903	Asia Pacific	Running	2026-09-07	2026-10-07	560.46	EUR	Sam	customer903@example.test	SELECT * FROM results WHERE id = 903	Review batch 903	/reports/2026/customer-903/result.tsv	sql\tpriority	\N	Routine result 903 for the reporting dashboard
904	Customer 904	South America	Complete	2026-09-08	2026-10-08	562.19	EUR	Éva	customer904@example.test	SELECT * FROM results WHERE id = 904	Review batch 904	/reports/2026/customer-904/result.tsv	sql,report	4	Routine result 904 for the reporting dashboard
905	Customer 905	Africa	Failed	2026-09-09	2026-10-09	563.92	EUR	Noor	customer905@example.test	SELECT customer_id, SUM(amount) FROM invoice_items WHERE customer_id = 905 GROUP BY customer_id ORDER BY SUM(amount) DESC	Review batch 905	/reports/2026/customer-905/result.tsv	sql,report	5	Routine result 905 for the reporting dashboard
906	Customer 906	Europe	New	2026-09-10	2026-10-10	565.65	EUR	Kai	customer906@example.test	SELECT * FROM results WHERE id = 906	Review batch 906	/reports/2026/customer-906/result.tsv	sql,report	1	Routine result 906 for the reporting dashboard
907	Customer 907	North America	Queued	2026-09-11	2026-10-11	567.38	EUR	Ada	customer907@example.test	SELECT * FROM results WHERE id = 907	Review batch 907	/reports/2026/customer-907/result.tsv	sql,report	2	Routine result 907 for the reporting dashboard
908	Customer 908	Asia Pacific	Running	2026-09-12	2026-10-12	569.11	EUR	Lin	customer908@example.test	SELECT * FROM results WHERE id = 908	Review batch 908	/reports/2026/customer-908/result.tsv	sql,report	3	Routine result 908 for the reporting dashboard
909	Customer 909	South America	Complete	2026-09-13	2026-10-13	570.84	EUR	Sam	customer909@example.test	SELECT * FROM results WHERE id = 909	Review batch 909	/reports/2026/customer-909/result.tsv	sql,report	4	Routine result 909 for the reporting dashboard
910	Customer 910	Africa	Failed	2026-09-14	2026-10-14	572.57	EUR	Éva	customer910@example.test	SELECT * FROM results WHERE id = 910	Review batch 910	/reports/2026/customer-910/result.tsv	sql,report	5	Routine result 910 for the reporting dashboard
911	Customer 911	Europe	New	2026-09-15	2026-10-15	574.30	EUR	Noor	customer911@example.test	SELECT * FROM results WHERE id = 911	Review batch 911	/reports/2026/customer-911/result.tsv	sql,report	1	Routine result 911 for the reporting dashboard
912	Customer 912	North America	Queued	2026-09-16	2026-10-16	576.03	EUR	Kai	customer912@example.test	SELECT * FROM results WHERE id = 912	Review batch 912	/reports/2026/customer-912/result.tsv	sql,report	2	Routine result 912 for the reporting dashboard
913	Customer 913	Asia Pacific	Running	2026-09-17	2026-10-17	577.76	EUR	Ada	customer913@example.test	SELECT * FROM results WHERE id = 913	Review batch 913	/reports/2026/customer-913/result.tsv	sql,report	3	Routine result 913 for the reporting dashboard
914	Customer 914	South America	Complete	2026-09-18	2026-10-18	579.49	EUR	Lin	customer914@example.test	SELECT * FROM results WHERE id = 914	Review batch 914	/reports/2026/customer-914/result.tsv	sql\tpriority	4	Routine result 914 for the reporting dashboard
915	Customer 915	Africa	Failed	2026-09-19	2026-10-19	581.22	EUR	Sam	customer915@example.test	SELECT * FROM results WHERE id = 915	Review batch 915	/reports/2026/customer-915/result.tsv	sql,report	5	Routine result 915 for the reporting dashboard
916	Customer 916	Europe	New	2026-09-20	2026-10-20	582.95	EUR	Éva	customer916@example.test	SELECT * FROM results WHERE id = 916	Review batch 916	/reports/2026/customer-916/result.tsv	sql,report	1	Routine result 916 for the reporting dashboard
917	Customer 917	North America	Queued	2026-09-21	2026-10-21	584.68	EUR	Noor	customer917@example.test	SELECT * FROM results WHERE id = 917	Review batch 917	/reports/2026/customer-917/result.tsv	sql,report	2	Routine result 917 for the reporting dashboard
918	Customer 918	Asia Pacific	Running	2026-09-22	2026-10-22	586.41	EUR	Kai	customer918@example.test	SELECT * FROM results WHERE id = 918	Review batch 918	/reports/2026/customer-918/result.tsv	sql,report	3	Routine result 918 for the reporting dashboard
919	Customer 919	South America	Complete	2026-09-23	2026-10-23	588.14	EUR	Ada	customer919@example.test	SELECT * FROM results WHERE id = 919	Review batch 919	/reports/2026/customer-919/result.tsv	sql,report	4	Routine result 919 for the reporting dashboard
920	Customer 920	Africa	Failed	2026-09-24	2026-10-24	589.87	EUR	Lin	customer920@example.test	SELECT * FROM results WHERE id = 920	Review batch 920	/reports/2026/customer-920/result.tsv	sql,report	5	Routine result 920 for the reporting dashboard
921	Customer 921	Europe	New	2026-09-25	2026-10-25	591.60	EUR	Sam	customer921@example.test	SELECT * FROM results WHERE id = 921	Review batch 921	/reports/2026/customer-921/result.tsv	sql,report	1	Routine result 921 for the reporting dashboard
922	Customer 922	North America	Queued	2026-09-26	2026-10-26	593.33	EUR	Éva	customer922@example.test	SELECT * FROM results WHERE id = 922	Review batch 922	/reports/2026/customer-922/result.tsv	sql,report	2	Routine result 922 for the reporting dashboard
923	Customer 923	Asia Pacific	Running	2026-09-27	2026-10-27	595.06	EUR	Noor	customer923@example.test	SELECT * FROM results WHERE id = 923	Review batch 923	/reports/2026/customer-923/result.tsv	sql,report	3	Routine result 923 for the reporting dashboard
924	Customer 924	South America	Complete	2026-09-28	2026-10-28	596.79	EUR	Kai	customer924@example.test	SELECT * FROM results WHERE id = 924	Review batch 924	/reports/2026/customer-924/result.tsv	sql,report	4	Routine result 924 for the reporting dashboard
925	Customer 925	Africa	Failed	2026-09-01	2026-10-01	598.52	EUR	Ada	customer925@example.test	SELECT * FROM results WHERE id = 925	Review batch 925	/reports/2026/customer-925/result.tsv	sql\tpriority	5	Routine result 925 for the reporting dashboard
926	Customer 926	Europe	New	2026-09-02	2026-10-02	600.25	EUR	Lin	customer926@example.test	SELECT * FROM results WHERE id = 926	First line for record 926\nSecond line with a tab\tand more detail	/reports/2026/customer-926/result.tsv	sql,report	1	Routine result 926 for the reporting dashboard
927	Customer 927	North America	Queued	2026-09-03	2026-10-03	601.98	EUR	Sam	customer927@example.test	SELECT * FROM results WHERE id = 927	Review batch 927	/reports/2026/customer-927/result.tsv	sql,report	2	Routine result 927 for the reporting dashboard
928	Customer 928	Asia Pacific	Running	2026-09-04	2026-10-04	603.71	EUR	Éva	customer928@example.test	SELECT * FROM results WHERE id = 928	Review batch 928	/reports/2026/customer-928/result.tsv	sql,report	3	Routine result 928 for the reporting dashboard
929	Customer 929	South America	Complete	2026-09-05	2026-10-05	605.44	EUR	Noor	customer929@example.test	SELECT * FROM results WHERE id = 929	Review batch 929	/reports/2026/customer-929/result.tsv	sql,report	4	Routine result 929 for the reporting dashboard
930	Customer 930	Africa	Failed	2026-09-06	2026-10-06	607.17	EUR	Kai	customer930@example.test	SELECT * FROM results WHERE id = 930	Review batch 930	/reports/2026/customer-930/result.tsv	sql,report	5	Routine result 930 for the reporting dashboard
931	Customer 931	Europe	New	2026-09-07	2026-10-07	608.90	EUR	Ada	customer931@example.test	SELECT * FROM results WHERE id = 931	Review batch 931	/reports/2026/customer-931/result.tsv	sql,report	1	Routine result 931 for the reporting dashboard
932	Customer 932	North America	Queued	2026-09-08	2026-10-08	610.63	EUR	Lin	customer932@example.test	SELECT * FROM results WHERE id = 932	Review batch 932	/reports/2026/customer-932/result.tsv	sql,report	2	Routine result 932 for the reporting dashboard
933	Customer 933	Asia Pacific	Running	2026-09-09	2026-10-09	612.36	EUR	Sam	customer933@example.test	SELECT * FROM results WHERE id = 933	Review batch 933	/reports/2026/customer-933/result.tsv	sql,report	3	Routine result 933 for the reporting dashboard
934	Customer 934	South America	Complete	2026-09-10	2026-10-10	614.09	EUR	Éva	customer934@example.test	SELECT * FROM results WHERE id = 934	Review batch 934	/reports/2026/customer-934/result.tsv	sql,report	4	Routine result 934 for the reporting dashboard
935	Customer 935	Africa	Failed	2026-09-11	2026-10-11	615.82	EUR	Noor	customer935@example.test	SELECT * FROM results WHERE id = 935	Review batch 935	/reports/2026/customer-935/result.tsv	sql,report	5	Routine result 935 for the reporting dashboard
936	Customer 936	Europe	New	2026-09-12	2026-10-12	617.55	EUR	Kai	customer936@example.test	SELECT * FROM results WHERE id = 936	Review batch 936	/reports/2026/customer-936/result.tsv	sql\tpriority	1	Routine result 936 for the reporting dashboard
937	Customer 937	North America	Queued	2026-09-13	2026-10-13	619.28	EUR	Ada	customer937@example.test	SELECT * FROM results WHERE id = 937	Review batch 937	/reports/2026/customer-937/result.tsv	sql,report	2	Routine result 937 for the reporting dashboard
938	Customer 938	Asia Pacific	Running	2026-09-14	2026-10-14	621.01	EUR	Lin	customer938@example.test	SELECT * FROM results WHERE id = 938	Review batch 938	/reports/2026/customer-938/result.tsv	sql,report	3	Routine result 938 for the reporting dashboard
939	Customer 939	South America	Complete	2026-09-15	2026-10-15	622.74	EUR	Sam	customer939@example.test	SELECT * FROM results WHERE id = 939	Review batch 939	/reports/2026/customer-939/result.tsv	sql,report	4	Routine result 939 for the reporting dashboard
940	Customer 940	Africa	Failed	2026-09-16	2026-10-16	624.47	EUR	Éva	customer940@example.test	SELECT * FROM results WHERE id = 940	Review batch 940	/reports/2026/customer-940/result.tsv	sql,report	5	Routine result 940 for the reporting dashboard
941	Customer 941	Europe	New	2026-09-17	2026-10-17	626.20	EUR	Noor	customer941@example.test	SELECT * FROM results WHERE id = 941	Review batch 941	/reports/2026/customer-941/result.tsv	sql,report	1	Routine result 941 for the reporting dashboard
942	Customer 942	North America	Queued	2026-09-18	2026-10-18	627.93	EUR	Kai	customer942@example.test	SELECT * FROM results WHERE id = 942	Review batch 942	/reports/2026/customer-942/result.tsv	sql,report	2	Routine result 942 for the reporting dashboard
943	Customer 943	Asia Pacific	Running	2026-09-19	2026-10-19	629.66	EUR	Ada	customer943@example.test	SELECT * FROM results WHERE id = 943	Review batch 943	/reports/2026/customer-943/result.tsv	sql,report	3	Routine result 943 for the reporting dashboard
944	Customer 944	South America	Complete	2026-09-20	2026-10-20	631.39	EUR	Lin	customer944@example.test	SELECT * FROM results WHERE id = 944	Review batch 944	/reports/2026/customer-944/result.tsv	sql,report	\N	Routine result 944 for the reporting dashboard
945	Customer 945	Africa	Failed	2026-09-21	2026-10-21	633.12	EUR	Sam	customer945@example.test	SELECT * FROM results WHERE id = 945	Review batch 945	/reports/2026/customer-945/result.tsv	sql,report	5	Routine result 945 for the reporting dashboard
946	Customer 946	Europe	New	2026-09-22	2026-10-22	634.85	EUR	Éva	customer946@example.test	SELECT * FROM results WHERE id = 946	Review batch 946	/reports/2026/customer-946/result.tsv	sql,report	1	Routine result 946 for the reporting dashboard
947	Customer 947	North America	Queued	2026-09-23	2026-10-23	636.58	EUR	Noor	customer947@example.test	SELECT * FROM results WHERE id = 947	Review batch 947	/reports/2026/customer-947/result.tsv	sql\tpriority	2	Routine result 947 for the reporting dashboard
948	Customer 948	Asia Pacific	Running	2026-09-24	2026-10-24	638.31	EUR	Kai	customer948@example.test	SELECT * FROM results WHERE id = 948	Review batch 948	/reports/2026/customer-948/result.tsv	sql,report	3	Routine result 948 for the reporting dashboard
949	Customer 949	South America	Complete	2026-09-25	2026-10-25	640.04	EUR	Ada	customer949@example.test	SELECT * FROM results WHERE id = 949	Review batch 949	/reports/2026/customer-949/result.tsv	sql,report	4	Routine result 949 for the reporting dashboard
950	Customer 950	Africa	Failed	2026-09-26	2026-10-26	641.77	EUR	Lin	customer950@example.test	SELECT * FROM results WHERE id = 950	Review batch 950	/reports/2026/customer-950/result.tsv	sql,report	5	Routine result 950 for the reporting dashboard
951	Customer 951	Europe	New	2026-09-27	2026-10-27	643.50	EUR	Sam	customer951@example.test	SELECT * FROM results WHERE id = 951	Review batch 951	/reports/2026/customer-951/result.tsv	sql,report	1	Routine result 951 for the reporting dashboard
952	Customer 952	North America	Queued	2026-09-28	2026-10-28	645.23	EUR	Éva	customer952@example.test	SELECT * FROM results WHERE id = 952	Review batch 952	/reports/2026/customer-952/result.tsv	sql,report	2	Routine result 952 for the reporting dashboard
953	Customer 953	Asia Pacific	Running	2026-09-01	2026-10-01	646.96	EUR	Noor	customer953@example.test	SELECT * FROM results WHERE id = 953	Review batch 953	/reports/2026/customer-953/result.tsv	sql,report	3	Routine result 953 for the reporting dashboard
954	Customer 954	South America	Complete	2026-09-02	2026-10-02	648.69	EUR	Kai	customer954@example.test	SELECT * FROM results WHERE id = 954	Review batch 954	/reports/2026/customer-954/result.tsv	sql,report	4	Routine result 954 for the reporting dashboard
955	Customer 955	Africa	Failed	2026-09-03	2026-10-03	650.42	EUR	Ada	customer955@example.test	SELECT * FROM results WHERE id = 955	Review batch 955	/reports/2026/customer-955/result.tsv	sql,report	5	Routine result 955 for the reporting dashboard
956	Customer 956	Europe	New	2026-09-04	2026-10-04	652.15	EUR	Lin	customer956@example.test	SELECT * FROM results WHERE id = 956	Review batch 956	/reports/2026/customer-956/result.tsv	sql,report	1	Routine result 956 for the reporting dashboard
957	Customer 957	North America	Queued	2026-09-05	2026-10-05	653.88	EUR	Sam	customer957@example.test	SELECT * FROM results WHERE id = 957	Review batch 957	/reports/2026/customer-957/result.tsv	sql,report	2	Routine result 957 for the reporting dashboard
958	Customer 958	Asia Pacific	Running	2026-09-06	2026-10-06	655.61	EUR	Éva	customer958@example.test	SELECT * FROM results WHERE id = 958	Review batch 958	/reports/2026/customer-958/result.tsv	sql\tpriority	3	Routine result 958 for the reporting dashboard
959	Customer 959	South America	Complete	2026-09-07	2026-10-07	657.34	EUR	Noor	customer959@example.test	SELECT * FROM results WHERE id = 959	Review batch 959	/reports/2026/customer-959/result.tsv	sql,report	4	Routine result 959 for the reporting dashboard
960	Customer 960	Africa	Failed	2026-09-08	2026-10-08	659.07	EUR	Kai	customer960@example.test	SELECT * FROM results WHERE id = 960	Review batch 960	/reports/2026/customer-960/result.tsv	sql,report	5	Routine result 960 for the reporting dashboard
961	Customer 961	Europe	New	2026-09-09	2026-10-09	660.80	EUR	Ada	customer961@example.test	SELECT * FROM results WHERE id = 961	Review batch 961	/reports/2026/customer-961/result.tsv	sql,report	1	Routine result 961 for the reporting dashboard
962	Customer 962	North America	Queued	2026-09-10	2026-10-10	662.53	EUR	Lin	customer962@example.test	SELECT * FROM results WHERE id = 962	Review batch 962	/reports/2026/customer-962/result.tsv	sql,report	2	Routine result 962 for the reporting dashboard
963	Customer 963	Asia Pacific	Running	2026-09-11	2026-10-11	664.26	EUR	Sam	customer963@example.test	SELECT * FROM results WHERE id = 963	First line for record 963\nSecond line with a tab\tand more detail	/reports/2026/customer-963/result.tsv	sql,report	3	Routine result 963 for the reporting dashboard
964	Customer 964	South America	Complete	2026-09-12	2026-10-12	665.99	EUR	Éva	customer964@example.test	SELECT * FROM results WHERE id = 964	Review batch 964	/reports/2026/customer-964/result.tsv	sql,report	4	Routine result 964 for the reporting dashboard
965	Customer 965	Africa	Failed	2026-09-13	2026-10-13	667.72	EUR	Noor	customer965@example.test	SELECT * FROM results WHERE id = 965	Review batch 965	/reports/2026/customer-965/result.tsv	sql,report	5	Routine result 965 for the reporting dashboard
966	Customer 966	Europe	New	2026-09-14	2026-10-14	669.45	EUR	Kai	customer966@example.test	SELECT * FROM results WHERE id = 966	Review batch 966	/reports/2026/customer-966/result.tsv	sql,report	1	Routine result 966 for the reporting dashboard
967	Customer 967	North America	Queued	2026-09-15	2026-10-15	671.18	EUR	Ada	customer967@example.test	SELECT * FROM results WHERE id = 967	Review batch 967	/reports/2026/customer-967/result.tsv	sql,report	2	Routine result 967 for the reporting dashboard
968	Customer 968	Asia Pacific	Running	2026-09-16	2026-10-16	672.91	EUR	Lin	customer968@example.test	SELECT * FROM results WHERE id = 968	Review batch 968	/reports/2026/customer-968/result.tsv	sql,report	3	Routine result 968 for the reporting dashboard
969	Customer 969	South America	Complete	2026-09-17	2026-10-17	674.64	EUR	Sam	customer969@example.test	SELECT * FROM results WHERE id = 969	Review batch 969	/reports/2026/customer-969/result.tsv	sql\tpriority	4	Routine result 969 for the reporting dashboard
970	Customer 970	Africa	Failed	2026-09-18	2026-10-18	676.37	EUR	Éva	customer970@example.test	SELECT * FROM results WHERE id = 970	Review batch 970	/reports/2026/customer-970/result.tsv	sql,report	5	Routine result 970 for the reporting dashboard
971	Customer 971	Europe	New	2026-09-19	2026-10-19	678.10	EUR	Noor	customer971@example.test	SELECT * FROM results WHERE id = 971	Review batch 971	/reports/2026/customer-971/result.tsv	sql,report	1	A deliberately long description for record 971: this value crosses the normal column width and tests horizontal scrolling and field truncation in the table widget.
972	Customer 972	North America	Queued	2026-09-20	2026-10-20	679.83	EUR	Kai	customer972@example.test	SELECT * FROM results WHERE id = 972	Review batch 972	/reports/2026/customer-972/result.tsv	sql,report	2	Routine result 972 for the reporting dashboard
973	Customer 973	Asia Pacific	Running	2026-09-21	2026-10-21	681.56	EUR	Ada	customer973@example.test	SELECT * FROM results WHERE id = 973	Review batch 973	/reports/2026/customer-973/result.tsv	sql,report	3	Routine result 973 for the reporting dashboard
974	Customer 974	South America	Complete	2026-09-22	2026-10-22	683.29	EUR	Lin	customer974@example.test	SELECT * FROM results WHERE id = 974	Review batch 974	/reports/2026/customer-974/result.tsv	sql,report	4	Routine result 974 for the reporting dashboard
975	Customer 975	Africa	Failed	2026-09-23	2026-10-23	685.02	EUR	Sam	customer975@example.test	SELECT * FROM results WHERE id = 975	Review batch 975	/reports/2026/customer-975/result.tsv	sql,report	5	Routine result 975 for the reporting dashboard
976	Customer 976	Europe	New	2026-09-24	2026-10-24	686.75	EUR	Éva	customer976@example.test	SELECT * FROM results WHERE id = 976	Review batch 976	/reports/2026/customer-976/result.tsv	sql,report	1	Routine result 976 for the reporting dashboard
977	Customer 977	North America	Queued	2026-09-25	2026-10-25	688.48	EUR	Noor	customer977@example.test	SELECT * FROM results WHERE id = 977	Review batch 977	/reports/2026/customer-977/result.tsv	sql,report	2	Routine result 977 for the reporting dashboard
978	Customer 978	Asia Pacific	Running	2026-09-26	2026-10-26	690.21	EUR	Kai	customer978@example.test	SELECT * FROM results WHERE id = 978	Review batch 978	/reports/2026/customer-978/result.tsv	sql,report	3	Routine result 978 for the reporting dashboard
979	Customer 979	South America	Complete	2026-09-27	2026-10-27	691.94	EUR	Ada	customer979@example.test	SELECT * FROM results WHERE id = 979	Review batch 979	/reports/2026/customer-979/result.tsv	sql,report	4	Routine result 979 for the reporting dashboard
980	Customer 980	Africa	Failed	2026-09-28	2026-10-28	693.67	EUR	Lin	customer980@example.test	SELECT * FROM results WHERE id = 980	Review batch 980	/reports/2026/customer-980/result.tsv	sql\tpriority	5	Routine result 980 for the reporting dashboard
981	Customer 981	Europe	New	2026-09-01	2026-10-01	695.40	EUR	Sam	customer981@example.test	SELECT * FROM results WHERE id = 981	Review batch 981	/reports/2026/customer-981/result.tsv	sql,report	1	Routine result 981 for the reporting dashboard
982	Customer 982	North America	Queued	2026-09-02	2026-10-02	697.13	EUR	Éva	customer982@example.test	SELECT * FROM results WHERE id = 982	Review batch 982	/reports/2026/customer-982/result.tsv	sql,report	2	Routine result 982 for the reporting dashboard
983	Customer 983	Asia Pacific	Running	2026-09-03	2026-10-03	698.86	EUR	Noor	customer983@example.test	SELECT * FROM results WHERE id = 983	Review batch 983	/reports/2026/customer-983/result.tsv	sql,report	3	Routine result 983 for the reporting dashboard
984	Customer 984	South America	Complete	2026-09-04	2026-10-04	700.59	EUR	Kai	customer984@example.test	SELECT * FROM results WHERE id = 984	Review batch 984	/reports/2026/customer-984/result.tsv	sql,report	4	Routine result 984 for the reporting dashboard
985	Customer 985	Africa	Failed	2026-09-05	2026-10-05	702.32	EUR	Ada	customer985@example.test	SELECT * FROM results WHERE id = 985	Review batch 985	/reports/2026/customer-985/result.tsv	sql,report	\N	Routine result 985 for the reporting dashboard
986	Customer 986	Europe	New	2026-09-06	2026-10-06	704.05	EUR	Lin	customer986@example.test	SELECT * FROM results WHERE id = 986	Review batch 986	/reports/2026/customer-986/result.tsv	sql,report	1	Routine result 986 for the reporting dashboard
987	Customer 987	North America	Queued	2026-09-07	2026-10-07	705.78	EUR	Sam	customer987@example.test	SELECT * FROM results WHERE id = 987	Review batch 987	/reports/2026/customer-987/result.tsv	sql,report	2	Routine result 987 for the reporting dashboard
988	Customer 988	Asia Pacific	Running	2026-09-08	2026-10-08	707.51	EUR	Éva	customer988@example.test	SELECT * FROM results WHERE id = 988	Review batch 988	/reports/2026/customer-988/result.tsv	sql,report	3	Routine result 988 for the reporting dashboard
989	Customer 989	South America	Complete	2026-09-09	2026-10-09	709.24	EUR	Noor	customer989@example.test	SELECT * FROM results WHERE id = 989	Review batch 989	/reports/2026/customer-989/result.tsv	sql,report	4	Routine result 989 for the reporting dashboard
990	Customer 990	Africa	Failed	2026-09-10	2026-10-10	710.97	EUR	Kai	customer990@example.test	SELECT * FROM results WHERE id = 990	Review batch 990	/reports/2026/customer-990/result.tsv	sql,report	5	Routine result 990 for the reporting dashboard
991	Customer 991	Europe	New	2026-09-11	2026-10-11	712.70	EUR	Ada	customer991@example.test	SELECT * FROM results WHERE id = 991	Review batch 991	/reports/2026/customer-991/result.tsv	sql\tpriority	1	Routine result 991 for the reporting dashboard
992	Customer 992	North America	Queued	2026-09-12	2026-10-12	714.43	EUR	Lin	customer992@example.test	SELECT * FROM results WHERE id = 992	Review batch 992	/reports/2026/customer-992/result.tsv	sql,report	2	Routine result 992 for the reporting dashboard
993	Customer 993	Asia Pacific	Running	2026-09-13	2026-10-13	716.16	EUR	Sam	customer993@example.test	SELECT * FROM results WHERE id = 993	Review batch 993	/reports/2026/customer-993/result.tsv	sql,report	3	Routine result 993 for the reporting dashboard
994	Customer 994	South America	Complete	2026-09-14	2026-10-14	717.89	EUR	Éva	customer994@example.test	SELECT * FROM results WHERE id = 994	Review batch 994	/reports/2026/customer-994/result.tsv	sql,report	4	Routine result 994 for the reporting dashboard
995	Customer 995	Africa	Failed	2026-09-15	2026-10-15	719.62	EUR	Noor	customer995@example.test	SELECT * FROM results WHERE id = 995	Review batch 995	/reports/2026/customer-995/result.tsv	sql,report	5	Routine result 995 for the reporting dashboard
996	Customer 996	Europe	New	2026-09-16	2026-10-16	721.35	EUR	Kai	customer996@example.test	SELECT * FROM results WHERE id = 996	Review batch 996	/reports/2026/customer-996/result.tsv	sql,report	1	Routine result 996 for the reporting dashboard
997	Customer 997	North America	Queued	2026-09-17	2026-10-17	723.08	EUR	Ada	customer997@example.test	SELECT * FROM results WHERE id = 997	Review batch 997	/reports/2026/customer-997/result.tsv	sql,report	2	Routine result 997 for the reporting dashboard
998	Customer 998	Asia Pacific	Running	2026-09-18	2026-10-18	724.81	EUR	Lin	customer998@example.test	SELECT * FROM results WHERE id = 998	Review batch 998	/reports/2026/customer-998/result.tsv	sql,report	3	Routine result 998 for the reporting dashboard
999	Customer 999	South America	Complete	2026-09-19	2026-10-19	726.54	EUR	Sam	customer999@example.test	SELECT * FROM results WHERE id = 999	Review batch 999	/reports/2026/customer-999/result.tsv	sql,report	4	Routine result 999 for the reporting dashboard
1000	Customer 1000	Africa	Failed	2026-09-20	2026-10-20	728.27	EUR	Éva	customer1000@example.test	SELECT * FROM results WHERE id = 1000	First line for record 1000\nSecond line with a tab\tand more detail	/reports/2026/customer-1000/result.tsv	sql,report	5	Routine result 1000 for the reporting dashboard
1001	Customer 1001	Europe	New	2026-09-21	2026-10-21	730.00	EUR	Noor	customer1001@example.test	SELECT * FROM results WHERE id = 1001	Review batch 1001	/reports/2026/customer-1001/result.tsv	sql,report	1	Routine result 1001 for the reporting dashboard
1002	Customer 1002	North America	Queued	2026-09-22	2026-10-22	731.73	EUR	Kai	customer1002@example.test	SELECT * FROM results WHERE id = 1002	Review batch 1002	/reports/2026/customer-1002/result.tsv	sql\tpriority	2	Routine result 1002 for the reporting dashboard
1003	Customer 1003	Asia Pacific	Running	2026-09-23	2026-10-23	733.46	EUR	Ada	customer1003@example.test	SELECT * FROM results WHERE id = 1003	Review batch 1003	/reports/2026/customer-1003/result.tsv	sql,report	3	Routine result 1003 for the reporting dashboard
1004	Customer 1004	South America	Complete	2026-09-24	2026-10-24	735.19	EUR	Lin	customer1004@example.test	SELECT * FROM results WHERE id = 1004	Review batch 1004	/reports/2026/customer-1004/result.tsv	sql,report	4	Routine result 1004 for the reporting dashboard
1005	Customer 1005	Africa	Failed	2026-09-25	2026-10-25	736.92	EUR	Sam	customer1005@example.test	SELECT * FROM results WHERE id = 1005	Review batch 1005	/reports/2026/customer-1005/result.tsv	sql,report	5	Routine result 1005 for the reporting dashboard
1006	Customer 1006	Europe	New	2026-09-26	2026-10-26	738.65	EUR	Éva	customer1006@example.test	SELECT * FROM results WHERE id = 1006	Review batch 1006	/reports/2026/customer-1006/result.tsv	sql,report	1	Routine result 1006 for the reporting dashboard
1007	Customer 1007	North America	Queued	2026-09-27	2026-10-27	740.38	EUR	Noor	customer1007@example.test	SELECT * FROM results WHERE id = 1007	Review batch 1007	/reports/2026/customer-1007/result.tsv	sql,report	2	Routine result 1007 for the reporting dashboard
1008	Customer 1008	Asia Pacific	Running	2026-09-28	2026-10-28	742.11	EUR	Kai	customer1008@example.test	SELECT * FROM results WHERE id = 1008	Review batch 1008	/reports/2026/customer-1008/result.tsv	sql,report	3	Routine result 1008 for the reporting dashboard
1009	Customer 1009	South America	Complete	2026-09-01	2026-10-01	743.84	EUR	Ada	customer1009@example.test	SELECT * FROM results WHERE id = 1009	Review batch 1009	/reports/2026/customer-1009/result.tsv	sql,report	4	Routine result 1009 for the reporting dashboard
1010	Customer 1010	Africa	Failed	2026-09-02	2026-10-02	745.57	EUR	Lin	customer1010@example.test	SELECT * FROM results WHERE id = 1010	Review batch 1010	/reports/2026/customer-1010/result.tsv	sql,report	5	Routine result 1010 for the reporting dashboard
1011	Customer 1011	Europe	New	2026-09-03	2026-10-03	747.30	EUR	Sam	customer1011@example.test	SELECT * FROM results WHERE id = 1011	Review batch 1011	/reports/2026/customer-1011/result.tsv	sql,report	1	Routine result 1011 for the reporting dashboard
1012	Customer 1012	North America	Queued	2026-09-04	2026-10-04	749.03	EUR	Éva	customer1012@example.test	SELECT * FROM results WHERE id = 1012	Review batch 1012	/reports/2026/customer-1012/result.tsv	sql,report	2	Routine result 1012 for the reporting dashboard
1013	Customer 1013	Asia Pacific	Running	2026-09-05	2026-10-05	750.76	EUR	Noor	customer1013@example.test	SELECT * FROM results WHERE id = 1013	Review batch 1013	/reports/2026/customer-1013/result.tsv	sql\tpriority	3	Routine result 1013 for the reporting dashboard
1014	Customer 1014	South America	Complete	2026-09-06	2026-10-06	752.49	EUR	Kai	customer1014@example.test	SELECT * FROM results WHERE id = 1014	Review batch 1014	/reports/2026/customer-1014/result.tsv	sql,report	4	Routine result 1014 for the reporting dashboard
1015	Customer 1015	Africa	Failed	2026-09-07	2026-10-07	754.22	EUR	Ada	customer1015@example.test	SELECT * FROM results WHERE id = 1015	Review batch 1015	/reports/2026/customer-1015/result.tsv	sql,report	5	Routine result 1015 for the reporting dashboard
1016	Customer 1016	Europe	New	2026-09-08	2026-10-08	755.95	EUR	Lin	customer1016@example.test	SELECT * FROM results WHERE id = 1016	Review batch 1016	/reports/2026/customer-1016/result.tsv	sql,report	1	Routine result 1016 for the reporting dashboard
1017	Customer 1017	North America	Queued	2026-09-09	2026-10-09	757.68	EUR	Sam	customer1017@example.test	SELECT * FROM results WHERE id = 1017	Review batch 1017	/reports/2026/customer-1017/result.tsv	sql,report	2	Routine result 1017 for the reporting dashboard
1018	Customer 1018	Asia Pacific	Running	2026-09-10	2026-10-10	759.41	EUR	Éva	customer1018@example.test	SELECT customer_id, SUM(amount) FROM invoice_items WHERE customer_id = 1018 GROUP BY customer_id ORDER BY SUM(amount) DESC	Review batch 1018	/reports/2026/customer-1018/result.tsv	sql,report	3	Routine result 1018 for the reporting dashboard
1019	Customer 1019	South America	Complete	2026-09-11	2026-10-11	761.14	EUR	Noor	customer1019@example.test	SELECT * FROM results WHERE id = 1019	Review batch 1019	/reports/2026/customer-1019/result.tsv	sql,report	4	Routine result 1019 for the reporting dashboard
1020	Customer 1020	Africa	Failed	2026-09-12	2026-10-12	762.87	EUR	Kai	customer1020@example.test	SELECT * FROM results WHERE id = 1020	Review batch 1020	/reports/2026/customer-1020/result.tsv	sql,report	5	Routine result 1020 for the reporting dashboard
1021	Customer 1021	Europe	New	2026-09-13	2026-10-13	764.60	EUR	Ada	customer1021@example.test	SELECT * FROM results WHERE id = 1021	Review batch 1021	/reports/2026/customer-1021/result.tsv	sql,report	1	Routine result 1021 for the reporting dashboard
1022	Customer 1022	North America	Queued	2026-09-14	2026-10-14	766.33	EUR	Lin	customer1022@example.test	SELECT * FROM results WHERE id = 1022	Review batch 1022	/reports/2026/customer-1022/result.tsv	sql,report	2	Routine result 1022 for the reporting dashboard
1023	Customer 1023	Asia Pacific	Running	2026-09-15	2026-10-15	768.06	EUR	Sam	customer1023@example.test	SELECT * FROM results WHERE id = 1023	Review batch 1023	/reports/2026/customer-1023/result.tsv	sql,report	3	Routine result 1023 for the reporting dashboard
1024	Customer 1024	South America	Complete	2026-09-16	2026-10-16	769.79	EUR	Éva	customer1024@example.test	SELECT * FROM results WHERE id = 1024	Review batch 1024	/reports/2026/customer-1024/result.tsv	sql\tpriority	4	Routine result 1024 for the reporting dashboard
1025	Customer 1025	Africa	Failed	2026-09-17	2026-10-17	771.52	EUR	Noor	customer1025@example.test	SELECT * FROM results WHERE id = 1025	Review batch 1025	/reports/2026/customer-1025/result.tsv	sql,report	5	Routine result 1025 for the reporting dashboard
1026	Customer 1026	Europe	New	2026-09-18	2026-10-18	773.25	EUR	Kai	customer1026@example.test	SELECT * FROM results WHERE id = 1026	Review batch 1026	/reports/2026/customer-1026/result.tsv	sql,report	\N	Routine result 1026 for the reporting dashboard
1027	Customer 1027	North America	Queued	2026-09-19	2026-10-19	774.98	EUR	Ada	customer1027@example.test	SELECT * FROM results WHERE id = 1027	Review batch 1027	/reports/2026/customer-1027/result.tsv	sql,report	2	Routine result 1027 for the reporting dashboard
1028	Customer 1028	Asia Pacific	Running	2026-09-20	2026-10-20	776.71	EUR	Lin	customer1028@example.test	SELECT * FROM results WHERE id = 1028	Review batch 1028	/reports/2026/customer-1028/result.tsv	sql,report	3	Routine result 1028 for the reporting dashboard
1029	Customer 1029	South America	Complete	2026-09-21	2026-10-21	778.44	EUR	Sam	customer1029@example.test	SELECT * FROM results WHERE id = 1029	Review batch 1029	/reports/2026/customer-1029/result.tsv	sql,report	4	Routine result 1029 for the reporting dashboard
1030	Customer 1030	Africa	Failed	2026-09-22	2026-10-22	780.17	EUR	Éva	customer1030@example.test	SELECT * FROM results WHERE id = 1030	Review batch 1030	/reports/2026/customer-1030/result.tsv	sql,report	5	Routine result 1030 for the reporting dashboard
1031	Customer 1031	Europe	New	2026-09-23	2026-10-23	781.90	EUR	Noor	customer1031@example.test	SELECT * FROM results WHERE id = 1031	Review batch 1031	/reports/2026/customer-1031/result.tsv	sql,report	1	Routine result 1031 for the reporting dashboard
1032	Customer 1032	North America	Queued	2026-09-24	2026-10-24	783.63	EUR	Kai	customer1032@example.test	SELECT * FROM results WHERE id = 1032	Review batch 1032	/reports/2026/customer-1032/result.tsv	sql,report	2	Routine result 1032 for the reporting dashboard
1033	Customer 1033	Asia Pacific	Running	2026-09-25	2026-10-25	785.36	EUR	Ada	customer1033@example.test	SELECT * FROM results WHERE id = 1033	Review batch 1033	/reports/2026/customer-1033/result.tsv	sql,report	3	Routine result 1033 for the reporting dashboard
1034	Customer 1034	South America	Complete	2026-09-26	2026-10-26	787.09	EUR	Lin	customer1034@example.test	SELECT * FROM results WHERE id = 1034	Review batch 1034	/reports/2026/customer-1034/result.tsv	sql,report	4	Routine result 1034 for the reporting dashboard
1035	Customer 1035	Africa	Failed	2026-09-27	2026-10-27	788.82	EUR	Sam	customer1035@example.test	SELECT * FROM results WHERE id = 1035	Review batch 1035	/reports/2026/customer-1035/result.tsv	sql\tpriority	5	Routine result 1035 for the reporting dashboard
1036	Customer 1036	Europe	New	2026-09-28	2026-10-28	790.55	EUR	Éva	customer1036@example.test	SELECT * FROM results WHERE id = 1036	Review batch 1036	/reports/2026/customer-1036/result.tsv	sql,report	1	Routine result 1036 for the reporting dashboard
1037	Customer 1037	North America	Queued	2026-09-01	2026-10-01	792.28	EUR	Noor	customer1037@example.test	SELECT * FROM results WHERE id = 1037	First line for record 1037\nSecond line with a tab\tand more detail	/reports/2026/customer-1037/result.tsv	sql,report	2	Routine result 1037 for the reporting dashboard
1038	Customer 1038	Asia Pacific	Running	2026-09-02	2026-10-02	794.01	EUR	Kai	customer1038@example.test	SELECT * FROM results WHERE id = 1038	Review batch 1038	/reports/2026/customer-1038/result.tsv	sql,report	3	Routine result 1038 for the reporting dashboard
1039	Customer 1039	South America	Complete	2026-09-03	2026-10-03	795.74	EUR	Ada	customer1039@example.test	SELECT * FROM results WHERE id = 1039	Review batch 1039	/reports/2026/customer-1039/result.tsv	sql,report	4	Routine result 1039 for the reporting dashboard
1040	Customer 1040	Africa	Failed	2026-09-04	2026-10-04	797.47	EUR	Lin	customer1040@example.test	SELECT * FROM results WHERE id = 1040	Review batch 1040	/reports/2026/customer-1040/result.tsv	sql,report	5	Routine result 1040 for the reporting dashboard
1041	Customer 1041	Europe	New	2026-09-05	2026-10-05	799.20	EUR	Sam	customer1041@example.test	SELECT * FROM results WHERE id = 1041	Review batch 1041	/reports/2026/customer-1041/result.tsv	sql,report	1	Routine result 1041 for the reporting dashboard
1042	Customer 1042	North America	Queued	2026-09-06	2026-10-06	800.93	EUR	Éva	customer1042@example.test	SELECT * FROM results WHERE id = 1042	Review batch 1042	/reports/2026/customer-1042/result.tsv	sql,report	2	Routine result 1042 for the reporting dashboard
1043	Customer 1043	Asia Pacific	Running	2026-09-07	2026-10-07	802.66	EUR	Noor	customer1043@example.test	SELECT * FROM results WHERE id = 1043	Review batch 1043	/reports/2026/customer-1043/result.tsv	sql,report	3	Routine result 1043 for the reporting dashboard
1044	Customer 1044	South America	Complete	2026-09-08	2026-10-08	804.39	EUR	Kai	customer1044@example.test	SELECT * FROM results WHERE id = 1044	Review batch 1044	/reports/2026/customer-1044/result.tsv	sql,report	4	Routine result 1044 for the reporting dashboard
1045	Customer 1045	Africa	Failed	2026-09-09	2026-10-09	806.12	EUR	Ada	customer1045@example.test	SELECT * FROM results WHERE id = 1045	Review batch 1045	/reports/2026/customer-1045/result.tsv	sql,report	5	Routine result 1045 for the reporting dashboard
1046	Customer 1046	Europe	New	2026-09-10	2026-10-10	807.85	EUR	Lin	customer1046@example.test	SELECT * FROM results WHERE id = 1046	Review batch 1046	/reports/2026/customer-1046/result.tsv	sql\tpriority	1	Routine result 1046 for the reporting dashboard
1047	Customer 1047	North America	Queued	2026-09-11	2026-10-11	809.58	EUR	Sam	customer1047@example.test	SELECT * FROM results WHERE id = 1047	Review batch 1047	/reports/2026/customer-1047/result.tsv	sql,report	2	Routine result 1047 for the reporting dashboard
1048	Customer 1048	Asia Pacific	Running	2026-09-12	2026-10-12	811.31	EUR	Éva	customer1048@example.test	SELECT * FROM results WHERE id = 1048	Review batch 1048	/reports/2026/customer-1048/result.tsv	sql,report	3	Routine result 1048 for the reporting dashboard
1049	Customer 1049	South America	Complete	2026-09-13	2026-10-13	813.04	EUR	Noor	customer1049@example.test	SELECT * FROM results WHERE id = 1049	Review batch 1049	/reports/2026/customer-1049/result.tsv	sql,report	4	Routine result 1049 for the reporting dashboard
1050	Customer 1050	Africa	Failed	2026-09-14	2026-10-14	814.77	EUR	Kai	customer1050@example.test	SELECT * FROM results WHERE id = 1050	Review batch 1050	/reports/2026/customer-1050/result.tsv	sql,report	5	Routine result 1050 for the reporting dashboard
1051	Customer 1051	Europe	New	2026-09-15	2026-10-15	816.50	EUR	Ada	customer1051@example.test	SELECT * FROM results WHERE id = 1051	Review batch 1051	/reports/2026/customer-1051/result.tsv	sql,report	1	Routine result 1051 for the reporting dashboard
1052	Customer 1052	North America	Queued	2026-09-16	2026-10-16	818.23	EUR	Lin	customer1052@example.test	SELECT * FROM results WHERE id = 1052	Review batch 1052	/reports/2026/customer-1052/result.tsv	sql,report	2	Routine result 1052 for the reporting dashboard
1053	Customer 1053	Asia Pacific	Running	2026-09-17	2026-10-17	819.96	EUR	Sam	customer1053@example.test	SELECT * FROM results WHERE id = 1053	Review batch 1053	/reports/2026/customer-1053/result.tsv	sql,report	3	Routine result 1053 for the reporting dashboard
1054	Customer 1054	South America	Complete	2026-09-18	2026-10-18	821.69	EUR	Éva	customer1054@example.test	SELECT * FROM results WHERE id = 1054	Review batch 1054	/reports/2026/customer-1054/result.tsv	sql,report	4	Routine result 1054 for the reporting dashboard
1055	Customer 1055	Africa	Failed	2026-09-19	2026-10-19	823.42	EUR	Noor	customer1055@example.test	SELECT * FROM results WHERE id = 1055	Review batch 1055	/reports/2026/customer-1055/result.tsv	sql,report	5	Routine result 1055 for the reporting dashboard
1056	Customer 1056	Europe	New	2026-09-20	2026-10-20	825.15	EUR	Kai	customer1056@example.test	SELECT * FROM results WHERE id = 1056	Review batch 1056	/reports/2026/customer-1056/result.tsv	sql,report	1	Routine result 1056 for the reporting dashboard
1057	Customer 1057	North America	Queued	2026-09-21	2026-10-21	826.88	EUR	Ada	customer1057@example.test	SELECT * FROM results WHERE id = 1057	Review batch 1057	/reports/2026/customer-1057/result.tsv	sql\tpriority	2	Routine result 1057 for the reporting dashboard
1058	Customer 1058	Asia Pacific	Running	2026-09-22	2026-10-22	828.61	EUR	Lin	customer1058@example.test	SELECT * FROM results WHERE id = 1058	Review batch 1058	/reports/2026/customer-1058/result.tsv	sql,report	3	Routine result 1058 for the reporting dashboard
1059	Customer 1059	South America	Complete	2026-09-23	2026-10-23	830.34	EUR	Sam	customer1059@example.test	SELECT * FROM results WHERE id = 1059	Review batch 1059	/reports/2026/customer-1059/result.tsv	sql,report	4	Routine result 1059 for the reporting dashboard
1060	Customer 1060	Africa	Failed	2026-09-24	2026-10-24	832.07	EUR	Éva	customer1060@example.test	SELECT * FROM results WHERE id = 1060	Review batch 1060	/reports/2026/customer-1060/result.tsv	sql,report	5	Routine result 1060 for the reporting dashboard
1061	Customer 1061	Europe	New	2026-09-25	2026-10-25	833.80	EUR	Noor	customer1061@example.test	SELECT * FROM results WHERE id = 1061	Review batch 1061	/reports/2026/customer-1061/result.tsv	sql,report	1	Routine result 1061 for the reporting dashboard
1062	Customer 1062	North America	Queued	2026-09-26	2026-10-26	835.53	EUR	Kai	customer1062@example.test	SELECT * FROM results WHERE id = 1062	Review batch 1062	/reports/2026/customer-1062/result.tsv	sql,report	2	Routine result 1062 for the reporting dashboard
1063	Customer 1063	Asia Pacific	Running	2026-09-27	2026-10-27	837.26	EUR	Ada	customer1063@example.test	SELECT * FROM results WHERE id = 1063	Review batch 1063	/reports/2026/customer-1063/result.tsv	sql,report	3	Routine result 1063 for the reporting dashboard
1064	Customer 1064	South America	Complete	2026-09-28	2026-10-28	838.99	EUR	Lin	customer1064@example.test	SELECT * FROM results WHERE id = 1064	Review batch 1064	/reports/2026/customer-1064/result.tsv	sql,report	4	Routine result 1064 for the reporting dashboard
1065	Customer 1065	Africa	Failed	2026-09-01	2026-10-01	840.72	EUR	Sam	customer1065@example.test	SELECT * FROM results WHERE id = 1065	Review batch 1065	/reports/2026/customer-1065/result.tsv	sql,report	5	Routine result 1065 for the reporting dashboard
1066	Customer 1066	Europe	New	2026-09-02	2026-10-02	842.45	EUR	Éva	customer1066@example.test	SELECT * FROM results WHERE id = 1066	Review batch 1066	/reports/2026/customer-1066/result.tsv	sql,report	1	Routine result 1066 for the reporting dashboard
1067	Customer 1067	North America	Queued	2026-09-03	2026-10-03	844.18	EUR	Noor	customer1067@example.test	SELECT * FROM results WHERE id = 1067	Review batch 1067	/reports/2026/customer-1067/result.tsv	sql,report	\N	Routine result 1067 for the reporting dashboard
1068	Customer 1068	Asia Pacific	Running	2026-09-04	2026-10-04	845.91	EUR	Kai	customer1068@example.test	SELECT * FROM results WHERE id = 1068	Review batch 1068	/reports/2026/customer-1068/result.tsv	sql\tpriority	3	A deliberately long description for record 1068: this value crosses the normal column width and tests horizontal scrolling and field truncation in the table widget.
1069	Customer 1069	South America	Complete	2026-09-05	2026-10-05	847.64	EUR	Ada	customer1069@example.test	SELECT * FROM results WHERE id = 1069	Review batch 1069	/reports/2026/customer-1069/result.tsv	sql,report	4	Routine result 1069 for the reporting dashboard
1070	Customer 1070	Africa	Failed	2026-09-06	2026-10-06	849.37	EUR	Lin	customer1070@example.test	SELECT * FROM results WHERE id = 1070	Review batch 1070	/reports/2026/customer-1070/result.tsv	sql,report	5	Routine result 1070 for the reporting dashboard
1071	Customer 1071	Europe	New	2026-09-07	2026-10-07	851.10	EUR	Sam	customer1071@example.test	SELECT * FROM results WHERE id = 1071	Review batch 1071	/reports/2026/customer-1071/result.tsv	sql,report	1	Routine result 1071 for the reporting dashboard
1072	Customer 1072	North America	Queued	2026-09-08	2026-10-08	852.83	EUR	Éva	customer1072@example.test	SELECT * FROM results WHERE id = 1072	Review batch 1072	/reports/2026/customer-1072/result.tsv	sql,report	2	Routine result 1072 for the reporting dashboard
1073	Customer 1073	Asia Pacific	Running	2026-09-09	2026-10-09	854.56	EUR	Noor	customer1073@example.test	SELECT * FROM results WHERE id = 1073	Review batch 1073	/reports/2026/customer-1073/result.tsv	sql,report	3	Routine result 1073 for the reporting dashboard
1074	Customer 1074	South America	Complete	2026-09-10	2026-10-10	856.29	EUR	Kai	customer1074@example.test	SELECT * FROM results WHERE id = 1074	First line for record 1074\nSecond line with a tab\tand more detail	/reports/2026/customer-1074/result.tsv	sql,report	4	Routine result 1074 for the reporting dashboard
1075	Customer 1075	Africa	Failed	2026-09-11	2026-10-11	858.02	EUR	Ada	customer1075@example.test	SELECT * FROM results WHERE id = 1075	Review batch 1075	/reports/2026/customer-1075/result.tsv	sql,report	5	Routine result 1075 for the reporting dashboard
1076	Customer 1076	Europe	New	2026-09-12	2026-10-12	859.75	EUR	Lin	customer1076@example.test	SELECT * FROM results WHERE id = 1076	Review batch 1076	/reports/2026/customer-1076/result.tsv	sql,report	1	Routine result 1076 for the reporting dashboard
1077	Customer 1077	North America	Queued	2026-09-13	2026-10-13	861.48	EUR	Sam	customer1077@example.test	SELECT * FROM results WHERE id = 1077	Review batch 1077	/reports/2026/customer-1077/result.tsv	sql,report	2	Routine result 1077 for the reporting dashboard
1078	Customer 1078	Asia Pacific	Running	2026-09-14	2026-10-14	863.21	EUR	Éva	customer1078@example.test	SELECT * FROM results WHERE id = 1078	Review batch 1078	/reports/2026/customer-1078/result.tsv	sql,report	3	Routine result 1078 for the reporting dashboard
1079	Customer 1079	South America	Complete	2026-09-15	2026-10-15	864.94	EUR	Noor	customer1079@example.test	SELECT * FROM results WHERE id = 1079	Review batch 1079	/reports/2026/customer-1079/result.tsv	sql\tpriority	4	Routine result 1079 for the reporting dashboard
1080	Customer 1080	Africa	Failed	2026-09-16	2026-10-16	866.67	EUR	Kai	customer1080@example.test	SELECT * FROM results WHERE id = 1080	Review batch 1080	/reports/2026/customer-1080/result.tsv	sql,report	5	Routine result 1080 for the reporting dashboard
1081	Customer 1081	Europe	New	2026-09-17	2026-10-17	868.40	EUR	Ada	customer1081@example.test	SELECT * FROM results WHERE id = 1081	Review batch 1081	/reports/2026/customer-1081/result.tsv	sql,report	1	Routine result 1081 for the reporting dashboard
1082	Customer 1082	North America	Queued	2026-09-18	2026-10-18	870.13	EUR	Lin	customer1082@example.test	SELECT * FROM results WHERE id = 1082	Review batch 1082	/reports/2026/customer-1082/result.tsv	sql,report	2	Routine result 1082 for the reporting dashboard
1083	Customer 1083	Asia Pacific	Running	2026-09-19	2026-10-19	871.86	EUR	Sam	customer1083@example.test	SELECT * FROM results WHERE id = 1083	Review batch 1083	/reports/2026/customer-1083/result.tsv	sql,report	3	Routine result 1083 for the reporting dashboard
1084	Customer 1084	South America	Complete	2026-09-20	2026-10-20	873.59	EUR	Éva	customer1084@example.test	SELECT * FROM results WHERE id = 1084	Review batch 1084	/reports/2026/customer-1084/result.tsv	sql,report	4	Routine result 1084 for the reporting dashboard
1085	Customer 1085	Africa	Failed	2026-09-21	2026-10-21	875.32	EUR	Noor	customer1085@example.test	SELECT * FROM results WHERE id = 1085	Review batch 1085	/reports/2026/customer-1085/result.tsv	sql,report	5	Routine result 1085 for the reporting dashboard
1086	Customer 1086	Europe	New	2026-09-22	2026-10-22	877.05	EUR	Kai	customer1086@example.test	SELECT * FROM results WHERE id = 1086	Review batch 1086	/reports/2026/customer-1086/result.tsv	sql,report	1	Routine result 1086 for the reporting dashboard
1087	Customer 1087	North America	Queued	2026-09-23	2026-10-23	878.78	EUR	Ada	customer1087@example.test	SELECT * FROM results WHERE id = 1087	Review batch 1087	/reports/2026/customer-1087/result.tsv	sql,report	2	Routine result 1087 for the reporting dashboard
1088	Customer 1088	Asia Pacific	Running	2026-09-24	2026-10-24	880.51	EUR	Lin	customer1088@example.test	SELECT * FROM results WHERE id = 1088	Review batch 1088	/reports/2026/customer-1088/result.tsv	sql,report	3	Routine result 1088 for the reporting dashboard
1089	Customer 1089	South America	Complete	2026-09-25	2026-10-25	882.24	EUR	Sam	customer1089@example.test	SELECT * FROM results WHERE id = 1089	Review batch 1089	/reports/2026/customer-1089/result.tsv	sql,report	4	Routine result 1089 for the reporting dashboard
1090	Customer 1090	Africa	Failed	2026-09-26	2026-10-26	883.97	EUR	Éva	customer1090@example.test	SELECT * FROM results WHERE id = 1090	Review batch 1090	/reports/2026/customer-1090/result.tsv	sql\tpriority	5	Routine result 1090 for the reporting dashboard
1091	Customer 1091	Europe	New	2026-09-27	2026-10-27	885.70	EUR	Noor	customer1091@example.test	SELECT * FROM results WHERE id = 1091	Review batch 1091	/reports/2026/customer-1091/result.tsv	sql,report	1	Routine result 1091 for the reporting dashboard
1092	Customer 1092	North America	Queued	2026-09-28	2026-10-28	887.43	EUR	Kai	customer1092@example.test	SELECT * FROM results WHERE id = 1092	Review batch 1092	/reports/2026/customer-1092/result.tsv	sql,report	2	Routine result 1092 for the reporting dashboard
1093	Customer 1093	Asia Pacific	Running	2026-09-01	2026-10-01	889.16	EUR	Ada	customer1093@example.test	SELECT * FROM results WHERE id = 1093	Review batch 1093	/reports/2026/customer-1093/result.tsv	sql,report	3	Routine result 1093 for the reporting dashboard
1094	Customer 1094	South America	Complete	2026-09-02	2026-10-02	890.89	EUR	Lin	customer1094@example.test	SELECT * FROM results WHERE id = 1094	Review batch 1094	/reports/2026/customer-1094/result.tsv	sql,report	4	Routine result 1094 for the reporting dashboard
1095	Customer 1095	Africa	Failed	2026-09-03	2026-10-03	892.62	EUR	Sam	customer1095@example.test	SELECT * FROM results WHERE id = 1095	Review batch 1095	/reports/2026/customer-1095/result.tsv	sql,report	5	Routine result 1095 for the reporting dashboard
1096	Customer 1096	Europe	New	2026-09-04	2026-10-04	894.35	EUR	Éva	customer1096@example.test	SELECT * FROM results WHERE id = 1096	Review batch 1096	/reports/2026/customer-1096/result.tsv	sql,report	1	Routine result 1096 for the reporting dashboard
1097	Customer 1097	North America	Queued	2026-09-05	2026-10-05	896.08	EUR	Noor	customer1097@example.test	SELECT * FROM results WHERE id = 1097	Review batch 1097	/reports/2026/customer-1097/result.tsv	sql,report	2	Routine result 1097 for the reporting dashboard
1098	Customer 1098	Asia Pacific	Running	2026-09-06	2026-10-06	897.81	EUR	Kai	customer1098@example.test	SELECT * FROM results WHERE id = 1098	Review batch 1098	/reports/2026/customer-1098/result.tsv	sql,report	3	Routine result 1098 for the reporting dashboard
1099	Customer 1099	South America	Complete	2026-09-07	2026-10-07	899.54	EUR	Ada	customer1099@example.test	SELECT * FROM results WHERE id = 1099	Review batch 1099	/reports/2026/customer-1099/result.tsv	sql,report	4	Routine result 1099 for the reporting dashboard
1100	Customer 1100	Africa	Failed	2026-09-08	2026-10-08	901.27	EUR	Lin	customer1100@example.test	SELECT * FROM results WHERE id = 1100	Review batch 1100	/reports/2026/customer-1100/result.tsv	sql,report	5	Routine result 1100 for the reporting dashboard
1101	Customer 1101	Europe	New	2026-09-09	2026-10-09	903.00	EUR	Sam	customer1101@example.test	SELECT * FROM results WHERE id = 1101	Review batch 1101	/reports/2026/customer-1101/result.tsv	sql\tpriority	1	Routine result 1101 for the reporting dashboard
1102	Customer 1102	North America	Queued	2026-09-10	2026-10-10	904.73	EUR	Éva	customer1102@example.test	SELECT * FROM results WHERE id = 1102	Review batch 1102	/reports/2026/customer-1102/result.tsv	sql,report	2	Routine result 1102 for the reporting dashboard
1103	Customer 1103	Asia Pacific	Running	2026-09-11	2026-10-11	906.46	EUR	Noor	customer1103@example.test	SELECT * FROM results WHERE id = 1103	Review batch 1103	/reports/2026/customer-1103/result.tsv	sql,report	3	Routine result 1103 for the reporting dashboard
1104	Customer 1104	South America	Complete	2026-09-12	2026-10-12	908.19	EUR	Kai	customer1104@example.test	SELECT * FROM results WHERE id = 1104	Review batch 1104	/reports/2026/customer-1104/result.tsv	sql,report	4	Routine result 1104 for the reporting dashboard
1105	Customer 1105	Africa	Failed	2026-09-13	2026-10-13	909.92	EUR	Ada	customer1105@example.test	SELECT * FROM results WHERE id = 1105	Review batch 1105	/reports/2026/customer-1105/result.tsv	sql,report	5	Routine result 1105 for the reporting dashboard
1106	Customer 1106	Europe	New	2026-09-14	2026-10-14	911.65	EUR	Lin	customer1106@example.test	SELECT * FROM results WHERE id = 1106	Review batch 1106	/reports/2026/customer-1106/result.tsv	sql,report	1	Routine result 1106 for the reporting dashboard
1107	Customer 1107	North America	Queued	2026-09-15	2026-10-15	913.38	EUR	Sam	customer1107@example.test	SELECT * FROM results WHERE id = 1107	Review batch 1107	/reports/2026/customer-1107/result.tsv	sql,report	2	Routine result 1107 for the reporting dashboard
1108	Customer 1108	Asia Pacific	Running	2026-09-16	2026-10-16	915.11	EUR	Éva	customer1108@example.test	SELECT * FROM results WHERE id = 1108	Review batch 1108	/reports/2026/customer-1108/result.tsv	sql,report	\N	Routine result 1108 for the reporting dashboard
1109	Customer 1109	South America	Complete	2026-09-17	2026-10-17	916.84	EUR	Noor	customer1109@example.test	SELECT * FROM results WHERE id = 1109	Review batch 1109	/reports/2026/customer-1109/result.tsv	sql,report	4	Routine result 1109 for the reporting dashboard
1110	Customer 1110	Africa	Failed	2026-09-18	2026-10-18	918.57	EUR	Kai	customer1110@example.test	SELECT * FROM results WHERE id = 1110	Review batch 1110	/reports/2026/customer-1110/result.tsv	sql,report	5	Routine result 1110 for the reporting dashboard
1111	Customer 1111	Europe	New	2026-09-19	2026-10-19	920.30	EUR	Ada	customer1111@example.test	SELECT * FROM results WHERE id = 1111	First line for record 1111\nSecond line with a tab\tand more detail	/reports/2026/customer-1111/result.tsv	sql,report	1	Routine result 1111 for the reporting dashboard
1112	Customer 1112	North America	Queued	2026-09-20	2026-10-20	922.03	EUR	Lin	customer1112@example.test	SELECT * FROM results WHERE id = 1112	Review batch 1112	/reports/2026/customer-1112/result.tsv	sql\tpriority	2	Routine result 1112 for the reporting dashboard
1113	Customer 1113	Asia Pacific	Running	2026-09-21	2026-10-21	923.76	EUR	Sam	customer1113@example.test	SELECT * FROM results WHERE id = 1113	Review batch 1113	/reports/2026/customer-1113/result.tsv	sql,report	3	Routine result 1113 for the reporting dashboard
1114	Customer 1114	South America	Complete	2026-09-22	2026-10-22	925.49	EUR	Éva	customer1114@example.test	SELECT * FROM results WHERE id = 1114	Review batch 1114	/reports/2026/customer-1114/result.tsv	sql,report	4	Routine result 1114 for the reporting dashboard
1115	Customer 1115	Africa	Failed	2026-09-23	2026-10-23	927.22	EUR	Noor	customer1115@example.test	SELECT * FROM results WHERE id = 1115	Review batch 1115	/reports/2026/customer-1115/result.tsv	sql,report	5	Routine result 1115 for the reporting dashboard
1116	Customer 1116	Europe	New	2026-09-24	2026-10-24	928.95	EUR	Kai	customer1116@example.test	SELECT * FROM results WHERE id = 1116	Review batch 1116	/reports/2026/customer-1116/result.tsv	sql,report	1	Routine result 1116 for the reporting dashboard
1117	Customer 1117	North America	Queued	2026-09-25	2026-10-25	930.68	EUR	Ada	customer1117@example.test	SELECT * FROM results WHERE id = 1117	Review batch 1117	/reports/2026/customer-1117/result.tsv	sql,report	2	Routine result 1117 for the reporting dashboard
1118	Customer 1118	Asia Pacific	Running	2026-09-26	2026-10-26	932.41	EUR	Lin	customer1118@example.test	SELECT * FROM results WHERE id = 1118	Review batch 1118	/reports/2026/customer-1118/result.tsv	sql,report	3	Routine result 1118 for the reporting dashboard
1119	Customer 1119	South America	Complete	2026-09-27	2026-10-27	934.14	EUR	Sam	customer1119@example.test	SELECT * FROM results WHERE id = 1119	Review batch 1119	/reports/2026/customer-1119/result.tsv	sql,report	4	Routine result 1119 for the reporting dashboard
1120	Customer 1120	Africa	Failed	2026-09-28	2026-10-28	935.87	EUR	Éva	customer1120@example.test	SELECT * FROM results WHERE id = 1120	Review batch 1120	/reports/2026/customer-1120/result.tsv	sql,report	5	Routine result 1120 for the reporting dashboard
1121	Customer 1121	Europe	New	2026-09-01	2026-10-01	937.60	EUR	Noor	customer1121@example.test	SELECT * FROM results WHERE id = 1121	Review batch 1121	/reports/2026/customer-1121/result.tsv	sql,report	1	Routine result 1121 for the reporting dashboard
1122	Customer 1122	North America	Queued	2026-09-02	2026-10-02	939.33	EUR	Kai	customer1122@example.test	SELECT * FROM results WHERE id = 1122	Review batch 1122	/reports/2026/customer-1122/result.tsv	sql,report	2	Routine result 1122 for the reporting dashboard
1123	Customer 1123	Asia Pacific	Running	2026-09-03	2026-10-03	941.06	EUR	Ada	customer1123@example.test	SELECT * FROM results WHERE id = 1123	Review batch 1123	/reports/2026/customer-1123/result.tsv	sql\tpriority	3	Routine result 1123 for the reporting dashboard
1124	Customer 1124	South America	Complete	2026-09-04	2026-10-04	942.79	EUR	Lin	customer1124@example.test	SELECT * FROM results WHERE id = 1124	Review batch 1124	/reports/2026/customer-1124/result.tsv	sql,report	4	Routine result 1124 for the reporting dashboard
1125	Customer 1125	Africa	Failed	2026-09-05	2026-10-05	944.52	EUR	Sam	customer1125@example.test	SELECT * FROM results WHERE id = 1125	Review batch 1125	/reports/2026/customer-1125/result.tsv	sql,report	5	Routine result 1125 for the reporting dashboard
1126	Customer 1126	Europe	New	2026-09-06	2026-10-06	946.25	EUR	Éva	customer1126@example.test	SELECT * FROM results WHERE id = 1126	Review batch 1126	/reports/2026/customer-1126/result.tsv	sql,report	1	Routine result 1126 for the reporting dashboard
1127	Customer 1127	North America	Queued	2026-09-07	2026-10-07	947.98	EUR	Noor	customer1127@example.test	SELECT * FROM results WHERE id = 1127	Review batch 1127	/reports/2026/customer-1127/result.tsv	sql,report	2	Routine result 1127 for the reporting dashboard
1128	Customer 1128	Asia Pacific	Running	2026-09-08	2026-10-08	949.71	EUR	Kai	customer1128@example.test	SELECT * FROM results WHERE id = 1128	Review batch 1128	/reports/2026/customer-1128/result.tsv	sql,report	3	Routine result 1128 for the reporting dashboard
1129	Customer 1129	South America	Complete	2026-09-09	2026-10-09	951.44	EUR	Ada	customer1129@example.test	SELECT * FROM results WHERE id = 1129	Review batch 1129	/reports/2026/customer-1129/result.tsv	sql,report	4	Routine result 1129 for the reporting dashboard
1130	Customer 1130	Africa	Failed	2026-09-10	2026-10-10	953.17	EUR	Lin	customer1130@example.test	SELECT * FROM results WHERE id = 1130	Review batch 1130	/reports/2026/customer-1130/result.tsv	sql,report	5	Routine result 1130 for the reporting dashboard
1131	Customer 1131	Europe	New	2026-09-11	2026-10-11	954.90	EUR	Sam	customer1131@example.test	SELECT customer_id, SUM(amount) FROM invoice_items WHERE customer_id = 1131 GROUP BY customer_id ORDER BY SUM(amount) DESC	Review batch 1131	/reports/2026/customer-1131/result.tsv	sql,report	1	Routine result 1131 for the reporting dashboard
1132	Customer 1132	North America	Queued	2026-09-12	2026-10-12	956.63	EUR	Éva	customer1132@example.test	SELECT * FROM results WHERE id = 1132	Review batch 1132	/reports/2026/customer-1132/result.tsv	sql,report	2	Routine result 1132 for the reporting dashboard
1133	Customer 1133	Asia Pacific	Running	2026-09-13	2026-10-13	958.36	EUR	Noor	customer1133@example.test	SELECT * FROM results WHERE id = 1133	Review batch 1133	/reports/2026/customer-1133/result.tsv	sql,report	3	Routine result 1133 for the reporting dashboard
1134	Customer 1134	South America	Complete	2026-09-14	2026-10-14	960.09	EUR	Kai	customer1134@example.test	SELECT * FROM results WHERE id = 1134	Review batch 1134	/reports/2026/customer-1134/result.tsv	sql\tpriority	4	Routine result 1134 for the reporting dashboard
1135	Customer 1135	Africa	Failed	2026-09-15	2026-10-15	961.82	EUR	Ada	customer1135@example.test	SELECT * FROM results WHERE id = 1135	Review batch 1135	/reports/2026/customer-1135/result.tsv	sql,report	5	Routine result 1135 for the reporting dashboard
1136	Customer 1136	Europe	New	2026-09-16	2026-10-16	963.55	EUR	Lin	customer1136@example.test	SELECT * FROM results WHERE id = 1136	Review batch 1136	/reports/2026/customer-1136/result.tsv	sql,report	1	Routine result 1136 for the reporting dashboard
1137	Customer 1137	North America	Queued	2026-09-17	2026-10-17	965.28	EUR	Sam	customer1137@example.test	SELECT * FROM results WHERE id = 1137	Review batch 1137	/reports/2026/customer-1137/result.tsv	sql,report	2	Routine result 1137 for the reporting dashboard
1138	Customer 1138	Asia Pacific	Running	2026-09-18	2026-10-18	967.01	EUR	Éva	customer1138@example.test	SELECT * FROM results WHERE id = 1138	Review batch 1138	/reports/2026/customer-1138/result.tsv	sql,report	3	Routine result 1138 for the reporting dashboard
1139	Customer 1139	South America	Complete	2026-09-19	2026-10-19	968.74	EUR	Noor	customer1139@example.test	SELECT * FROM results WHERE id = 1139	Review batch 1139	/reports/2026/customer-1139/result.tsv	sql,report	4	Routine result 1139 for the reporting dashboard
1140	Customer 1140	Africa	Failed	2026-09-20	2026-10-20	970.47	EUR	Kai	customer1140@example.test	SELECT * FROM results WHERE id = 1140	Review batch 1140	/reports/2026/customer-1140/result.tsv	sql,report	5	Routine result 1140 for the reporting dashboard
1141	Customer 1141	Europe	New	2026-09-21	2026-10-21	972.20	EUR	Ada	customer1141@example.test	SELECT * FROM results WHERE id = 1141	Review batch 1141	/reports/2026/customer-1141/result.tsv	sql,report	1	Routine result 1141 for the reporting dashboard
1142	Customer 1142	North America	Queued	2026-09-22	2026-10-22	973.93	EUR	Lin	customer1142@example.test	SELECT * FROM results WHERE id = 1142	Review batch 1142	/reports/2026/customer-1142/result.tsv	sql,report	2	Routine result 1142 for the reporting dashboard
1143	Customer 1143	Asia Pacific	Running	2026-09-23	2026-10-23	975.66	EUR	Sam	customer1143@example.test	SELECT * FROM results WHERE id = 1143	Review batch 1143	/reports/2026/customer-1143/result.tsv	sql,report	3	Routine result 1143 for the reporting dashboard
1144	Customer 1144	South America	Complete	2026-09-24	2026-10-24	977.39	EUR	Éva	customer1144@example.test	SELECT * FROM results WHERE id = 1144	Review batch 1144	/reports/2026/customer-1144/result.tsv	sql,report	4	Routine result 1144 for the reporting dashboard
1145	Customer 1145	Africa	Failed	2026-09-25	2026-10-25	979.12	EUR	Noor	customer1145@example.test	SELECT * FROM results WHERE id = 1145	Review batch 1145	/reports/2026/customer-1145/result.tsv	sql\tpriority	5	Routine result 1145 for the reporting dashboard
1146	Customer 1146	Europe	New	2026-09-26	2026-10-26	980.85	EUR	Kai	customer1146@example.test	SELECT * FROM results WHERE id = 1146	Review batch 1146	/reports/2026/customer-1146/result.tsv	sql,report	1	Routine result 1146 for the reporting dashboard
1147	Customer 1147	North America	Queued	2026-09-27	2026-10-27	982.58	EUR	Ada	customer1147@example.test	SELECT * FROM results WHERE id = 1147	Review batch 1147	/reports/2026/customer-1147/result.tsv	sql,report	2	Routine result 1147 for the reporting dashboard
1148	Customer 1148	Asia Pacific	Running	2026-09-28	2026-10-28	984.31	EUR	Lin	customer1148@example.test	SELECT * FROM results WHERE id = 1148	First line for record 1148\nSecond line with a tab\tand more detail	/reports/2026/customer-1148/result.tsv	sql,report	3	Routine result 1148 for the reporting dashboard
1149	Customer 1149	South America	Complete	2026-09-01	2026-10-01	986.04	EUR	Sam	customer1149@example.test	SELECT * FROM results WHERE id = 1149	Review batch 1149	/reports/2026/customer-1149/result.tsv	sql,report	\N	Routine result 1149 for the reporting dashboard
1150	Customer 1150	Africa	Failed	2026-09-02	2026-10-02	987.77	EUR	Éva	customer1150@example.test	SELECT * FROM results WHERE id = 1150	Review batch 1150	/reports/2026/customer-1150/result.tsv	sql,report	5	Routine result 1150 for the reporting dashboard
1151	Customer 1151	Europe	New	2026-09-03	2026-10-03	989.50	EUR	Noor	customer1151@example.test	SELECT * FROM results WHERE id = 1151	Review batch 1151	/reports/2026/customer-1151/result.tsv	sql,report	1	Routine result 1151 for the reporting dashboard
1152	Customer 1152	North America	Queued	2026-09-04	2026-10-04	991.23	EUR	Kai	customer1152@example.test	SELECT * FROM results WHERE id = 1152	Review batch 1152	/reports/2026/customer-1152/result.tsv	sql,report	2	Routine result 1152 for the reporting dashboard
1153	Customer 1153	Asia Pacific	Running	2026-09-05	2026-10-05	992.96	EUR	Ada	customer1153@example.test	SELECT * FROM results WHERE id = 1153	Review batch 1153	/reports/2026/customer-1153/result.tsv	sql,report	3	Routine result 1153 for the reporting dashboard
1154	Customer 1154	South America	Complete	2026-09-06	2026-10-06	994.69	EUR	Lin	customer1154@example.test	SELECT * FROM results WHERE id = 1154	Review batch 1154	/reports/2026/customer-1154/result.tsv	sql,report	4	Routine result 1154 for the reporting dashboard
1155	Customer 1155	Africa	Failed	2026-09-07	2026-10-07	996.42	EUR	Sam	customer1155@example.test	SELECT * FROM results WHERE id = 1155	Review batch 1155	/reports/2026/customer-1155/result.tsv	sql,report	5	Routine result 1155 for the reporting dashboard
1156	Customer 1156	Europe	New	2026-09-08	2026-10-08	998.15	EUR	Éva	customer1156@example.test	SELECT * FROM results WHERE id = 1156	Review batch 1156	/reports/2026/customer-1156/result.tsv	sql\tpriority	1	Routine result 1156 for the reporting dashboard
1157	Customer 1157	North America	Queued	2026-09-09	2026-10-09	999.88	EUR	Noor	customer1157@example.test	SELECT * FROM results WHERE id = 1157	Review batch 1157	/reports/2026/customer-1157/result.tsv	sql,report	2	Routine result 1157 for the reporting dashboard
1158	Customer 1158	Asia Pacific	Running	2026-09-10	2026-10-10	1.61	EUR	Kai	customer1158@example.test	SELECT * FROM results WHERE id = 1158	Review batch 1158	/reports/2026/customer-1158/result.tsv	sql,report	3	Routine result 1158 for the reporting dashboard
1159	Customer 1159	South America	Complete	2026-09-11	2026-10-11	3.34	EUR	Ada	customer1159@example.test	SELECT * FROM results WHERE id = 1159	Review batch 1159	/reports/2026/customer-1159/result.tsv	sql,report	4	Routine result 1159 for the reporting dashboard
1160	Customer 1160	Africa	Failed	2026-09-12	2026-10-12	5.07	EUR	Lin	customer1160@example.test	SELECT * FROM results WHERE id = 1160	Review batch 1160	/reports/2026/customer-1160/result.tsv	sql,report	5	Routine result 1160 for the reporting dashboard
1161	Customer 1161	Europe	New	2026-09-13	2026-10-13	6.80	EUR	Sam	customer1161@example.test	SELECT * FROM results WHERE id = 1161	Review batch 1161	/reports/2026/customer-1161/result.tsv	sql,report	1	Routine result 1161 for the reporting dashboard
1162	Customer 1162	North America	Queued	2026-09-14	2026-10-14	8.53	EUR	Éva	customer1162@example.test	SELECT * FROM results WHERE id = 1162	Review batch 1162	/reports/2026/customer-1162/result.tsv	sql,report	2	Routine result 1162 for the reporting dashboard
1163	Customer 1163	Asia Pacific	Running	2026-09-15	2026-10-15	10.26	EUR	Noor	customer1163@example.test	SELECT * FROM results WHERE id = 1163	Review batch 1163	/reports/2026/customer-1163/result.tsv	sql,report	3	Routine result 1163 for the reporting dashboard
1164	Customer 1164	South America	Complete	2026-09-16	2026-10-16	11.99	EUR	Kai	customer1164@example.test	SELECT * FROM results WHERE id = 1164	Review batch 1164	/reports/2026/customer-1164/result.tsv	sql,report	4	Routine result 1164 for the reporting dashboard
1165	Customer 1165	Africa	Failed	2026-09-17	2026-10-17	13.72	EUR	Ada	customer1165@example.test	SELECT * FROM results WHERE id = 1165	Review batch 1165	/reports/2026/customer-1165/result.tsv	sql,report	5	A deliberately long description for record 1165: this value crosses the normal column width and tests horizontal scrolling and field truncation in the table widget.
1166	Customer 1166	Europe	New	2026-09-18	2026-10-18	15.45	EUR	Lin	customer1166@example.test	SELECT * FROM results WHERE id = 1166	Review batch 1166	/reports/2026/customer-1166/result.tsv	sql,report	1	Routine result 1166 for the reporting dashboard
1167	Customer 1167	North America	Queued	2026-09-19	2026-10-19	17.18	EUR	Sam	customer1167@example.test	SELECT * FROM results WHERE id = 1167	Review batch 1167	/reports/2026/customer-1167/result.tsv	sql\tpriority	2	Routine result 1167 for the reporting dashboard
1168	Customer 1168	Asia Pacific	Running	2026-09-20	2026-10-20	18.91	EUR	Éva	customer1168@example.test	SELECT * FROM results WHERE id = 1168	Review batch 1168	/reports/2026/customer-1168/result.tsv	sql,report	3	Routine result 1168 for the reporting dashboard
1169	Customer 1169	South America	Complete	2026-09-21	2026-10-21	20.64	EUR	Noor	customer1169@example.test	SELECT * FROM results WHERE id = 1169	Review batch 1169	/reports/2026/customer-1169/result.tsv	sql,report	4	Routine result 1169 for the reporting dashboard
1170	Customer 1170	Africa	Failed	2026-09-22	2026-10-22	22.37	EUR	Kai	customer1170@example.test	SELECT * FROM results WHERE id = 1170	Review batch 1170	/reports/2026/customer-1170/result.tsv	sql,report	5	Routine result 1170 for the reporting dashboard
1171	Customer 1171	Europe	New	2026-09-23	2026-10-23	24.10	EUR	Ada	customer1171@example.test	SELECT * FROM results WHERE id = 1171	Review batch 1171	/reports/2026/customer-1171/result.tsv	sql,report	1	Routine result 1171 for the reporting dashboard
1172	Customer 1172	North America	Queued	2026-09-24	2026-10-24	25.83	EUR	Lin	customer1172@example.test	SELECT * FROM results WHERE id = 1172	Review batch 1172	/reports/2026/customer-1172/result.tsv	sql,report	2	Routine result 1172 for the reporting dashboard
1173	Customer 1173	Asia Pacific	Running	2026-09-25	2026-10-25	27.56	EUR	Sam	customer1173@example.test	SELECT * FROM results WHERE id = 1173	Review batch 1173	/reports/2026/customer-1173/result.tsv	sql,report	3	Routine result 1173 for the reporting dashboard
1174	Customer 1174	South America	Complete	2026-09-26	2026-10-26	29.29	EUR	Éva	customer1174@example.test	SELECT * FROM results WHERE id = 1174	Review batch 1174	/reports/2026/customer-1174/result.tsv	sql,report	4	Routine result 1174 for the reporting dashboard
1175	Customer 1175	Africa	Failed	2026-09-27	2026-10-27	31.02	EUR	Noor	customer1175@example.test	SELECT * FROM results WHERE id = 1175	Review batch 1175	/reports/2026/customer-1175/result.tsv	sql,report	5	Routine result 1175 for the reporting dashboard
1176	Customer 1176	Europe	New	2026-09-28	2026-10-28	32.75	EUR	Kai	customer1176@example.test	SELECT * FROM results WHERE id = 1176	Review batch 1176	/reports/2026/customer-1176/result.tsv	sql,report	1	Routine result 1176 for the reporting dashboard
1177	Customer 1177	North America	Queued	2026-09-01	2026-10-01	34.48	EUR	Ada	customer1177@example.test	SELECT * FROM results WHERE id = 1177	Review batch 1177	/reports/2026/customer-1177/result.tsv	sql,report	2	Routine result 1177 for the reporting dashboard
1178	Customer 1178	Asia Pacific	Running	2026-09-02	2026-10-02	36.21	EUR	Lin	customer1178@example.test	SELECT * FROM results WHERE id = 1178	Review batch 1178	/reports/2026/customer-1178/result.tsv	sql\tpriority	3	Routine result 1178 for the reporting dashboard
1179	Customer 1179	South America	Complete	2026-09-03	2026-10-03	37.94	EUR	Sam	customer1179@example.test	SELECT * FROM results WHERE id = 1179	Review batch 1179	/reports/2026/customer-1179/result.tsv	sql,report	4	Routine result 1179 for the reporting dashboard
1180	Customer 1180	Africa	Failed	2026-09-04	2026-10-04	39.67	EUR	Éva	customer1180@example.test	SELECT * FROM results WHERE id = 1180	Review batch 1180	/reports/2026/customer-1180/result.tsv	sql,report	5	Routine result 1180 for the reporting dashboard
1181	Customer 1181	Europe	New	2026-09-05	2026-10-05	41.40	EUR	Noor	customer1181@example.test	SELECT * FROM results WHERE id = 1181	Review batch 1181	/reports/2026/customer-1181/result.tsv	sql,report	1	Routine result 1181 for the reporting dashboard
1182	Customer 1182	North America	Queued	2026-09-06	2026-10-06	43.13	EUR	Kai	customer1182@example.test	SELECT * FROM results WHERE id = 1182	Review batch 1182	/reports/2026/customer-1182/result.tsv	sql,report	2	Routine result 1182 for the reporting dashboard
1183	Customer 1183	Asia Pacific	Running	2026-09-07	2026-10-07	44.86	EUR	Ada	customer1183@example.test	SELECT * FROM results WHERE id = 1183	Review batch 1183	/reports/2026/customer-1183/result.tsv	sql,report	3	Routine result 1183 for the reporting dashboard
1184	Customer 1184	South America	Complete	2026-09-08	2026-10-08	46.59	EUR	Lin	customer1184@example.test	SELECT * FROM results WHERE id = 1184	Review batch 1184	/reports/2026/customer-1184/result.tsv	sql,report	4	Routine result 1184 for the reporting dashboard
1185	Customer 1185	Africa	Failed	2026-09-09	2026-10-09	48.32	EUR	Sam	customer1185@example.test	SELECT * FROM results WHERE id = 1185	First line for record 1185\nSecond line with a tab\tand more detail	/reports/2026/customer-1185/result.tsv	sql,report	5	Routine result 1185 for the reporting dashboard
1186	Customer 1186	Europe	New	2026-09-10	2026-10-10	50.05	EUR	Éva	customer1186@example.test	SELECT * FROM results WHERE id = 1186	Review batch 1186	/reports/2026/customer-1186/result.tsv	sql,report	1	Routine result 1186 for the reporting dashboard
1187	Customer 1187	North America	Queued	2026-09-11	2026-10-11	51.78	EUR	Noor	customer1187@example.test	SELECT * FROM results WHERE id = 1187	Review batch 1187	/reports/2026/customer-1187/result.tsv	sql,report	2	Routine result 1187 for the reporting dashboard
1188	Customer 1188	Asia Pacific	Running	2026-09-12	2026-10-12	53.51	EUR	Kai	customer1188@example.test	SELECT * FROM results WHERE id = 1188	Review batch 1188	/reports/2026/customer-1188/result.tsv	sql,report	3	Routine result 1188 for the reporting dashboard
1189	Customer 1189	South America	Complete	2026-09-13	2026-10-13	55.24	EUR	Ada	customer1189@example.test	SELECT * FROM results WHERE id = 1189	Review batch 1189	/reports/2026/customer-1189/result.tsv	sql\tpriority	4	Routine result 1189 for the reporting dashboard
1190	Customer 1190	Africa	Failed	2026-09-14	2026-10-14	56.97	EUR	Lin	customer1190@example.test	SELECT * FROM results WHERE id = 1190	Review batch 1190	/reports/2026/customer-1190/result.tsv	sql,report	\N	Routine result 1190 for the reporting dashboard
1191	Customer 1191	Europe	New	2026-09-15	2026-10-15	58.70	EUR	Sam	customer1191@example.test	SELECT * FROM results WHERE id = 1191	Review batch 1191	/reports/2026/customer-1191/result.tsv	sql,report	1	Routine result 1191 for the reporting dashboard
1192	Customer 1192	North America	Queued	2026-09-16	2026-10-16	60.43	EUR	Éva	customer1192@example.test	SELECT * FROM results WHERE id = 1192	Review batch 1192	/reports/2026/customer-1192/result.tsv	sql,report	2	Routine result 1192 for the reporting dashboard
1193	Customer 1193	Asia Pacific	Running	2026-09-17	2026-10-17	62.16	EUR	Noor	customer1193@example.test	SELECT * FROM results WHERE id = 1193	Review batch 1193	/reports/2026/customer-1193/result.tsv	sql,report	3	Routine result 1193 for the reporting dashboard
1194	Customer 1194	South America	Complete	2026-09-18	2026-10-18	63.89	EUR	Kai	customer1194@example.test	SELECT * FROM results WHERE id = 1194	Review batch 1194	/reports/2026/customer-1194/result.tsv	sql,report	4	Routine result 1194 for the reporting dashboard
1195	Customer 1195	Africa	Failed	2026-09-19	2026-10-19	65.62	EUR	Ada	customer1195@example.test	SELECT * FROM results WHERE id = 1195	Review batch 1195	/reports/2026/customer-1195/result.tsv	sql,report	5	Routine result 1195 for the reporting dashboard
1196	Customer 1196	Europe	New	2026-09-20	2026-10-20	67.35	EUR	Lin	customer1196@example.test	SELECT * FROM results WHERE id = 1196	Review batch 1196	/reports/2026/customer-1196/result.tsv	sql,report	1	Routine result 1196 for the reporting dashboard
1197	Customer 1197	North America	Queued	2026-09-21	2026-10-21	69.08	EUR	Sam	customer1197@example.test	SELECT * FROM results WHERE id = 1197	Review batch 1197	/reports/2026/customer-1197/result.tsv	sql,report	2	Routine result 1197 for the reporting dashboard
1198	Customer 1198	Asia Pacific	Running	2026-09-22	2026-10-22	70.81	EUR	Éva	customer1198@example.test	SELECT * FROM results WHERE id = 1198	Review batch 1198	/reports/2026/customer-1198/result.tsv	sql,report	3	Routine result 1198 for the reporting dashboard
1199	Customer 1199	South America	Complete	2026-09-23	2026-10-23	72.54	EUR	Noor	customer1199@example.test	SELECT * FROM results WHERE id = 1199	Review batch 1199	/reports/2026/customer-1199/result.tsv	sql,report	4	Routine result 1199 for the reporting dashboard
1200	Customer 1200	Africa	Failed	2026-09-24	2026-10-24	74.27	EUR	Kai	customer1200@example.test	SELECT * FROM results WHERE id = 1200	Review batch 1200	/reports/2026/customer-1200/result.tsv	sql\tpriority	5	Routine result 1200 for the reporting dashboard
1201	Customer 1201	Europe	New	2026-09-25	2026-10-25	76.00	EUR	Ada	customer1201@example.test	SELECT * FROM results WHERE id = 1201	Review batch 1201	/reports/2026/customer-1201/result.tsv	sql,report	1	Routine result 1201 for the reporting dashboard
1202	Customer 1202	North America	Queued	2026-09-26	2026-10-26	77.73	EUR	Lin	customer1202@example.test	SELECT * FROM results WHERE id = 1202	Review batch 1202	/reports/2026/customer-1202/result.tsv	sql,report	2	Routine result 1202 for the reporting dashboard
1203	Customer 1203	Asia Pacific	Running	2026-09-27	2026-10-27	79.46	EUR	Sam	customer1203@example.test	SELECT * FROM results WHERE id = 1203	Review batch 1203	/reports/2026/customer-1203/result.tsv	sql,report	3	Routine result 1203 for the reporting dashboard
1204	Customer 1204	South America	Complete	2026-09-28	2026-10-28	81.19	EUR	Éva	customer1204@example.test	SELECT * FROM results WHERE id = 1204	Review batch 1204	/reports/2026/customer-1204/result.tsv	sql,report	4	Routine result 1204 for the reporting dashboard
1205	Customer 1205	Africa	Failed	2026-09-01	2026-10-01	82.92	EUR	Noor	customer1205@example.test	SELECT * FROM results WHERE id = 1205	Review batch 1205	/reports/2026/customer-1205/result.tsv	sql,report	5	Routine result 1205 for the reporting dashboard
1206	Customer 1206	Europe	New	2026-09-02	2026-10-02	84.65	EUR	Kai	customer1206@example.test	SELECT * FROM results WHERE id = 1206	Review batch 1206	/reports/2026/customer-1206/result.tsv	sql,report	1	Routine result 1206 for the reporting dashboard
1207	Customer 1207	North America	Queued	2026-09-03	2026-10-03	86.38	EUR	Ada	customer1207@example.test	SELECT * FROM results WHERE id = 1207	Review batch 1207	/reports/2026/customer-1207/result.tsv	sql,report	2	Routine result 1207 for the reporting dashboard
1208	Customer 1208	Asia Pacific	Running	2026-09-04	2026-10-04	88.11	EUR	Lin	customer1208@example.test	SELECT * FROM results WHERE id = 1208	Review batch 1208	/reports/2026/customer-1208/result.tsv	sql,report	3	Routine result 1208 for the reporting dashboard
1209	Customer 1209	South America	Complete	2026-09-05	2026-10-05	89.84	EUR	Sam	customer1209@example.test	SELECT * FROM results WHERE id = 1209	Review batch 1209	/reports/2026/customer-1209/result.tsv	sql,report	4	Routine result 1209 for the reporting dashboard
1210	Customer 1210	Africa	Failed	2026-09-06	2026-10-06	91.57	EUR	Éva	customer1210@example.test	SELECT * FROM results WHERE id = 1210	Review batch 1210	/reports/2026/customer-1210/result.tsv	sql,report	5	Routine result 1210 for the reporting dashboard
1211	Customer 1211	Europe	New	2026-09-07	2026-10-07	93.30	EUR	Noor	customer1211@example.test	SELECT * FROM results WHERE id = 1211	Review batch 1211	/reports/2026/customer-1211/result.tsv	sql\tpriority	1	Routine result 1211 for the reporting dashboard
1212	Customer 1212	North America	Queued	2026-09-08	2026-10-08	95.03	EUR	Kai	customer1212@example.test	SELECT * FROM results WHERE id = 1212	Review batch 1212	/reports/2026/customer-1212/result.tsv	sql,report	2	Routine result 1212 for the reporting dashboard
1213	Customer 1213	Asia Pacific	Running	2026-09-09	2026-10-09	96.76	EUR	Ada	customer1213@example.test	SELECT * FROM results WHERE id = 1213	Review batch 1213	/reports/2026/customer-1213/result.tsv	sql,report	3	Routine result 1213 for the reporting dashboard
1214	Customer 1214	South America	Complete	2026-09-10	2026-10-10	98.49	EUR	Lin	customer1214@example.test	SELECT * FROM results WHERE id = 1214	Review batch 1214	/reports/2026/customer-1214/result.tsv	sql,report	4	Routine result 1214 for the reporting dashboard
1215	Customer 1215	Africa	Failed	2026-09-11	2026-10-11	100.22	EUR	Sam	customer1215@example.test	SELECT * FROM results WHERE id = 1215	Review batch 1215	/reports/2026/customer-1215/result.tsv	sql,report	5	Routine result 1215 for the reporting dashboard
1216	Customer 1216	Europe	New	2026-09-12	2026-10-12	101.95	EUR	Éva	customer1216@example.test	SELECT * FROM results WHERE id = 1216	Review batch 1216	/reports/2026/customer-1216/result.tsv	sql,report	1	Routine result 1216 for the reporting dashboard
1217	Customer 1217	North America	Queued	2026-09-13	2026-10-13	103.68	EUR	Noor	customer1217@example.test	SELECT * FROM results WHERE id = 1217	Review batch 1217	/reports/2026/customer-1217/result.tsv	sql,report	2	Routine result 1217 for the reporting dashboard
1218	Customer 1218	Asia Pacific	Running	2026-09-14	2026-10-14	105.41	EUR	Kai	customer1218@example.test	SELECT * FROM results WHERE id = 1218	Review batch 1218	/reports/2026/customer-1218/result.tsv	sql,report	3	Routine result 1218 for the reporting dashboard
1219	Customer 1219	South America	Complete	2026-09-15	2026-10-15	107.14	EUR	Ada	customer1219@example.test	SELECT * FROM results WHERE id = 1219	Review batch 1219	/reports/2026/customer-1219/result.tsv	sql,report	4	Routine result 1219 for the reporting dashboard
1220	Customer 1220	Africa	Failed	2026-09-16	2026-10-16	108.87	EUR	Lin	customer1220@example.test	SELECT * FROM results WHERE id = 1220	Review batch 1220	/reports/2026/customer-1220/result.tsv	sql,report	5	Routine result 1220 for the reporting dashboard
1221	Customer 1221	Europe	New	2026-09-17	2026-10-17	110.60	EUR	Sam	customer1221@example.test	SELECT * FROM results WHERE id = 1221	Review batch 1221	/reports/2026/customer-1221/result.tsv	sql,report	1	Routine result 1221 for the reporting dashboard
1222	Customer 1222	North America	Queued	2026-09-18	2026-10-18	112.33	EUR	Éva	customer1222@example.test	SELECT * FROM results WHERE id = 1222	First line for record 1222\nSecond line with a tab\tand more detail	/reports/2026/customer-1222/result.tsv	sql\tpriority	2	Routine result 1222 for the reporting dashboard
1223	Customer 1223	Asia Pacific	Running	2026-09-19	2026-10-19	114.06	EUR	Noor	customer1223@example.test	SELECT * FROM results WHERE id = 1223	Review batch 1223	/reports/2026/customer-1223/result.tsv	sql,report	3	Routine result 1223 for the reporting dashboard
1224	Customer 1224	South America	Complete	2026-09-20	2026-10-20	115.79	EUR	Kai	customer1224@example.test	SELECT * FROM results WHERE id = 1224	Review batch 1224	/reports/2026/customer-1224/result.tsv	sql,report	4	Routine result 1224 for the reporting dashboard
1225	Customer 1225	Africa	Failed	2026-09-21	2026-10-21	117.52	EUR	Ada	customer1225@example.test	SELECT * FROM results WHERE id = 1225	Review batch 1225	/reports/2026/customer-1225/result.tsv	sql,report	5	Routine result 1225 for the reporting dashboard
1226	Customer 1226	Europe	New	2026-09-22	2026-10-22	119.25	EUR	Lin	customer1226@example.test	SELECT * FROM results WHERE id = 1226	Review batch 1226	/reports/2026/customer-1226/result.tsv	sql,report	1	Routine result 1226 for the reporting dashboard
1227	Customer 1227	North America	Queued	2026-09-23	2026-10-23	120.98	EUR	Sam	customer1227@example.test	SELECT * FROM results WHERE id = 1227	Review batch 1227	/reports/2026/customer-1227/result.tsv	sql,report	2	Routine result 1227 for the reporting dashboard
1228	Customer 1228	Asia Pacific	Running	2026-09-24	2026-10-24	122.71	EUR	Éva	customer1228@example.test	SELECT * FROM results WHERE id = 1228	Review batch 1228	/reports/2026/customer-1228/result.tsv	sql,report	3	Routine result 1228 for the reporting dashboard
1229	Customer 1229	South America	Complete	2026-09-25	2026-10-25	124.44	EUR	Noor	customer1229@example.test	SELECT * FROM results WHERE id = 1229	Review batch 1229	/reports/2026/customer-1229/result.tsv	sql,report	4	Routine result 1229 for the reporting dashboard
1230	Customer 1230	Africa	Failed	2026-09-26	2026-10-26	126.17	EUR	Kai	customer1230@example.test	SELECT * FROM results WHERE id = 1230	Review batch 1230	/reports/2026/customer-1230/result.tsv	sql,report	5	Routine result 1230 for the reporting dashboard
1231	Customer 1231	Europe	New	2026-09-27	2026-10-27	127.90	EUR	Ada	customer1231@example.test	SELECT * FROM results WHERE id = 1231	Review batch 1231	/reports/2026/customer-1231/result.tsv	sql,report	\N	Routine result 1231 for the reporting dashboard
1232	Customer 1232	North America	Queued	2026-09-28	2026-10-28	129.63	EUR	Lin	customer1232@example.test	SELECT * FROM results WHERE id = 1232	Review batch 1232	/reports/2026/customer-1232/result.tsv	sql,report	2	Routine result 1232 for the reporting dashboard
1233	Customer 1233	Asia Pacific	Running	2026-09-01	2026-10-01	131.36	EUR	Sam	customer1233@example.test	SELECT * FROM results WHERE id = 1233	Review batch 1233	/reports/2026/customer-1233/result.tsv	sql\tpriority	3	Routine result 1233 for the reporting dashboard
1234	Customer 1234	South America	Complete	2026-09-02	2026-10-02	133.09	EUR	Éva	customer1234@example.test	SELECT * FROM results WHERE id = 1234	Review batch 1234	/reports/2026/customer-1234/result.tsv	sql,report	4	Routine result 1234 for the reporting dashboard
1235	Customer 1235	Africa	Failed	2026-09-03	2026-10-03	134.82	EUR	Noor	customer1235@example.test	SELECT * FROM results WHERE id = 1235	Review batch 1235	/reports/2026/customer-1235/result.tsv	sql,report	5	Routine result 1235 for the reporting dashboard
1236	Customer 1236	Europe	New	2026-09-04	2026-10-04	136.55	EUR	Kai	customer1236@example.test	SELECT * FROM results WHERE id = 1236	Review batch 1236	/reports/2026/customer-1236/result.tsv	sql,report	1	Routine result 1236 for the reporting dashboard
1237	Customer 1237	North America	Queued	2026-09-05	2026-10-05	138.28	EUR	Ada	customer1237@example.test	SELECT * FROM results WHERE id = 1237	Review batch 1237	/reports/2026/customer-1237/result.tsv	sql,report	2	Routine result 1237 for the reporting dashboard
1238	Customer 1238	Asia Pacific	Running	2026-09-06	2026-10-06	140.01	EUR	Lin	customer1238@example.test	SELECT * FROM results WHERE id = 1238	Review batch 1238	/reports/2026/customer-1238/result.tsv	sql,report	3	Routine result 1238 for the reporting dashboard
1239	Customer 1239	South America	Complete	2026-09-07	2026-10-07	141.74	EUR	Sam	customer1239@example.test	SELECT * FROM results WHERE id = 1239	Review batch 1239	/reports/2026/customer-1239/result.tsv	sql,report	4	Routine result 1239 for the reporting dashboard
1240	Customer 1240	Africa	Failed	2026-09-08	2026-10-08	143.47	EUR	Éva	customer1240@example.test	SELECT * FROM results WHERE id = 1240	Review batch 1240	/reports/2026/customer-1240/result.tsv	sql,report	5	Routine result 1240 for the reporting dashboard
1241	Customer 1241	Europe	New	2026-09-09	2026-10-09	145.20	EUR	Noor	customer1241@example.test	SELECT * FROM results WHERE id = 1241	Review batch 1241	/reports/2026/customer-1241/result.tsv	sql,report	1	Routine result 1241 for the reporting dashboard
1242	Customer 1242	North America	Queued	2026-09-10	2026-10-10	146.93	EUR	Kai	customer1242@example.test	SELECT * FROM results WHERE id = 1242	Review batch 1242	/reports/2026/customer-1242/result.tsv	sql,report	2	Routine result 1242 for the reporting dashboard
1243	Customer 1243	Asia Pacific	Running	2026-09-11	2026-10-11	148.66	EUR	Ada	customer1243@example.test	SELECT * FROM results WHERE id = 1243	Review batch 1243	/reports/2026/customer-1243/result.tsv	sql,report	3	Routine result 1243 for the reporting dashboard
1244	Customer 1244	South America	Complete	2026-09-12	2026-10-12	150.39	EUR	Lin	customer1244@example.test	SELECT customer_id, SUM(amount) FROM invoice_items WHERE customer_id = 1244 GROUP BY customer_id ORDER BY SUM(amount) DESC	Review batch 1244	/reports/2026/customer-1244/result.tsv	sql\tpriority	4	Routine result 1244 for the reporting dashboard
1245	Customer 1245	Africa	Failed	2026-09-13	2026-10-13	152.12	EUR	Sam	customer1245@example.test	SELECT * FROM results WHERE id = 1245	Review batch 1245	/reports/2026/customer-1245/result.tsv	sql,report	5	Routine result 1245 for the reporting dashboard
1246	Customer 1246	Europe	New	2026-09-14	2026-10-14	153.85	EUR	Éva	customer1246@example.test	SELECT * FROM results WHERE id = 1246	Review batch 1246	/reports/2026/customer-1246/result.tsv	sql,report	1	Routine result 1246 for the reporting dashboard
1247	Customer 1247	North America	Queued	2026-09-15	2026-10-15	155.58	EUR	Noor	customer1247@example.test	SELECT * FROM results WHERE id = 1247	Review batch 1247	/reports/2026/customer-1247/result.tsv	sql,report	2	Routine result 1247 for the reporting dashboard
1248	Customer 1248	Asia Pacific	Running	2026-09-16	2026-10-16	157.31	EUR	Kai	customer1248@example.test	SELECT * FROM results WHERE id = 1248	Review batch 1248	/reports/2026/customer-1248/result.tsv	sql,report	3	Routine result 1248 for the reporting dashboard
1249	Customer 1249	South America	Complete	2026-09-17	2026-10-17	159.04	EUR	Ada	customer1249@example.test	SELECT * FROM results WHERE id = 1249	Review batch 1249	/reports/2026/customer-1249/result.tsv	sql,report	4	Routine result 1249 for the reporting dashboard
1250	Customer 1250	Africa	Failed	2026-09-18	2026-10-18	160.77	EUR	Lin	customer1250@example.test	SELECT * FROM results WHERE id = 1250	Review batch 1250	/reports/2026/customer-1250/result.tsv	sql,report	5	Routine result 1250 for the reporting dashboard
1251	Customer 1251	Europe	New	2026-09-19	2026-10-19	162.50	EUR	Sam	customer1251@example.test	SELECT * FROM results WHERE id = 1251	Review batch 1251	/reports/2026/customer-1251/result.tsv	sql,report	1	Routine result 1251 for the reporting dashboard
1252	Customer 1252	North America	Queued	2026-09-20	2026-10-20	164.23	EUR	Éva	customer1252@example.test	SELECT * FROM results WHERE id = 1252	Review batch 1252	/reports/2026/customer-1252/result.tsv	sql,report	2	Routine result 1252 for the reporting dashboard
1253	Customer 1253	Asia Pacific	Running	2026-09-21	2026-10-21	165.96	EUR	Noor	customer1253@example.test	SELECT * FROM results WHERE id = 1253	Review batch 1253	/reports/2026/customer-1253/result.tsv	sql,report	3	Routine result 1253 for the reporting dashboard
1254	Customer 1254	South America	Complete	2026-09-22	2026-10-22	167.69	EUR	Kai	customer1254@example.test	SELECT * FROM results WHERE id = 1254	Review batch 1254	/reports/2026/customer-1254/result.tsv	sql,report	4	Routine result 1254 for the reporting dashboard
1255	Customer 1255	Africa	Failed	2026-09-23	2026-10-23	169.42	EUR	Ada	customer1255@example.test	SELECT * FROM results WHERE id = 1255	Review batch 1255	/reports/2026/customer-1255/result.tsv	sql\tpriority	5	Routine result 1255 for the reporting dashboard
1256	Customer 1256	Europe	New	2026-09-24	2026-10-24	171.15	EUR	Lin	customer1256@example.test	SELECT * FROM results WHERE id = 1256	Review batch 1256	/reports/2026/customer-1256/result.tsv	sql,report	1	Routine result 1256 for the reporting dashboard
1257	Customer 1257	North America	Queued	2026-09-25	2026-10-25	172.88	EUR	Sam	customer1257@example.test	SELECT * FROM results WHERE id = 1257	Review batch 1257	/reports/2026/customer-1257/result.tsv	sql,report	2	Routine result 1257 for the reporting dashboard
1258	Customer 1258	Asia Pacific	Running	2026-09-26	2026-10-26	174.61	EUR	Éva	customer1258@example.test	SELECT * FROM results WHERE id = 1258	Review batch 1258	/reports/2026/customer-1258/result.tsv	sql,report	3	Routine result 1258 for the reporting dashboard
1259	Customer 1259	South America	Complete	2026-09-27	2026-10-27	176.34	EUR	Noor	customer1259@example.test	SELECT * FROM results WHERE id = 1259	First line for record 1259\nSecond line with a tab\tand more detail	/reports/2026/customer-1259/result.tsv	sql,report	4	Routine result 1259 for the reporting dashboard
1260	Customer 1260	Africa	Failed	2026-09-28	2026-10-28	178.07	EUR	Kai	customer1260@example.test	SELECT * FROM results WHERE id = 1260	Review batch 1260	/reports/2026/customer-1260/result.tsv	sql,report	5	Routine result 1260 for the reporting dashboard
1261	Customer 1261	Europe	New	2026-09-01	2026-10-01	179.80	EUR	Ada	customer1261@example.test	SELECT * FROM results WHERE id = 1261	Review batch 1261	/reports/2026/customer-1261/result.tsv	sql,report	1	Routine result 1261 for the reporting dashboard
1262	Customer 1262	North America	Queued	2026-09-02	2026-10-02	181.53	EUR	Lin	customer1262@example.test	SELECT * FROM results WHERE id = 1262	Review batch 1262	/reports/2026/customer-1262/result.tsv	sql,report	2	A deliberately long description for record 1262: this value crosses the normal column width and tests horizontal scrolling and field truncation in the table widget.
1263	Customer 1263	Asia Pacific	Running	2026-09-03	2026-10-03	183.26	EUR	Sam	customer1263@example.test	SELECT * FROM results WHERE id = 1263	Review batch 1263	/reports/2026/customer-1263/result.tsv	sql,report	3	Routine result 1263 for the reporting dashboard
1264	Customer 1264	South America	Complete	2026-09-04	2026-10-04	184.99	EUR	Éva	customer1264@example.test	SELECT * FROM results WHERE id = 1264	Review batch 1264	/reports/2026/customer-1264/result.tsv	sql,report	4	Routine result 1264 for the reporting dashboard
1265	Customer 1265	Africa	Failed	2026-09-05	2026-10-05	186.72	EUR	Noor	customer1265@example.test	SELECT * FROM results WHERE id = 1265	Review batch 1265	/reports/2026/customer-1265/result.tsv	sql,report	5	Routine result 1265 for the reporting dashboard
1266	Customer 1266	Europe	New	2026-09-06	2026-10-06	188.45	EUR	Kai	customer1266@example.test	SELECT * FROM results WHERE id = 1266	Review batch 1266	/reports/2026/customer-1266/result.tsv	sql\tpriority	1	Routine result 1266 for the reporting dashboard
1267	Customer 1267	North America	Queued	2026-09-07	2026-10-07	190.18	EUR	Ada	customer1267@example.test	SELECT * FROM results WHERE id = 1267	Review batch 1267	/reports/2026/customer-1267/result.tsv	sql,report	2	Routine result 1267 for the reporting dashboard
1268	Customer 1268	Asia Pacific	Running	2026-09-08	2026-10-08	191.91	EUR	Lin	customer1268@example.test	SELECT * FROM results WHERE id = 1268	Review batch 1268	/reports/2026/customer-1268/result.tsv	sql,report	3	Routine result 1268 for the reporting dashboard
1269	Customer 1269	South America	Complete	2026-09-09	2026-10-09	193.64	EUR	Sam	customer1269@example.test	SELECT * FROM results WHERE id = 1269	Review batch 1269	/reports/2026/customer-1269/result.tsv	sql,report	4	Routine result 1269 for the reporting dashboard
1270	Customer 1270	Africa	Failed	2026-09-10	2026-10-10	195.37	EUR	Éva	customer1270@example.test	SELECT * FROM results WHERE id = 1270	Review batch 1270	/reports/2026/customer-1270/result.tsv	sql,report	5	Routine result 1270 for the reporting dashboard
1271	Customer 1271	Europe	New	2026-09-11	2026-10-11	197.10	EUR	Noor	customer1271@example.test	SELECT * FROM results WHERE id = 1271	Review batch 1271	/reports/2026/customer-1271/result.tsv	sql,report	1	Routine result 1271 for the reporting dashboard
1272	Customer 1272	North America	Queued	2026-09-12	2026-10-12	198.83	EUR	Kai	customer1272@example.test	SELECT * FROM results WHERE id = 1272	Review batch 1272	/reports/2026/customer-1272/result.tsv	sql,report	\N	Routine result 1272 for the reporting dashboard
1273	Customer 1273	Asia Pacific	Running	2026-09-13	2026-10-13	200.56	EUR	Ada	customer1273@example.test	SELECT * FROM results WHERE id = 1273	Review batch 1273	/reports/2026/customer-1273/result.tsv	sql,report	3	Routine result 1273 for the reporting dashboard
1274	Customer 1274	South America	Complete	2026-09-14	2026-10-14	202.29	EUR	Lin	customer1274@example.test	SELECT * FROM results WHERE id = 1274	Review batch 1274	/reports/2026/customer-1274/result.tsv	sql,report	4	Routine result 1274 for the reporting dashboard
1275	Customer 1275	Africa	Failed	2026-09-15	2026-10-15	204.02	EUR	Sam	customer1275@example.test	SELECT * FROM results WHERE id = 1275	Review batch 1275	/reports/2026/customer-1275/result.tsv	sql,report	5	Routine result 1275 for the reporting dashboard
1276	Customer 1276	Europe	New	2026-09-16	2026-10-16	205.75	EUR	Éva	customer1276@example.test	SELECT * FROM results WHERE id = 1276	Review batch 1276	/reports/2026/customer-1276/result.tsv	sql,report	1	Routine result 1276 for the reporting dashboard
1277	Customer 1277	North America	Queued	2026-09-17	2026-10-17	207.48	EUR	Noor	customer1277@example.test	SELECT * FROM results WHERE id = 1277	Review batch 1277	/reports/2026/customer-1277/result.tsv	sql\tpriority	2	Routine result 1277 for the reporting dashboard
1278	Customer 1278	Asia Pacific	Running	2026-09-18	2026-10-18	209.21	EUR	Kai	customer1278@example.test	SELECT * FROM results WHERE id = 1278	Review batch 1278	/reports/2026/customer-1278/result.tsv	sql,report	3	Routine result 1278 for the reporting dashboard
1279	Customer 1279	South America	Complete	2026-09-19	2026-10-19	210.94	EUR	Ada	customer1279@example.test	SELECT * FROM results WHERE id = 1279	Review batch 1279	/reports/2026/customer-1279/result.tsv	sql,report	4	Routine result 1279 for the reporting dashboard
1280	Customer 1280	Africa	Failed	2026-09-20	2026-10-20	212.67	EUR	Lin	customer1280@example.test	SELECT * FROM results WHERE id = 1280	Review batch 1280	/reports/2026/customer-1280/result.tsv	sql,report	5	Routine result 1280 for the reporting dashboard
1281	Customer 1281	Europe	New	2026-09-21	2026-10-21	214.40	EUR	Sam	customer1281@example.test	SELECT * FROM results WHERE id = 1281	Review batch 1281	/reports/2026/customer-1281/result.tsv	sql,report	1	Routine result 1281 for the reporting dashboard
1282	Customer 1282	North America	Queued	2026-09-22	2026-10-22	216.13	EUR	Éva	customer1282@example.test	SELECT * FROM results WHERE id = 1282	Review batch 1282	/reports/2026/customer-1282/result.tsv	sql,report	2	Routine result 1282 for the reporting dashboard
1283	Customer 1283	Asia Pacific	Running	2026-09-23	2026-10-23	217.86	EUR	Noor	customer1283@example.test	SELECT * FROM results WHERE id = 1283	Review batch 1283	/reports/2026/customer-1283/result.tsv	sql,report	3	Routine result 1283 for the reporting dashboard
1284	Customer 1284	South America	Complete	2026-09-24	2026-10-24	219.59	EUR	Kai	customer1284@example.test	SELECT * FROM results WHERE id = 1284	Review batch 1284	/reports/2026/customer-1284/result.tsv	sql,report	4	Routine result 1284 for the reporting dashboard
1285	Customer 1285	Africa	Failed	2026-09-25	2026-10-25	221.32	EUR	Ada	customer1285@example.test	SELECT * FROM results WHERE id = 1285	Review batch 1285	/reports/2026/customer-1285/result.tsv	sql,report	5	Routine result 1285 for the reporting dashboard
1286	Customer 1286	Europe	New	2026-09-26	2026-10-26	223.05	EUR	Lin	customer1286@example.test	SELECT * FROM results WHERE id = 1286	Review batch 1286	/reports/2026/customer-1286/result.tsv	sql,report	1	Routine result 1286 for the reporting dashboard
1287	Customer 1287	North America	Queued	2026-09-27	2026-10-27	224.78	EUR	Sam	customer1287@example.test	SELECT * FROM results WHERE id = 1287	Review batch 1287	/reports/2026/customer-1287/result.tsv	sql,report	2	Routine result 1287 for the reporting dashboard
1288	Customer 1288	Asia Pacific	Running	2026-09-28	2026-10-28	226.51	EUR	Éva	customer1288@example.test	SELECT * FROM results WHERE id = 1288	Review batch 1288	/reports/2026/customer-1288/result.tsv	sql\tpriority	3	Routine result 1288 for the reporting dashboard
1289	Customer 1289	South America	Complete	2026-09-01	2026-10-01	228.24	EUR	Noor	customer1289@example.test	SELECT * FROM results WHERE id = 1289	Review batch 1289	/reports/2026/customer-1289/result.tsv	sql,report	4	Routine result 1289 for the reporting dashboard
1290	Customer 1290	Africa	Failed	2026-09-02	2026-10-02	229.97	EUR	Kai	customer1290@example.test	SELECT * FROM results WHERE id = 1290	Review batch 1290	/reports/2026/customer-1290/result.tsv	sql,report	5	Routine result 1290 for the reporting dashboard
1291	Customer 1291	Europe	New	2026-09-03	2026-10-03	231.70	EUR	Ada	customer1291@example.test	SELECT * FROM results WHERE id = 1291	Review batch 1291	/reports/2026/customer-1291/result.tsv	sql,report	1	Routine result 1291 for the reporting dashboard
1292	Customer 1292	North America	Queued	2026-09-04	2026-10-04	233.43	EUR	Lin	customer1292@example.test	SELECT * FROM results WHERE id = 1292	Review batch 1292	/reports/2026/customer-1292/result.tsv	sql,report	2	Routine result 1292 for the reporting dashboard
1293	Customer 1293	Asia Pacific	Running	2026-09-05	2026-10-05	235.16	EUR	Sam	customer1293@example.test	SELECT * FROM results WHERE id = 1293	Review batch 1293	/reports/2026/customer-1293/result.tsv	sql,report	3	Routine result 1293 for the reporting dashboard
1294	Customer 1294	South America	Complete	2026-09-06	2026-10-06	236.89	EUR	Éva	customer1294@example.test	SELECT * FROM results WHERE id = 1294	Review batch 1294	/reports/2026/customer-1294/result.tsv	sql,report	4	Routine result 1294 for the reporting dashboard
1295	Customer 1295	Africa	Failed	2026-09-07	2026-10-07	238.62	EUR	Noor	customer1295@example.test	SELECT * FROM results WHERE id = 1295	Review batch 1295	/reports/2026/customer-1295/result.tsv	sql,report	5	Routine result 1295 for the reporting dashboard
1296	Customer 1296	Europe	New	2026-09-08	2026-10-08	240.35	EUR	Kai	customer1296@example.test	SELECT * FROM results WHERE id = 1296	First line for record 1296\nSecond line with a tab\tand more detail	/reports/2026/customer-1296/result.tsv	sql,report	1	Routine result 1296 for the reporting dashboard
1297	Customer 1297	North America	Queued	2026-09-09	2026-10-09	242.08	EUR	Ada	customer1297@example.test	SELECT * FROM results WHERE id = 1297	Review batch 1297	/reports/2026/customer-1297/result.tsv	sql,report	2	Routine result 1297 for the reporting dashboard
1298	Customer 1298	Asia Pacific	Running	2026-09-10	2026-10-10	243.81	EUR	Lin	customer1298@example.test	SELECT * FROM results WHERE id = 1298	Review batch 1298	/reports/2026/customer-1298/result.tsv	sql,report	3	Routine result 1298 for the reporting dashboard
1299	Customer 1299	South America	Complete	2026-09-11	2026-10-11	245.54	EUR	Sam	customer1299@example.test	SELECT * FROM results WHERE id = 1299	Review batch 1299	/reports/2026/customer-1299/result.tsv	sql\tpriority	4	Routine result 1299 for the reporting dashboard
1300	Customer 1300	Africa	Failed	2026-09-12	2026-10-12	247.27	EUR	Éva	customer1300@example.test	SELECT * FROM results WHERE id = 1300	Review batch 1300	/reports/2026/customer-1300/result.tsv	sql,report	5	Routine result 1300 for the reporting dashboard
1301	Customer 1301	Europe	New	2026-09-13	2026-10-13	249.00	EUR	Noor	customer1301@example.test	SELECT * FROM results WHERE id = 1301	Review batch 1301	/reports/2026/customer-1301/result.tsv	sql,report	1	Routine result 1301 for the reporting dashboard
1302	Customer 1302	North America	Queued	2026-09-14	2026-10-14	250.73	EUR	Kai	customer1302@example.test	SELECT * FROM results WHERE id = 1302	Review batch 1302	/reports/2026/customer-1302/result.tsv	sql,report	2	Routine result 1302 for the reporting dashboard
1303	Customer 1303	Asia Pacific	Running	2026-09-15	2026-10-15	252.46	EUR	Ada	customer1303@example.test	SELECT * FROM results WHERE id = 1303	Review batch 1303	/reports/2026/customer-1303/result.tsv	sql,report	3	Routine result 1303 for the reporting dashboard
1304	Customer 1304	South America	Complete	2026-09-16	2026-10-16	254.19	EUR	Lin	customer1304@example.test	SELECT * FROM results WHERE id = 1304	Review batch 1304	/reports/2026/customer-1304/result.tsv	sql,report	4	Routine result 1304 for the reporting dashboard
1305	Customer 1305	Africa	Failed	2026-09-17	2026-10-17	255.92	EUR	Sam	customer1305@example.test	SELECT * FROM results WHERE id = 1305	Review batch 1305	/reports/2026/customer-1305/result.tsv	sql,report	5	Routine result 1305 for the reporting dashboard
1306	Customer 1306	Europe	New	2026-09-18	2026-10-18	257.65	EUR	Éva	customer1306@example.test	SELECT * FROM results WHERE id = 1306	Review batch 1306	/reports/2026/customer-1306/result.tsv	sql,report	1	Routine result 1306 for the reporting dashboard
1307	Customer 1307	North America	Queued	2026-09-19	2026-10-19	259.38	EUR	Noor	customer1307@example.test	SELECT * FROM results WHERE id = 1307	Review batch 1307	/reports/2026/customer-1307/result.tsv	sql,report	2	Routine result 1307 for the reporting dashboard
1308	Customer 1308	Asia Pacific	Running	2026-09-20	2026-10-20	261.11	EUR	Kai	customer1308@example.test	SELECT * FROM results WHERE id = 1308	Review batch 1308	/reports/2026/customer-1308/result.tsv	sql,report	3	Routine result 1308 for the reporting dashboard
1309	Customer 1309	South America	Complete	2026-09-21	2026-10-21	262.84	EUR	Ada	customer1309@example.test	SELECT * FROM results WHERE id = 1309	Review batch 1309	/reports/2026/customer-1309/result.tsv	sql,report	4	Routine result 1309 for the reporting dashboard
1310	Customer 1310	Africa	Failed	2026-09-22	2026-10-22	264.57	EUR	Lin	customer1310@example.test	SELECT * FROM results WHERE id = 1310	Review batch 1310	/reports/2026/customer-1310/result.tsv	sql\tpriority	5	Routine result 1310 for the reporting dashboard
1311	Customer 1311	Europe	New	2026-09-23	2026-10-23	266.30	EUR	Sam	customer1311@example.test	SELECT * FROM results WHERE id = 1311	Review batch 1311	/reports/2026/customer-1311/result.tsv	sql,report	1	Routine result 1311 for the reporting dashboard
1312	Customer 1312	North America	Queued	2026-09-24	2026-10-24	268.03	EUR	Éva	customer1312@example.test	SELECT * FROM results WHERE id = 1312	Review batch 1312	/reports/2026/customer-1312/result.tsv	sql,report	2	Routine result 1312 for the reporting dashboard
1313	Customer 1313	Asia Pacific	Running	2026-09-25	2026-10-25	269.76	EUR	Noor	customer1313@example.test	SELECT * FROM results WHERE id = 1313	Review batch 1313	/reports/2026/customer-1313/result.tsv	sql,report	\N	Routine result 1313 for the reporting dashboard
1314	Customer 1314	South America	Complete	2026-09-26	2026-10-26	271.49	EUR	Kai	customer1314@example.test	SELECT * FROM results WHERE id = 1314	Review batch 1314	/reports/2026/customer-1314/result.tsv	sql,report	4	Routine result 1314 for the reporting dashboard
1315	Customer 1315	Africa	Failed	2026-09-27	2026-10-27	273.22	EUR	Ada	customer1315@example.test	SELECT * FROM results WHERE id = 1315	Review batch 1315	/reports/2026/customer-1315/result.tsv	sql,report	5	Routine result 1315 for the reporting dashboard
1316	Customer 1316	Europe	New	2026-09-28	2026-10-28	274.95	EUR	Lin	customer1316@example.test	SELECT * FROM results WHERE id = 1316	Review batch 1316	/reports/2026/customer-1316/result.tsv	sql,report	1	Routine result 1316 for the reporting dashboard
1317	Customer 1317	North America	Queued	2026-09-01	2026-10-01	276.68	EUR	Sam	customer1317@example.test	SELECT * FROM results WHERE id = 1317	Review batch 1317	/reports/2026/customer-1317/result.tsv	sql,report	2	Routine result 1317 for the reporting dashboard
1318	Customer 1318	Asia Pacific	Running	2026-09-02	2026-10-02	278.41	EUR	Éva	customer1318@example.test	SELECT * FROM results WHERE id = 1318	Review batch 1318	/reports/2026/customer-1318/result.tsv	sql,report	3	Routine result 1318 for the reporting dashboard
1319	Customer 1319	South America	Complete	2026-09-03	2026-10-03	280.14	EUR	Noor	customer1319@example.test	SELECT * FROM results WHERE id = 1319	Review batch 1319	/reports/2026/customer-1319/result.tsv	sql,report	4	Routine result 1319 for the reporting dashboard
1320	Customer 1320	Africa	Failed	2026-09-04	2026-10-04	281.87	EUR	Kai	customer1320@example.test	SELECT * FROM results WHERE id = 1320	Review batch 1320	/reports/2026/customer-1320/result.tsv	sql,report	5	Routine result 1320 for the reporting dashboard
1321	Customer 1321	Europe	New	2026-09-05	2026-10-05	283.60	EUR	Ada	customer1321@example.test	SELECT * FROM results WHERE id = 1321	Review batch 1321	/reports/2026/customer-1321/result.tsv	sql\tpriority	1	Routine result 1321 for the reporting dashboard
1322	Customer 1322	North America	Queued	2026-09-06	2026-10-06	285.33	EUR	Lin	customer1322@example.test	SELECT * FROM results WHERE id = 1322	Review batch 1322	/reports/2026/customer-1322/result.tsv	sql,report	2	Routine result 1322 for the reporting dashboard
1323	Customer 1323	Asia Pacific	Running	2026-09-07	2026-10-07	287.06	EUR	Sam	customer1323@example.test	SELECT * FROM results WHERE id = 1323	Review batch 1323	/reports/2026/customer-1323/result.tsv	sql,report	3	Routine result 1323 for the reporting dashboard
1324	Customer 1324	South America	Complete	2026-09-08	2026-10-08	288.79	EUR	Éva	customer1324@example.test	SELECT * FROM results WHERE id = 1324	Review batch 1324	/reports/2026/customer-1324/result.tsv	sql,report	4	Routine result 1324 for the reporting dashboard
1325	Customer 1325	Africa	Failed	2026-09-09	2026-10-09	290.52	EUR	Noor	customer1325@example.test	SELECT * FROM results WHERE id = 1325	Review batch 1325	/reports/2026/customer-1325/result.tsv	sql,report	5	Routine result 1325 for the reporting dashboard
1326	Customer 1326	Europe	New	2026-09-10	2026-10-10	292.25	EUR	Kai	customer1326@example.test	SELECT * FROM results WHERE id = 1326	Review batch 1326	/reports/2026/customer-1326/result.tsv	sql,report	1	Routine result 1326 for the reporting dashboard
1327	Customer 1327	North America	Queued	2026-09-11	2026-10-11	293.98	EUR	Ada	customer1327@example.test	SELECT * FROM results WHERE id = 1327	Review batch 1327	/reports/2026/customer-1327/result.tsv	sql,report	2	Routine result 1327 for the reporting dashboard
1328	Customer 1328	Asia Pacific	Running	2026-09-12	2026-10-12	295.71	EUR	Lin	customer1328@example.test	SELECT * FROM results WHERE id = 1328	Review batch 1328	/reports/2026/customer-1328/result.tsv	sql,report	3	Routine result 1328 for the reporting dashboard
1329	Customer 1329	South America	Complete	2026-09-13	2026-10-13	297.44	EUR	Sam	customer1329@example.test	SELECT * FROM results WHERE id = 1329	Review batch 1329	/reports/2026/customer-1329/result.tsv	sql,report	4	Routine result 1329 for the reporting dashboard
1330	Customer 1330	Africa	Failed	2026-09-14	2026-10-14	299.17	EUR	Éva	customer1330@example.test	SELECT * FROM results WHERE id = 1330	Review batch 1330	/reports/2026/customer-1330/result.tsv	sql,report	5	Routine result 1330 for the reporting dashboard
1331	Customer 1331	Europe	New	2026-09-15	2026-10-15	300.90	EUR	Noor	customer1331@example.test	SELECT * FROM results WHERE id = 1331	Review batch 1331	/reports/2026/customer-1331/result.tsv	sql,report	1	Routine result 1331 for the reporting dashboard
1332	Customer 1332	North America	Queued	2026-09-16	2026-10-16	302.63	EUR	Kai	customer1332@example.test	SELECT * FROM results WHERE id = 1332	Review batch 1332	/reports/2026/customer-1332/result.tsv	sql\tpriority	2	Routine result 1332 for the reporting dashboard
1333	Customer 1333	Asia Pacific	Running	2026-09-17	2026-10-17	304.36	EUR	Ada	customer1333@example.test	SELECT * FROM results WHERE id = 1333	First line for record 1333\nSecond line with a tab\tand more detail	/reports/2026/customer-1333/result.tsv	sql,report	3	Routine result 1333 for the reporting dashboard
1334	Customer 1334	South America	Complete	2026-09-18	2026-10-18	306.09	EUR	Lin	customer1334@example.test	SELECT * FROM results WHERE id = 1334	Review batch 1334	/reports/2026/customer-1334/result.tsv	sql,report	4	Routine result 1334 for the reporting dashboard
1335	Customer 1335	Africa	Failed	2026-09-19	2026-10-19	307.82	EUR	Sam	customer1335@example.test	SELECT * FROM results WHERE id = 1335	Review batch 1335	/reports/2026/customer-1335/result.tsv	sql,report	5	Routine result 1335 for the reporting dashboard
1336	Customer 1336	Europe	New	2026-09-20	2026-10-20	309.55	EUR	Éva	customer1336@example.test	SELECT * FROM results WHERE id = 1336	Review batch 1336	/reports/2026/customer-1336/result.tsv	sql,report	1	Routine result 1336 for the reporting dashboard
1337	Customer 1337	North America	Queued	2026-09-21	2026-10-21	311.28	EUR	Noor	customer1337@example.test	SELECT * FROM results WHERE id = 1337	Review batch 1337	/reports/2026/customer-1337/result.tsv	sql,report	2	Routine result 1337 for the reporting dashboard
1338	Customer 1338	Asia Pacific	Running	2026-09-22	2026-10-22	313.01	EUR	Kai	customer1338@example.test	SELECT * FROM results WHERE id = 1338	Review batch 1338	/reports/2026/customer-1338/result.tsv	sql,report	3	Routine result 1338 for the reporting dashboard
1339	Customer 1339	South America	Complete	2026-09-23	2026-10-23	314.74	EUR	Ada	customer1339@example.test	SELECT * FROM results WHERE id = 1339	Review batch 1339	/reports/2026/customer-1339/result.tsv	sql,report	4	Routine result 1339 for the reporting dashboard
1340	Customer 1340	Africa	Failed	2026-09-24	2026-10-24	316.47	EUR	Lin	customer1340@example.test	SELECT * FROM results WHERE id = 1340	Review batch 1340	/reports/2026/customer-1340/result.tsv	sql,report	5	Routine result 1340 for the reporting dashboard
1341	Customer 1341	Europe	New	2026-09-25	2026-10-25	318.20	EUR	Sam	customer1341@example.test	SELECT * FROM results WHERE id = 1341	Review batch 1341	/reports/2026/customer-1341/result.tsv	sql,report	1	Routine result 1341 for the reporting dashboard
1342	Customer 1342	North America	Queued	2026-09-26	2026-10-26	319.93	EUR	Éva	customer1342@example.test	SELECT * FROM results WHERE id = 1342	Review batch 1342	/reports/2026/customer-1342/result.tsv	sql,report	2	Routine result 1342 for the reporting dashboard
1343	Customer 1343	Asia Pacific	Running	2026-09-27	2026-10-27	321.66	EUR	Noor	customer1343@example.test	SELECT * FROM results WHERE id = 1343	Review batch 1343	/reports/2026/customer-1343/result.tsv	sql\tpriority	3	Routine result 1343 for the reporting dashboard
1344	Customer 1344	South America	Complete	2026-09-28	2026-10-28	323.39	EUR	Kai	customer1344@example.test	SELECT * FROM results WHERE id = 1344	Review batch 1344	/reports/2026/customer-1344/result.tsv	sql,report	4	Routine result 1344 for the reporting dashboard
1345	Customer 1345	Africa	Failed	2026-09-01	2026-10-01	325.12	EUR	Ada	customer1345@example.test	SELECT * FROM results WHERE id = 1345	Review batch 1345	/reports/2026/customer-1345/result.tsv	sql,report	5	Routine result 1345 for the reporting dashboard
1346	Customer 1346	Europe	New	2026-09-02	2026-10-02	326.85	EUR	Lin	customer1346@example.test	SELECT * FROM results WHERE id = 1346	Review batch 1346	/reports/2026/customer-1346/result.tsv	sql,report	1	Routine result 1346 for the reporting dashboard
1347	Customer 1347	North America	Queued	2026-09-03	2026-10-03	328.58	EUR	Sam	customer1347@example.test	SELECT * FROM results WHERE id = 1347	Review batch 1347	/reports/2026/customer-1347/result.tsv	sql,report	2	Routine result 1347 for the reporting dashboard
1348	Customer 1348	Asia Pacific	Running	2026-09-04	2026-10-04	330.31	EUR	Éva	customer1348@example.test	SELECT * FROM results WHERE id = 1348	Review batch 1348	/reports/2026/customer-1348/result.tsv	sql,report	3	Routine result 1348 for the reporting dashboard
1349	Customer 1349	South America	Complete	2026-09-05	2026-10-05	332.04	EUR	Noor	customer1349@example.test	SELECT * FROM results WHERE id = 1349	Review batch 1349	/reports/2026/customer-1349/result.tsv	sql,report	4	Routine result 1349 for the reporting dashboard
1350	Customer 1350	Africa	Failed	2026-09-06	2026-10-06	333.77	EUR	Kai	customer1350@example.test	SELECT * FROM results WHERE id = 1350	Review batch 1350	/reports/2026/customer-1350/result.tsv	sql,report	5	Routine result 1350 for the reporting dashboard
1351	Customer 1351	Europe	New	2026-09-07	2026-10-07	335.50	EUR	Ada	customer1351@example.test	SELECT * FROM results WHERE id = 1351	Review batch 1351	/reports/2026/customer-1351/result.tsv	sql,report	1	Routine result 1351 for the reporting dashboard
1352	Customer 1352	North America	Queued	2026-09-08	2026-10-08	337.23	EUR	Lin	customer1352@example.test	SELECT * FROM results WHERE id = 1352	Review batch 1352	/reports/2026/customer-1352/result.tsv	sql,report	2	Routine result 1352 for the reporting dashboard
1353	Customer 1353	Asia Pacific	Running	2026-09-09	2026-10-09	338.96	EUR	Sam	customer1353@example.test	SELECT * FROM results WHERE id = 1353	Review batch 1353	/reports/2026/customer-1353/result.tsv	sql,report	3	Routine result 1353 for the reporting dashboard
1354	Customer 1354	South America	Complete	2026-09-10	2026-10-10	340.69	EUR	Éva	customer1354@example.test	SELECT * FROM results WHERE id = 1354	Review batch 1354	/reports/2026/customer-1354/result.tsv	sql\tpriority	\N	Routine result 1354 for the reporting dashboard
1355	Customer 1355	Africa	Failed	2026-09-11	2026-10-11	342.42	EUR	Noor	customer1355@example.test	SELECT * FROM results WHERE id = 1355	Review batch 1355	/reports/2026/customer-1355/result.tsv	sql,report	5	Routine result 1355 for the reporting dashboard
1356	Customer 1356	Europe	New	2026-09-12	2026-10-12	344.15	EUR	Kai	customer1356@example.test	SELECT * FROM results WHERE id = 1356	Review batch 1356	/reports/2026/customer-1356/result.tsv	sql,report	1	Routine result 1356 for the reporting dashboard
1357	Customer 1357	North America	Queued	2026-09-13	2026-10-13	345.88	EUR	Ada	customer1357@example.test	SELECT customer_id, SUM(amount) FROM invoice_items WHERE customer_id = 1357 GROUP BY customer_id ORDER BY SUM(amount) DESC	Review batch 1357	/reports/2026/customer-1357/result.tsv	sql,report	2	Routine result 1357 for the reporting dashboard
1358	Customer 1358	Asia Pacific	Running	2026-09-14	2026-10-14	347.61	EUR	Lin	customer1358@example.test	SELECT * FROM results WHERE id = 1358	Review batch 1358	/reports/2026/customer-1358/result.tsv	sql,report	3	Routine result 1358 for the reporting dashboard
1359	Customer 1359	South America	Complete	2026-09-15	2026-10-15	349.34	EUR	Sam	customer1359@example.test	SELECT * FROM results WHERE id = 1359	Review batch 1359	/reports/2026/customer-1359/result.tsv	sql,report	4	A deliberately long description for record 1359: this value crosses the normal column width and tests horizontal scrolling and field truncation in the table widget.
1360	Customer 1360	Africa	Failed	2026-09-16	2026-10-16	351.07	EUR	Éva	customer1360@example.test	SELECT * FROM results WHERE id = 1360	Review batch 1360	/reports/2026/customer-1360/result.tsv	sql,report	5	Routine result 1360 for the reporting dashboard
1361	Customer 1361	Europe	New	2026-09-17	2026-10-17	352.80	EUR	Noor	customer1361@example.test	SELECT * FROM results WHERE id = 1361	Review batch 1361	/reports/2026/customer-1361/result.tsv	sql,report	1	Routine result 1361 for the reporting dashboard
1362	Customer 1362	North America	Queued	2026-09-18	2026-10-18	354.53	EUR	Kai	customer1362@example.test	SELECT * FROM results WHERE id = 1362	Review batch 1362	/reports/2026/customer-1362/result.tsv	sql,report	2	Routine result 1362 for the reporting dashboard
1363	Customer 1363	Asia Pacific	Running	2026-09-19	2026-10-19	356.26	EUR	Ada	customer1363@example.test	SELECT * FROM results WHERE id = 1363	Review batch 1363	/reports/2026/customer-1363/result.tsv	sql,report	3	Routine result 1363 for the reporting dashboard
1364	Customer 1364	South America	Complete	2026-09-20	2026-10-20	357.99	EUR	Lin	customer1364@example.test	SELECT * FROM results WHERE id = 1364	Review batch 1364	/reports/2026/customer-1364/result.tsv	sql,report	4	Routine result 1364 for the reporting dashboard
1365	Customer 1365	Africa	Failed	2026-09-21	2026-10-21	359.72	EUR	Sam	customer1365@example.test	SELECT * FROM results WHERE id = 1365	Review batch 1365	/reports/2026/customer-1365/result.tsv	sql\tpriority	5	Routine result 1365 for the reporting dashboard
1366	Customer 1366	Europe	New	2026-09-22	2026-10-22	361.45	EUR	Éva	customer1366@example.test	SELECT * FROM results WHERE id = 1366	Review batch 1366	/reports/2026/customer-1366/result.tsv	sql,report	1	Routine result 1366 for the reporting dashboard
1367	Customer 1367	North America	Queued	2026-09-23	2026-10-23	363.18	EUR	Noor	customer1367@example.test	SELECT * FROM results WHERE id = 1367	Review batch 1367	/reports/2026/customer-1367/result.tsv	sql,report	2	Routine result 1367 for the reporting dashboard
1368	Customer 1368	Asia Pacific	Running	2026-09-24	2026-10-24	364.91	EUR	Kai	customer1368@example.test	SELECT * FROM results WHERE id = 1368	Review batch 1368	/reports/2026/customer-1368/result.tsv	sql,report	3	Routine result 1368 for the reporting dashboard
1369	Customer 1369	South America	Complete	2026-09-25	2026-10-25	366.64	EUR	Ada	customer1369@example.test	SELECT * FROM results WHERE id = 1369	Review batch 1369	/reports/2026/customer-1369/result.tsv	sql,report	4	Routine result 1369 for the reporting dashboard
1370	Customer 1370	Africa	Failed	2026-09-26	2026-10-26	368.37	EUR	Lin	customer1370@example.test	SELECT * FROM results WHERE id = 1370	First line for record 1370\nSecond line with a tab\tand more detail	/reports/2026/customer-1370/result.tsv	sql,report	5	Routine result 1370 for the reporting dashboard
1371	Customer 1371	Europe	New	2026-09-27	2026-10-27	370.10	EUR	Sam	customer1371@example.test	SELECT * FROM results WHERE id = 1371	Review batch 1371	/reports/2026/customer-1371/result.tsv	sql,report	1	Routine result 1371 for the reporting dashboard
1372	Customer 1372	North America	Queued	2026-09-28	2026-10-28	371.83	EUR	Éva	customer1372@example.test	SELECT * FROM results WHERE id = 1372	Review batch 1372	/reports/2026/customer-1372/result.tsv	sql,report	2	Routine result 1372 for the reporting dashboard
1373	Customer 1373	Asia Pacific	Running	2026-09-01	2026-10-01	373.56	EUR	Noor	customer1373@example.test	SELECT * FROM results WHERE id = 1373	Review batch 1373	/reports/2026/customer-1373/result.tsv	sql,report	3	Routine result 1373 for the reporting dashboard
1374	Customer 1374	South America	Complete	2026-09-02	2026-10-02	375.29	EUR	Kai	customer1374@example.test	SELECT * FROM results WHERE id = 1374	Review batch 1374	/reports/2026/customer-1374/result.tsv	sql,report	4	Routine result 1374 for the reporting dashboard
1375	Customer 1375	Africa	Failed	2026-09-03	2026-10-03	377.02	EUR	Ada	customer1375@example.test	SELECT * FROM results WHERE id = 1375	Review batch 1375	/reports/2026/customer-1375/result.tsv	sql,report	5	Routine result 1375 for the reporting dashboard
1376	Customer 1376	Europe	New	2026-09-04	2026-10-04	378.75	EUR	Lin	customer1376@example.test	SELECT * FROM results WHERE id = 1376	Review batch 1376	/reports/2026/customer-1376/result.tsv	sql\tpriority	1	Routine result 1376 for the reporting dashboard
1377	Customer 1377	North America	Queued	2026-09-05	2026-10-05	380.48	EUR	Sam	customer1377@example.test	SELECT * FROM results WHERE id = 1377	Review batch 1377	/reports/2026/customer-1377/result.tsv	sql,report	2	Routine result 1377 for the reporting dashboard
1378	Customer 1378	Asia Pacific	Running	2026-09-06	2026-10-06	382.21	EUR	Éva	customer1378@example.test	SELECT * FROM results WHERE id = 1378	Review batch 1378	/reports/2026/customer-1378/result.tsv	sql,report	3	Routine result 1378 for the reporting dashboard
1379	Customer 1379	South America	Complete	2026-09-07	2026-10-07	383.94	EUR	Noor	customer1379@example.test	SELECT * FROM results WHERE id = 1379	Review batch 1379	/reports/2026/customer-1379/result.tsv	sql,report	4	Routine result 1379 for the reporting dashboard
1380	Customer 1380	Africa	Failed	2026-09-08	2026-10-08	385.67	EUR	Kai	customer1380@example.test	SELECT * FROM results WHERE id = 1380	Review batch 1380	/reports/2026/customer-1380/result.tsv	sql,report	5	Routine result 1380 for the reporting dashboard
1381	Customer 1381	Europe	New	2026-09-09	2026-10-09	387.40	EUR	Ada	customer1381@example.test	SELECT * FROM results WHERE id = 1381	Review batch 1381	/reports/2026/customer-1381/result.tsv	sql,report	1	Routine result 1381 for the reporting dashboard
1382	Customer 1382	North America	Queued	2026-09-10	2026-10-10	389.13	EUR	Lin	customer1382@example.test	SELECT * FROM results WHERE id = 1382	Review batch 1382	/reports/2026/customer-1382/result.tsv	sql,report	2	Routine result 1382 for the reporting dashboard
1383	Customer 1383	Asia Pacific	Running	2026-09-11	2026-10-11	390.86	EUR	Sam	customer1383@example.test	SELECT * FROM results WHERE id = 1383	Review batch 1383	/reports/2026/customer-1383/result.tsv	sql,report	3	Routine result 1383 for the reporting dashboard
1384	Customer 1384	South America	Complete	2026-09-12	2026-10-12	392.59	EUR	Éva	customer1384@example.test	SELECT * FROM results WHERE id = 1384	Review batch 1384	/reports/2026/customer-1384/result.tsv	sql,report	4	Routine result 1384 for the reporting dashboard
1385	Customer 1385	Africa	Failed	2026-09-13	2026-10-13	394.32	EUR	Noor	customer1385@example.test	SELECT * FROM results WHERE id = 1385	Review batch 1385	/reports/2026/customer-1385/result.tsv	sql,report	5	Routine result 1385 for the reporting dashboard
1386	Customer 1386	Europe	New	2026-09-14	2026-10-14	396.05	EUR	Kai	customer1386@example.test	SELECT * FROM results WHERE id = 1386	Review batch 1386	/reports/2026/customer-1386/result.tsv	sql,report	1	Routine result 1386 for the reporting dashboard
1387	Customer 1387	North America	Queued	2026-09-15	2026-10-15	397.78	EUR	Ada	customer1387@example.test	SELECT * FROM results WHERE id = 1387	Review batch 1387	/reports/2026/customer-1387/result.tsv	sql\tpriority	2	Routine result 1387 for the reporting dashboard
1388	Customer 1388	Asia Pacific	Running	2026-09-16	2026-10-16	399.51	EUR	Lin	customer1388@example.test	SELECT * FROM results WHERE id = 1388	Review batch 1388	/reports/2026/customer-1388/result.tsv	sql,report	3	Routine result 1388 for the reporting dashboard
1389	Customer 1389	South America	Complete	2026-09-17	2026-10-17	401.24	EUR	Sam	customer1389@example.test	SELECT * FROM results WHERE id = 1389	Review batch 1389	/reports/2026/customer-1389/result.tsv	sql,report	4	Routine result 1389 for the reporting dashboard
1390	Customer 1390	Africa	Failed	2026-09-18	2026-10-18	402.97	EUR	Éva	customer1390@example.test	SELECT * FROM results WHERE id = 1390	Review batch 1390	/reports/2026/customer-1390/result.tsv	sql,report	5	Routine result 1390 for the reporting dashboard
1391	Customer 1391	Europe	New	2026-09-19	2026-10-19	404.70	EUR	Noor	customer1391@example.test	SELECT * FROM results WHERE id = 1391	Review batch 1391	/reports/2026/customer-1391/result.tsv	sql,report	1	Routine result 1391 for the reporting dashboard
1392	Customer 1392	North America	Queued	2026-09-20	2026-10-20	406.43	EUR	Kai	customer1392@example.test	SELECT * FROM results WHERE id = 1392	Review batch 1392	/reports/2026/customer-1392/result.tsv	sql,report	2	Routine result 1392 for the reporting dashboard
1393	Customer 1393	Asia Pacific	Running	2026-09-21	2026-10-21	408.16	EUR	Ada	customer1393@example.test	SELECT * FROM results WHERE id = 1393	Review batch 1393	/reports/2026/customer-1393/result.tsv	sql,report	3	Routine result 1393 for the reporting dashboard
1394	Customer 1394	South America	Complete	2026-09-22	2026-10-22	409.89	EUR	Lin	customer1394@example.test	SELECT * FROM results WHERE id = 1394	Review batch 1394	/reports/2026/customer-1394/result.tsv	sql,report	4	Routine result 1394 for the reporting dashboard
1395	Customer 1395	Africa	Failed	2026-09-23	2026-10-23	411.62	EUR	Sam	customer1395@example.test	SELECT * FROM results WHERE id = 1395	Review batch 1395	/reports/2026/customer-1395/result.tsv	sql,report	\N	Routine result 1395 for the reporting dashboard
1396	Customer 1396	Europe	New	2026-09-24	2026-10-24	413.35	EUR	Éva	customer1396@example.test	SELECT * FROM results WHERE id = 1396	Review batch 1396	/reports/2026/customer-1396/result.tsv	sql,report	1	Routine result 1396 for the reporting dashboard
1397	Customer 1397	North America	Queued	2026-09-25	2026-10-25	415.08	EUR	Noor	customer1397@example.test	SELECT * FROM results WHERE id = 1397	Review batch 1397	/reports/2026/customer-1397/result.tsv	sql,report	2	Routine result 1397 for the reporting dashboard
1398	Customer 1398	Asia Pacific	Running	2026-09-26	2026-10-26	416.81	EUR	Kai	customer1398@example.test	SELECT * FROM results WHERE id = 1398	Review batch 1398	/reports/2026/customer-1398/result.tsv	sql\tpriority	3	Routine result 1398 for the reporting dashboard
1399	Customer 1399	South America	Complete	2026-09-27	2026-10-27	418.54	EUR	Ada	customer1399@example.test	SELECT * FROM results WHERE id = 1399	Review batch 1399	/reports/2026/customer-1399/result.tsv	sql,report	4	Routine result 1399 for the reporting dashboard
1400	Customer 1400	Africa	Failed	2026-09-28	2026-10-28	420.27	EUR	Lin	customer1400@example.test	SELECT * FROM results WHERE id = 1400	Review batch 1400	/reports/2026/customer-1400/result.tsv	sql,report	5	Routine result 1400 for the reporting dashboard
1401	Customer 1401	Europe	New	2026-09-01	2026-10-01	422.00	EUR	Sam	customer1401@example.test	SELECT * FROM results WHERE id = 1401	Review batch 1401	/reports/2026/customer-1401/result.tsv	sql,report	1	Routine result 1401 for the reporting dashboard
1402	Customer 1402	North America	Queued	2026-09-02	2026-10-02	423.73	EUR	Éva	customer1402@example.test	SELECT * FROM results WHERE id = 1402	Review batch 1402	/reports/2026/customer-1402/result.tsv	sql,report	2	Routine result 1402 for the reporting dashboard
1403	Customer 1403	Asia Pacific	Running	2026-09-03	2026-10-03	425.46	EUR	Noor	customer1403@example.test	SELECT * FROM results WHERE id = 1403	Review batch 1403	/reports/2026/customer-1403/result.tsv	sql,report	3	Routine result 1403 for the reporting dashboard
1404	Customer 1404	South America	Complete	2026-09-04	2026-10-04	427.19	EUR	Kai	customer1404@example.test	SELECT * FROM results WHERE id = 1404	Review batch 1404	/reports/2026/customer-1404/result.tsv	sql,report	4	Routine result 1404 for the reporting dashboard
1405	Customer 1405	Africa	Failed	2026-09-05	2026-10-05	428.92	EUR	Ada	customer1405@example.test	SELECT * FROM results WHERE id = 1405	Review batch 1405	/reports/2026/customer-1405/result.tsv	sql,report	5	Routine result 1405 for the reporting dashboard
1406	Customer 1406	Europe	New	2026-09-06	2026-10-06	430.65	EUR	Lin	customer1406@example.test	SELECT * FROM results WHERE id = 1406	Review batch 1406	/reports/2026/customer-1406/result.tsv	sql,report	1	Routine result 1406 for the reporting dashboard
1407	Customer 1407	North America	Queued	2026-09-07	2026-10-07	432.38	EUR	Sam	customer1407@example.test	SELECT * FROM results WHERE id = 1407	First line for record 1407\nSecond line with a tab\tand more detail	/reports/2026/customer-1407/result.tsv	sql,report	2	Routine result 1407 for the reporting dashboard
1408	Customer 1408	Asia Pacific	Running	2026-09-08	2026-10-08	434.11	EUR	Éva	customer1408@example.test	SELECT * FROM results WHERE id = 1408	Review batch 1408	/reports/2026/customer-1408/result.tsv	sql,report	3	Routine result 1408 for the reporting dashboard
1409	Customer 1409	South America	Complete	2026-09-09	2026-10-09	435.84	EUR	Noor	customer1409@example.test	SELECT * FROM results WHERE id = 1409	Review batch 1409	/reports/2026/customer-1409/result.tsv	sql\tpriority	4	Routine result 1409 for the reporting dashboard
1410	Customer 1410	Africa	Failed	2026-09-10	2026-10-10	437.57	EUR	Kai	customer1410@example.test	SELECT * FROM results WHERE id = 1410	Review batch 1410	/reports/2026/customer-1410/result.tsv	sql,report	5	Routine result 1410 for the reporting dashboard
1411	Customer 1411	Europe	New	2026-09-11	2026-10-11	439.30	EUR	Ada	customer1411@example.test	SELECT * FROM results WHERE id = 1411	Review batch 1411	/reports/2026/customer-1411/result.tsv	sql,report	1	Routine result 1411 for the reporting dashboard
1412	Customer 1412	North America	Queued	2026-09-12	2026-10-12	441.03	EUR	Lin	customer1412@example.test	SELECT * FROM results WHERE id = 1412	Review batch 1412	/reports/2026/customer-1412/result.tsv	sql,report	2	Routine result 1412 for the reporting dashboard
1413	Customer 1413	Asia Pacific	Running	2026-09-13	2026-10-13	442.76	EUR	Sam	customer1413@example.test	SELECT * FROM results WHERE id = 1413	Review batch 1413	/reports/2026/customer-1413/result.tsv	sql,report	3	Routine result 1413 for the reporting dashboard
1414	Customer 1414	South America	Complete	2026-09-14	2026-10-14	444.49	EUR	Éva	customer1414@example.test	SELECT * FROM results WHERE id = 1414	Review batch 1414	/reports/2026/customer-1414/result.tsv	sql,report	4	Routine result 1414 for the reporting dashboard
1415	Customer 1415	Africa	Failed	2026-09-15	2026-10-15	446.22	EUR	Noor	customer1415@example.test	SELECT * FROM results WHERE id = 1415	Review batch 1415	/reports/2026/customer-1415/result.tsv	sql,report	5	Routine result 1415 for the reporting dashboard
1416	Customer 1416	Europe	New	2026-09-16	2026-10-16	447.95	EUR	Kai	customer1416@example.test	SELECT * FROM results WHERE id = 1416	Review batch 1416	/reports/2026/customer-1416/result.tsv	sql,report	1	Routine result 1416 for the reporting dashboard
1417	Customer 1417	North America	Queued	2026-09-17	2026-10-17	449.68	EUR	Ada	customer1417@example.test	SELECT * FROM results WHERE id = 1417	Review batch 1417	/reports/2026/customer-1417/result.tsv	sql,report	2	Routine result 1417 for the reporting dashboard
1418	Customer 1418	Asia Pacific	Running	2026-09-18	2026-10-18	451.41	EUR	Lin	customer1418@example.test	SELECT * FROM results WHERE id = 1418	Review batch 1418	/reports/2026/customer-1418/result.tsv	sql,report	3	Routine result 1418 for the reporting dashboard
1419	Customer 1419	South America	Complete	2026-09-19	2026-10-19	453.14	EUR	Sam	customer1419@example.test	SELECT * FROM results WHERE id = 1419	Review batch 1419	/reports/2026/customer-1419/result.tsv	sql,report	4	Routine result 1419 for the reporting dashboard
1420	Customer 1420	Africa	Failed	2026-09-20	2026-10-20	454.87	EUR	Éva	customer1420@example.test	SELECT * FROM results WHERE id = 1420	Review batch 1420	/reports/2026/customer-1420/result.tsv	sql\tpriority	5	Routine result 1420 for the reporting dashboard
1421	Customer 1421	Europe	New	2026-09-21	2026-10-21	456.60	EUR	Noor	customer1421@example.test	SELECT * FROM results WHERE id = 1421	Review batch 1421	/reports/2026/customer-1421/result.tsv	sql,report	1	Routine result 1421 for the reporting dashboard
1422	Customer 1422	North America	Queued	2026-09-22	2026-10-22	458.33	EUR	Kai	customer1422@example.test	SELECT * FROM results WHERE id = 1422	Review batch 1422	/reports/2026/customer-1422/result.tsv	sql,report	2	Routine result 1422 for the reporting dashboard
1423	Customer 1423	Asia Pacific	Running	2026-09-23	2026-10-23	460.06	EUR	Ada	customer1423@example.test	SELECT * FROM results WHERE id = 1423	Review batch 1423	/reports/2026/customer-1423/result.tsv	sql,report	3	Routine result 1423 for the reporting dashboard
1424	Customer 1424	South America	Complete	2026-09-24	2026-10-24	461.79	EUR	Lin	customer1424@example.test	SELECT * FROM results WHERE id = 1424	Review batch 1424	/reports/2026/customer-1424/result.tsv	sql,report	4	Routine result 1424 for the reporting dashboard
1425	Customer 1425	Africa	Failed	2026-09-25	2026-10-25	463.52	EUR	Sam	customer1425@example.test	SELECT * FROM results WHERE id = 1425	Review batch 1425	/reports/2026/customer-1425/result.tsv	sql,report	5	Routine result 1425 for the reporting dashboard
1426	Customer 1426	Europe	New	2026-09-26	2026-10-26	465.25	EUR	Éva	customer1426@example.test	SELECT * FROM results WHERE id = 1426	Review batch 1426	/reports/2026/customer-1426/result.tsv	sql,report	1	Routine result 1426 for the reporting dashboard
1427	Customer 1427	North America	Queued	2026-09-27	2026-10-27	466.98	EUR	Noor	customer1427@example.test	SELECT * FROM results WHERE id = 1427	Review batch 1427	/reports/2026/customer-1427/result.tsv	sql,report	2	Routine result 1427 for the reporting dashboard
1428	Customer 1428	Asia Pacific	Running	2026-09-28	2026-10-28	468.71	EUR	Kai	customer1428@example.test	SELECT * FROM results WHERE id = 1428	Review batch 1428	/reports/2026/customer-1428/result.tsv	sql,report	3	Routine result 1428 for the reporting dashboard
1429	Customer 1429	South America	Complete	2026-09-01	2026-10-01	470.44	EUR	Ada	customer1429@example.test	SELECT * FROM results WHERE id = 1429	Review batch 1429	/reports/2026/customer-1429/result.tsv	sql,report	4	Routine result 1429 for the reporting dashboard
1430	Customer 1430	Africa	Failed	2026-09-02	2026-10-02	472.17	EUR	Lin	customer1430@example.test	SELECT * FROM results WHERE id = 1430	Review batch 1430	/reports/2026/customer-1430/result.tsv	sql,report	5	Routine result 1430 for the reporting dashboard
1431	Customer 1431	Europe	New	2026-09-03	2026-10-03	473.90	EUR	Sam	customer1431@example.test	SELECT * FROM results WHERE id = 1431	Review batch 1431	/reports/2026/customer-1431/result.tsv	sql\tpriority	1	Routine result 1431 for the reporting dashboard
1432	Customer 1432	North America	Queued	2026-09-04	2026-10-04	475.63	EUR	Éva	customer1432@example.test	SELECT * FROM results WHERE id = 1432	Review batch 1432	/reports/2026/customer-1432/result.tsv	sql,report	2	Routine result 1432 for the reporting dashboard
1433	Customer 1433	Asia Pacific	Running	2026-09-05	2026-10-05	477.36	EUR	Noor	customer1433@example.test	SELECT * FROM results WHERE id = 1433	Review batch 1433	/reports/2026/customer-1433/result.tsv	sql,report	3	Routine result 1433 for the reporting dashboard
1434	Customer 1434	South America	Complete	2026-09-06	2026-10-06	479.09	EUR	Kai	customer1434@example.test	SELECT * FROM results WHERE id = 1434	Review batch 1434	/reports/2026/customer-1434/result.tsv	sql,report	4	Routine result 1434 for the reporting dashboard
1435	Customer 1435	Africa	Failed	2026-09-07	2026-10-07	480.82	EUR	Ada	customer1435@example.test	SELECT * FROM results WHERE id = 1435	Review batch 1435	/reports/2026/customer-1435/result.tsv	sql,report	5	Routine result 1435 for the reporting dashboard
1436	Customer 1436	Europe	New	2026-09-08	2026-10-08	482.55	EUR	Lin	customer1436@example.test	SELECT * FROM results WHERE id = 1436	Review batch 1436	/reports/2026/customer-1436/result.tsv	sql,report	\N	Routine result 1436 for the reporting dashboard
1437	Customer 1437	North America	Queued	2026-09-09	2026-10-09	484.28	EUR	Sam	customer1437@example.test	SELECT * FROM results WHERE id = 1437	Review batch 1437	/reports/2026/customer-1437/result.tsv	sql,report	2	Routine result 1437 for the reporting dashboard
1438	Customer 1438	Asia Pacific	Running	2026-09-10	2026-10-10	486.01	EUR	Éva	customer1438@example.test	SELECT * FROM results WHERE id = 1438	Review batch 1438	/reports/2026/customer-1438/result.tsv	sql,report	3	Routine result 1438 for the reporting dashboard
1439	Customer 1439	South America	Complete	2026-09-11	2026-10-11	487.74	EUR	Noor	customer1439@example.test	SELECT * FROM results WHERE id = 1439	Review batch 1439	/reports/2026/customer-1439/result.tsv	sql,report	4	Routine result 1439 for the reporting dashboard
1440	Customer 1440	Africa	Failed	2026-09-12	2026-10-12	489.47	EUR	Kai	customer1440@example.test	SELECT * FROM results WHERE id = 1440	Review batch 1440	/reports/2026/customer-1440/result.tsv	sql,report	5	Routine result 1440 for the reporting dashboard
1441	Customer 1441	Europe	New	2026-09-13	2026-10-13	491.20	EUR	Ada	customer1441@example.test	SELECT * FROM results WHERE id = 1441	Review batch 1441	/reports/2026/customer-1441/result.tsv	sql,report	1	Routine result 1441 for the reporting dashboard
1442	Customer 1442	North America	Queued	2026-09-14	2026-10-14	492.93	EUR	Lin	customer1442@example.test	SELECT * FROM results WHERE id = 1442	Review batch 1442	/reports/2026/customer-1442/result.tsv	sql\tpriority	2	Routine result 1442 for the reporting dashboard
1443	Customer 1443	Asia Pacific	Running	2026-09-15	2026-10-15	494.66	EUR	Sam	customer1443@example.test	SELECT * FROM results WHERE id = 1443	Review batch 1443	/reports/2026/customer-1443/result.tsv	sql,report	3	Routine result 1443 for the reporting dashboard
1444	Customer 1444	South America	Complete	2026-09-16	2026-10-16	496.39	EUR	Éva	customer1444@example.test	SELECT * FROM results WHERE id = 1444	First line for record 1444\nSecond line with a tab\tand more detail	/reports/2026/customer-1444/result.tsv	sql,report	4	Routine result 1444 for the reporting dashboard
1445	Customer 1445	Africa	Failed	2026-09-17	2026-10-17	498.12	EUR	Noor	customer1445@example.test	SELECT * FROM results WHERE id = 1445	Review batch 1445	/reports/2026/customer-1445/result.tsv	sql,report	5	Routine result 1445 for the reporting dashboard
1446	Customer 1446	Europe	New	2026-09-18	2026-10-18	499.85	EUR	Kai	customer1446@example.test	SELECT * FROM results WHERE id = 1446	Review batch 1446	/reports/2026/customer-1446/result.tsv	sql,report	1	Routine result 1446 for the reporting dashboard
1447	Customer 1447	North America	Queued	2026-09-19	2026-10-19	501.58	EUR	Ada	customer1447@example.test	SELECT * FROM results WHERE id = 1447	Review batch 1447	/reports/2026/customer-1447/result.tsv	sql,report	2	Routine result 1447 for the reporting dashboard
1448	Customer 1448	Asia Pacific	Running	2026-09-20	2026-10-20	503.31	EUR	Lin	customer1448@example.test	SELECT * FROM results WHERE id = 1448	Review batch 1448	/reports/2026/customer-1448/result.tsv	sql,report	3	Routine result 1448 for the reporting dashboard
1449	Customer 1449	South America	Complete	2026-09-21	2026-10-21	505.04	EUR	Sam	customer1449@example.test	SELECT * FROM results WHERE id = 1449	Review batch 1449	/reports/2026/customer-1449/result.tsv	sql,report	4	Routine result 1449 for the reporting dashboard
1450	Customer 1450	Africa	Failed	2026-09-22	2026-10-22	506.77	EUR	Éva	customer1450@example.test	SELECT * FROM results WHERE id = 1450	Review batch 1450	/reports/2026/customer-1450/result.tsv	sql,report	5	Routine result 1450 for the reporting dashboard
1451	Customer 1451	Europe	New	2026-09-23	2026-10-23	508.50	EUR	Noor	customer1451@example.test	SELECT * FROM results WHERE id = 1451	Review batch 1451	/reports/2026/customer-1451/result.tsv	sql,report	1	Routine result 1451 for the reporting dashboard
1452	Customer 1452	North America	Queued	2026-09-24	2026-10-24	510.23	EUR	Kai	customer1452@example.test	SELECT * FROM results WHERE id = 1452	Review batch 1452	/reports/2026/customer-1452/result.tsv	sql,report	2	Routine result 1452 for the reporting dashboard
1453	Customer 1453	Asia Pacific	Running	2026-09-25	2026-10-25	511.96	EUR	Ada	customer1453@example.test	SELECT * FROM results WHERE id = 1453	Review batch 1453	/reports/2026/customer-1453/result.tsv	sql\tpriority	3	Routine result 1453 for the reporting dashboard
1454	Customer 1454	South America	Complete	2026-09-26	2026-10-26	513.69	EUR	Lin	customer1454@example.test	SELECT * FROM results WHERE id = 1454	Review batch 1454	/reports/2026/customer-1454/result.tsv	sql,report	4	Routine result 1454 for the reporting dashboard
1455	Customer 1455	Africa	Failed	2026-09-27	2026-10-27	515.42	EUR	Sam	customer1455@example.test	SELECT * FROM results WHERE id = 1455	Review batch 1455	/reports/2026/customer-1455/result.tsv	sql,report	5	Routine result 1455 for the reporting dashboard
1456	Customer 1456	Europe	New	2026-09-28	2026-10-28	517.15	EUR	Éva	customer1456@example.test	SELECT * FROM results WHERE id = 1456	Review batch 1456	/reports/2026/customer-1456/result.tsv	sql,report	1	A deliberately long description for record 1456: this value crosses the normal column width and tests horizontal scrolling and field truncation in the table widget.
1457	Customer 1457	North America	Queued	2026-09-01	2026-10-01	518.88	EUR	Noor	customer1457@example.test	SELECT * FROM results WHERE id = 1457	Review batch 1457	/reports/2026/customer-1457/result.tsv	sql,report	2	Routine result 1457 for the reporting dashboard
1458	Customer 1458	Asia Pacific	Running	2026-09-02	2026-10-02	520.61	EUR	Kai	customer1458@example.test	SELECT * FROM results WHERE id = 1458	Review batch 1458	/reports/2026/customer-1458/result.tsv	sql,report	3	Routine result 1458 for the reporting dashboard
1459	Customer 1459	South America	Complete	2026-09-03	2026-10-03	522.34	EUR	Ada	customer1459@example.test	SELECT * FROM results WHERE id = 1459	Review batch 1459	/reports/2026/customer-1459/result.tsv	sql,report	4	Routine result 1459 for the reporting dashboard
1460	Customer 1460	Africa	Failed	2026-09-04	2026-10-04	524.07	EUR	Lin	customer1460@example.test	SELECT * FROM results WHERE id = 1460	Review batch 1460	/reports/2026/customer-1460/result.tsv	sql,report	5	Routine result 1460 for the reporting dashboard
1461	Customer 1461	Europe	New	2026-09-05	2026-10-05	525.80	EUR	Sam	customer1461@example.test	SELECT * FROM results WHERE id = 1461	Review batch 1461	/reports/2026/customer-1461/result.tsv	sql,report	1	Routine result 1461 for the reporting dashboard
1462	Customer 1462	North America	Queued	2026-09-06	2026-10-06	527.53	EUR	Éva	customer1462@example.test	SELECT * FROM results WHERE id = 1462	Review batch 1462	/reports/2026/customer-1462/result.tsv	sql,report	2	Routine result 1462 for the reporting dashboard
1463	Customer 1463	Asia Pacific	Running	2026-09-07	2026-10-07	529.26	EUR	Noor	customer1463@example.test	SELECT * FROM results WHERE id = 1463	Review batch 1463	/reports/2026/customer-1463/result.tsv	sql,report	3	Routine result 1463 for the reporting dashboard
1464	Customer 1464	South America	Complete	2026-09-08	2026-10-08	530.99	EUR	Kai	customer1464@example.test	SELECT * FROM results WHERE id = 1464	Review batch 1464	/reports/2026/customer-1464/result.tsv	sql\tpriority	4	Routine result 1464 for the reporting dashboard
1465	Customer 1465	Africa	Failed	2026-09-09	2026-10-09	532.72	EUR	Ada	customer1465@example.test	SELECT * FROM results WHERE id = 1465	Review batch 1465	/reports/2026/customer-1465/result.tsv	sql,report	5	Routine result 1465 for the reporting dashboard
1466	Customer 1466	Europe	New	2026-09-10	2026-10-10	534.45	EUR	Lin	customer1466@example.test	SELECT * FROM results WHERE id = 1466	Review batch 1466	/reports/2026/customer-1466/result.tsv	sql,report	1	Routine result 1466 for the reporting dashboard
1467	Customer 1467	North America	Queued	2026-09-11	2026-10-11	536.18	EUR	Sam	customer1467@example.test	SELECT * FROM results WHERE id = 1467	Review batch 1467	/reports/2026/customer-1467/result.tsv	sql,report	2	Routine result 1467 for the reporting dashboard
1468	Customer 1468	Asia Pacific	Running	2026-09-12	2026-10-12	537.91	EUR	Éva	customer1468@example.test	SELECT * FROM results WHERE id = 1468	Review batch 1468	/reports/2026/customer-1468/result.tsv	sql,report	3	Routine result 1468 for the reporting dashboard
1469	Customer 1469	South America	Complete	2026-09-13	2026-10-13	539.64	EUR	Noor	customer1469@example.test	SELECT * FROM results WHERE id = 1469	Review batch 1469	/reports/2026/customer-1469/result.tsv	sql,report	4	Routine result 1469 for the reporting dashboard
1470	Customer 1470	Africa	Failed	2026-09-14	2026-10-14	541.37	EUR	Kai	customer1470@example.test	SELECT customer_id, SUM(amount) FROM invoice_items WHERE customer_id = 1470 GROUP BY customer_id ORDER BY SUM(amount) DESC	Review batch 1470	/reports/2026/customer-1470/result.tsv	sql,report	5	Routine result 1470 for the reporting dashboard
1471	Customer 1471	Europe	New	2026-09-15	2026-10-15	543.10	EUR	Ada	customer1471@example.test	SELECT * FROM results WHERE id = 1471	Review batch 1471	/reports/2026/customer-1471/result.tsv	sql,report	1	Routine result 1471 for the reporting dashboard
1472	Customer 1472	North America	Queued	2026-09-16	2026-10-16	544.83	EUR	Lin	customer1472@example.test	SELECT * FROM results WHERE id = 1472	Review batch 1472	/reports/2026/customer-1472/result.tsv	sql,report	2	Routine result 1472 for the reporting dashboard
1473	Customer 1473	Asia Pacific	Running	2026-09-17	2026-10-17	546.56	EUR	Sam	customer1473@example.test	SELECT * FROM results WHERE id = 1473	Review batch 1473	/reports/2026/customer-1473/result.tsv	sql,report	3	Routine result 1473 for the reporting dashboard
1474	Customer 1474	South America	Complete	2026-09-18	2026-10-18	548.29	EUR	Éva	customer1474@example.test	SELECT * FROM results WHERE id = 1474	Review batch 1474	/reports/2026/customer-1474/result.tsv	sql,report	4	Routine result 1474 for the reporting dashboard
1475	Customer 1475	Africa	Failed	2026-09-19	2026-10-19	550.02	EUR	Noor	customer1475@example.test	SELECT * FROM results WHERE id = 1475	Review batch 1475	/reports/2026/customer-1475/result.tsv	sql\tpriority	5	Routine result 1475 for the reporting dashboard
1476	Customer 1476	Europe	New	2026-09-20	2026-10-20	551.75	EUR	Kai	customer1476@example.test	SELECT * FROM results WHERE id = 1476	Review batch 1476	/reports/2026/customer-1476/result.tsv	sql,report	1	Routine result 1476 for the reporting dashboard
1477	Customer 1477	North America	Queued	2026-09-21	2026-10-21	553.48	EUR	Ada	customer1477@example.test	SELECT * FROM results WHERE id = 1477	Review batch 1477	/reports/2026/customer-1477/result.tsv	sql,report	\N	Routine result 1477 for the reporting dashboard
1478	Customer 1478	Asia Pacific	Running	2026-09-22	2026-10-22	555.21	EUR	Lin	customer1478@example.test	SELECT * FROM results WHERE id = 1478	Review batch 1478	/reports/2026/customer-1478/result.tsv	sql,report	3	Routine result 1478 for the reporting dashboard
1479	Customer 1479	South America	Complete	2026-09-23	2026-10-23	556.94	EUR	Sam	customer1479@example.test	SELECT * FROM results WHERE id = 1479	Review batch 1479	/reports/2026/customer-1479/result.tsv	sql,report	4	Routine result 1479 for the reporting dashboard
1480	Customer 1480	Africa	Failed	2026-09-24	2026-10-24	558.67	EUR	Éva	customer1480@example.test	SELECT * FROM results WHERE id = 1480	Review batch 1480	/reports/2026/customer-1480/result.tsv	sql,report	5	Routine result 1480 for the reporting dashboard
1481	Customer 1481	Europe	New	2026-09-25	2026-10-25	560.40	EUR	Noor	customer1481@example.test	SELECT * FROM results WHERE id = 1481	First line for record 1481\nSecond line with a tab\tand more detail	/reports/2026/customer-1481/result.tsv	sql,report	1	Routine result 1481 for the reporting dashboard
1482	Customer 1482	North America	Queued	2026-09-26	2026-10-26	562.13	EUR	Kai	customer1482@example.test	SELECT * FROM results WHERE id = 1482	Review batch 1482	/reports/2026/customer-1482/result.tsv	sql,report	2	Routine result 1482 for the reporting dashboard
1483	Customer 1483	Asia Pacific	Running	2026-09-27	2026-10-27	563.86	EUR	Ada	customer1483@example.test	SELECT * FROM results WHERE id = 1483	Review batch 1483	/reports/2026/customer-1483/result.tsv	sql,report	3	Routine result 1483 for the reporting dashboard
1484	Customer 1484	South America	Complete	2026-09-28	2026-10-28	565.59	EUR	Lin	customer1484@example.test	SELECT * FROM results WHERE id = 1484	Review batch 1484	/reports/2026/customer-1484/result.tsv	sql,report	4	Routine result 1484 for the reporting dashboard
1485	Customer 1485	Africa	Failed	2026-09-01	2026-10-01	567.32	EUR	Sam	customer1485@example.test	SELECT * FROM results WHERE id = 1485	Review batch 1485	/reports/2026/customer-1485/result.tsv	sql,report	5	Routine result 1485 for the reporting dashboard
1486	Customer 1486	Europe	New	2026-09-02	2026-10-02	569.05	EUR	Éva	customer1486@example.test	SELECT * FROM results WHERE id = 1486	Review batch 1486	/reports/2026/customer-1486/result.tsv	sql\tpriority	1	Routine result 1486 for the reporting dashboard
1487	Customer 1487	North America	Queued	2026-09-03	2026-10-03	570.78	EUR	Noor	customer1487@example.test	SELECT * FROM results WHERE id = 1487	Review batch 1487	/reports/2026/customer-1487/result.tsv	sql,report	2	Routine result 1487 for the reporting dashboard
1488	Customer 1488	Asia Pacific	Running	2026-09-04	2026-10-04	572.51	EUR	Kai	customer1488@example.test	SELECT * FROM results WHERE id = 1488	Review batch 1488	/reports/2026/customer-1488/result.tsv	sql,report	3	Routine result 1488 for the reporting dashboard
1489	Customer 1489	South America	Complete	2026-09-05	2026-10-05	574.24	EUR	Ada	customer1489@example.test	SELECT * FROM results WHERE id = 1489	Review batch 1489	/reports/2026/customer-1489/result.tsv	sql,report	4	Routine result 1489 for the reporting dashboard
1490	Customer 1490	Africa	Failed	2026-09-06	2026-10-06	575.97	EUR	Lin	customer1490@example.test	SELECT * FROM results WHERE id = 1490	Review batch 1490	/reports/2026/customer-1490/result.tsv	sql,report	5	Routine result 1490 for the reporting dashboard
1491	Customer 1491	Europe	New	2026-09-07	2026-10-07	577.70	EUR	Sam	customer1491@example.test	SELECT * FROM results WHERE id = 1491	Review batch 1491	/reports/2026/customer-1491/result.tsv	sql,report	1	Routine result 1491 for the reporting dashboard
1492	Customer 1492	North America	Queued	2026-09-08	2026-10-08	579.43	EUR	Éva	customer1492@example.test	SELECT * FROM results WHERE id = 1492	Review batch 1492	/reports/2026/customer-1492/result.tsv	sql,report	2	Routine result 1492 for the reporting dashboard
1493	Customer 1493	Asia Pacific	Running	2026-09-09	2026-10-09	581.16	EUR	Noor	customer1493@example.test	SELECT * FROM results WHERE id = 1493	Review batch 1493	/reports/2026/customer-1493/result.tsv	sql,report	3	Routine result 1493 for the reporting dashboard
1494	Customer 1494	South America	Complete	2026-09-10	2026-10-10	582.89	EUR	Kai	customer1494@example.test	SELECT * FROM results WHERE id = 1494	Review batch 1494	/reports/2026/customer-1494/result.tsv	sql,report	4	Routine result 1494 for the reporting dashboard
1495	Customer 1495	Africa	Failed	2026-09-11	2026-10-11	584.62	EUR	Ada	customer1495@example.test	SELECT * FROM results WHERE id = 1495	Review batch 1495	/reports/2026/customer-1495/result.tsv	sql,report	5	Routine result 1495 for the reporting dashboard
1496	Customer 1496	Europe	New	2026-09-12	2026-10-12	586.35	EUR	Lin	customer1496@example.test	SELECT * FROM results WHERE id = 1496	Review batch 1496	/reports/2026/customer-1496/result.tsv	sql,report	1	Routine result 1496 for the reporting dashboard
1497	Customer 1497	North America	Queued	2026-09-13	2026-10-13	588.08	EUR	Sam	customer1497@example.test	SELECT * FROM results WHERE id = 1497	Review batch 1497	/reports/2026/customer-1497/result.tsv	sql\tpriority	2	Routine result 1497 for the reporting dashboard
1498	Customer 1498	Asia Pacific	Running	2026-09-14	2026-10-14	589.81	EUR	Éva	customer1498@example.test	SELECT * FROM results WHERE id = 1498	Review batch 1498	/reports/2026/customer-1498/result.tsv	sql,report	3	Routine result 1498 for the reporting dashboard
1499	Customer 1499	South America	Complete	2026-09-15	2026-10-15	591.54	EUR	Noor	customer1499@example.test	SELECT * FROM results WHERE id = 1499	Review batch 1499	/reports/2026/customer-1499/result.tsv	sql,report	4	Routine result 1499 for the reporting dashboard
1500	Customer 1500	Africa	Failed	2026-09-16	2026-10-16	593.27	EUR	Kai	customer1500@example.test	SELECT * FROM results WHERE id = 1500	Review batch 1500	/reports/2026/customer-1500/result.tsv	sql,report	5	Routine result 1500 for the reporting dashboard
1501	Customer 1501	Europe	New	2026-09-17	2026-10-17	595.00	EUR	Ada	customer1501@example.test	SELECT * FROM results WHERE id = 1501	Review batch 1501	/reports/2026/customer-1501/result.tsv	sql,report	1	Routine result 1501 for the reporting dashboard
1502	Customer 1502	North America	Queued	2026-09-18	2026-10-18	596.73	EUR	Lin	customer1502@example.test	SELECT * FROM results WHERE id = 1502	Review batch 1502	/reports/2026/customer-1502/result.tsv	sql,report	2	Routine result 1502 for the reporting dashboard
1503	Customer 1503	Asia Pacific	Running	2026-09-19	2026-10-19	598.46	EUR	Sam	customer1503@example.test	SELECT * FROM results WHERE id = 1503	Review batch 1503	/reports/2026/customer-1503/result.tsv	sql,report	3	Routine result 1503 for the reporting dashboard
1504	Customer 1504	South America	Complete	2026-09-20	2026-10-20	600.19	EUR	Éva	customer1504@example.test	SELECT * FROM results WHERE id = 1504	Review batch 1504	/reports/2026/customer-1504/result.tsv	sql,report	4	Routine result 1504 for the reporting dashboard
1505	Customer 1505	Africa	Failed	2026-09-21	2026-10-21	601.92	EUR	Noor	customer1505@example.test	SELECT * FROM results WHERE id = 1505	Review batch 1505	/reports/2026/customer-1505/result.tsv	sql,report	5	Routine result 1505 for the reporting dashboard
1506	Customer 1506	Europe	New	2026-09-22	2026-10-22	603.65	EUR	Kai	customer1506@example.test	SELECT * FROM results WHERE id = 1506	Review batch 1506	/reports/2026/customer-1506/result.tsv	sql,report	1	Routine result 1506 for the reporting dashboard
1507	Customer 1507	North America	Queued	2026-09-23	2026-10-23	605.38	EUR	Ada	customer1507@example.test	SELECT * FROM results WHERE id = 1507	Review batch 1507	/reports/2026/customer-1507/result.tsv	sql,report	2	Routine result 1507 for the reporting dashboard
1508	Customer 1508	Asia Pacific	Running	2026-09-24	2026-10-24	607.11	EUR	Lin	customer1508@example.test	SELECT * FROM results WHERE id = 1508	Review batch 1508	/reports/2026/customer-1508/result.tsv	sql\tpriority	3	Routine result 1508 for the reporting dashboard
1509	Customer 1509	South America	Complete	2026-09-25	2026-10-25	608.84	EUR	Sam	customer1509@example.test	SELECT * FROM results WHERE id = 1509	Review batch 1509	/reports/2026/customer-1509/result.tsv	sql,report	4	Routine result 1509 for the reporting dashboard
1510	Customer 1510	Africa	Failed	2026-09-26	2026-10-26	610.57	EUR	Éva	customer1510@example.test	SELECT * FROM results WHERE id = 1510	Review batch 1510	/reports/2026/customer-1510/result.tsv	sql,report	5	Routine result 1510 for the reporting dashboard
1511	Customer 1511	Europe	New	2026-09-27	2026-10-27	612.30	EUR	Noor	customer1511@example.test	SELECT * FROM results WHERE id = 1511	Review batch 1511	/reports/2026/customer-1511/result.tsv	sql,report	1	Routine result 1511 for the reporting dashboard
1512	Customer 1512	North America	Queued	2026-09-28	2026-10-28	614.03	EUR	Kai	customer1512@example.test	SELECT * FROM results WHERE id = 1512	Review batch 1512	/reports/2026/customer-1512/result.tsv	sql,report	2	Routine result 1512 for the reporting dashboard
1513	Customer 1513	Asia Pacific	Running	2026-09-01	2026-10-01	615.76	EUR	Ada	customer1513@example.test	SELECT * FROM results WHERE id = 1513	Review batch 1513	/reports/2026/customer-1513/result.tsv	sql,report	3	Routine result 1513 for the reporting dashboard
1514	Customer 1514	South America	Complete	2026-09-02	2026-10-02	617.49	EUR	Lin	customer1514@example.test	SELECT * FROM results WHERE id = 1514	Review batch 1514	/reports/2026/customer-1514/result.tsv	sql,report	4	Routine result 1514 for the reporting dashboard
1515	Customer 1515	Africa	Failed	2026-09-03	2026-10-03	619.22	EUR	Sam	customer1515@example.test	SELECT * FROM results WHERE id = 1515	Review batch 1515	/reports/2026/customer-1515/result.tsv	sql,report	5	Routine result 1515 for the reporting dashboard
1516	Customer 1516	Europe	New	2026-09-04	2026-10-04	620.95	EUR	Éva	customer1516@example.test	SELECT * FROM results WHERE id = 1516	Review batch 1516	/reports/2026/customer-1516/result.tsv	sql,report	1	Routine result 1516 for the reporting dashboard
1517	Customer 1517	North America	Queued	2026-09-05	2026-10-05	622.68	EUR	Noor	customer1517@example.test	SELECT * FROM results WHERE id = 1517	Review batch 1517	/reports/2026/customer-1517/result.tsv	sql,report	2	Routine result 1517 for the reporting dashboard
1518	Customer 1518	Asia Pacific	Running	2026-09-06	2026-10-06	624.41	EUR	Kai	customer1518@example.test	SELECT * FROM results WHERE id = 1518	First line for record 1518\nSecond line with a tab\tand more detail	/reports/2026/customer-1518/result.tsv	sql,report	\N	Routine result 1518 for the reporting dashboard
1519	Customer 1519	South America	Complete	2026-09-07	2026-10-07	626.14	EUR	Ada	customer1519@example.test	SELECT * FROM results WHERE id = 1519	Review batch 1519	/reports/2026/customer-1519/result.tsv	sql\tpriority	4	Routine result 1519 for the reporting dashboard
1520	Customer 1520	Africa	Failed	2026-09-08	2026-10-08	627.87	EUR	Lin	customer1520@example.test	SELECT * FROM results WHERE id = 1520	Review batch 1520	/reports/2026/customer-1520/result.tsv	sql,report	5	Routine result 1520 for the reporting dashboard
1521	Customer 1521	Europe	New	2026-09-09	2026-10-09	629.60	EUR	Sam	customer1521@example.test	SELECT * FROM results WHERE id = 1521	Review batch 1521	/reports/2026/customer-1521/result.tsv	sql,report	1	Routine result 1521 for the reporting dashboard
1522	Customer 1522	North America	Queued	2026-09-10	2026-10-10	631.33	EUR	Éva	customer1522@example.test	SELECT * FROM results WHERE id = 1522	Review batch 1522	/reports/2026/customer-1522/result.tsv	sql,report	2	Routine result 1522 for the reporting dashboard
1523	Customer 1523	Asia Pacific	Running	2026-09-11	2026-10-11	633.06	EUR	Noor	customer1523@example.test	SELECT * FROM results WHERE id = 1523	Review batch 1523	/reports/2026/customer-1523/result.tsv	sql,report	3	Routine result 1523 for the reporting dashboard
1524	Customer 1524	South America	Complete	2026-09-12	2026-10-12	634.79	EUR	Kai	customer1524@example.test	SELECT * FROM results WHERE id = 1524	Review batch 1524	/reports/2026/customer-1524/result.tsv	sql,report	4	Routine result 1524 for the reporting dashboard
1525	Customer 1525	Africa	Failed	2026-09-13	2026-10-13	636.52	EUR	Ada	customer1525@example.test	SELECT * FROM results WHERE id = 1525	Review batch 1525	/reports/2026/customer-1525/result.tsv	sql,report	5	Routine result 1525 for the reporting dashboard
1526	Customer 1526	Europe	New	2026-09-14	2026-10-14	638.25	EUR	Lin	customer1526@example.test	SELECT * FROM results WHERE id = 1526	Review batch 1526	/reports/2026/customer-1526/result.tsv	sql,report	1	Routine result 1526 for the reporting dashboard
1527	Customer 1527	North America	Queued	2026-09-15	2026-10-15	639.98	EUR	Sam	customer1527@example.test	SELECT * FROM results WHERE id = 1527	Review batch 1527	/reports/2026/customer-1527/result.tsv	sql,report	2	Routine result 1527 for the reporting dashboard
1528	Customer 1528	Asia Pacific	Running	2026-09-16	2026-10-16	641.71	EUR	Éva	customer1528@example.test	SELECT * FROM results WHERE id = 1528	Review batch 1528	/reports/2026/customer-1528/result.tsv	sql,report	3	Routine result 1528 for the reporting dashboard
1529	Customer 1529	South America	Complete	2026-09-17	2026-10-17	643.44	EUR	Noor	customer1529@example.test	SELECT * FROM results WHERE id = 1529	Review batch 1529	/reports/2026/customer-1529/result.tsv	sql,report	4	Routine result 1529 for the reporting dashboard
1530	Customer 1530	Africa	Failed	2026-09-18	2026-10-18	645.17	EUR	Kai	customer1530@example.test	SELECT * FROM results WHERE id = 1530	Review batch 1530	/reports/2026/customer-1530/result.tsv	sql\tpriority	5	Routine result 1530 for the reporting dashboard
1531	Customer 1531	Europe	New	2026-09-19	2026-10-19	646.90	EUR	Ada	customer1531@example.test	SELECT * FROM results WHERE id = 1531	Review batch 1531	/reports/2026/customer-1531/result.tsv	sql,report	1	Routine result 1531 for the reporting dashboard
1532	Customer 1532	North America	Queued	2026-09-20	2026-10-20	648.63	EUR	Lin	customer1532@example.test	SELECT * FROM results WHERE id = 1532	Review batch 1532	/reports/2026/customer-1532/result.tsv	sql,report	2	Routine result 1532 for the reporting dashboard
1533	Customer 1533	Asia Pacific	Running	2026-09-21	2026-10-21	650.36	EUR	Sam	customer1533@example.test	SELECT * FROM results WHERE id = 1533	Review batch 1533	/reports/2026/customer-1533/result.tsv	sql,report	3	Routine result 1533 for the reporting dashboard
1534	Customer 1534	South America	Complete	2026-09-22	2026-10-22	652.09	EUR	Éva	customer1534@example.test	SELECT * FROM results WHERE id = 1534	Review batch 1534	/reports/2026/customer-1534/result.tsv	sql,report	4	Routine result 1534 for the reporting dashboard
1535	Customer 1535	Africa	Failed	2026-09-23	2026-10-23	653.82	EUR	Noor	customer1535@example.test	SELECT * FROM results WHERE id = 1535	Review batch 1535	/reports/2026/customer-1535/result.tsv	sql,report	5	Routine result 1535 for the reporting dashboard
1536	Customer 1536	Europe	New	2026-09-24	2026-10-24	655.55	EUR	Kai	customer1536@example.test	SELECT * FROM results WHERE id = 1536	Review batch 1536	/reports/2026/customer-1536/result.tsv	sql,report	1	Routine result 1536 for the reporting dashboard
1537	Customer 1537	North America	Queued	2026-09-25	2026-10-25	657.28	EUR	Ada	customer1537@example.test	SELECT * FROM results WHERE id = 1537	Review batch 1537	/reports/2026/customer-1537/result.tsv	sql,report	2	Routine result 1537 for the reporting dashboard
1538	Customer 1538	Asia Pacific	Running	2026-09-26	2026-10-26	659.01	EUR	Lin	customer1538@example.test	SELECT * FROM results WHERE id = 1538	Review batch 1538	/reports/2026/customer-1538/result.tsv	sql,report	3	Routine result 1538 for the reporting dashboard
1539	Customer 1539	South America	Complete	2026-09-27	2026-10-27	660.74	EUR	Sam	customer1539@example.test	SELECT * FROM results WHERE id = 1539	Review batch 1539	/reports/2026/customer-1539/result.tsv	sql,report	4	Routine result 1539 for the reporting dashboard
1540	Customer 1540	Africa	Failed	2026-09-28	2026-10-28	662.47	EUR	Éva	customer1540@example.test	SELECT * FROM results WHERE id = 1540	Review batch 1540	/reports/2026/customer-1540/result.tsv	sql,report	5	Routine result 1540 for the reporting dashboard
1541	Customer 1541	Europe	New	2026-09-01	2026-10-01	664.20	EUR	Noor	customer1541@example.test	SELECT * FROM results WHERE id = 1541	Review batch 1541	/reports/2026/customer-1541/result.tsv	sql\tpriority	1	Routine result 1541 for the reporting dashboard
1542	Customer 1542	North America	Queued	2026-09-02	2026-10-02	665.93	EUR	Kai	customer1542@example.test	SELECT * FROM results WHERE id = 1542	Review batch 1542	/reports/2026/customer-1542/result.tsv	sql,report	2	Routine result 1542 for the reporting dashboard
1543	Customer 1543	Asia Pacific	Running	2026-09-03	2026-10-03	667.66	EUR	Ada	customer1543@example.test	SELECT * FROM results WHERE id = 1543	Review batch 1543	/reports/2026/customer-1543/result.tsv	sql,report	3	Routine result 1543 for the reporting dashboard
1544	Customer 1544	South America	Complete	2026-09-04	2026-10-04	669.39	EUR	Lin	customer1544@example.test	SELECT * FROM results WHERE id = 1544	Review batch 1544	/reports/2026/customer-1544/result.tsv	sql,report	4	Routine result 1544 for the reporting dashboard
1545	Customer 1545	Africa	Failed	2026-09-05	2026-10-05	671.12	EUR	Sam	customer1545@example.test	SELECT * FROM results WHERE id = 1545	Review batch 1545	/reports/2026/customer-1545/result.tsv	sql,report	5	Routine result 1545 for the reporting dashboard
1546	Customer 1546	Europe	New	2026-09-06	2026-10-06	672.85	EUR	Éva	customer1546@example.test	SELECT * FROM results WHERE id = 1546	Review batch 1546	/reports/2026/customer-1546/result.tsv	sql,report	1	Routine result 1546 for the reporting dashboard
1547	Customer 1547	North America	Queued	2026-09-07	2026-10-07	674.58	EUR	Noor	customer1547@example.test	SELECT * FROM results WHERE id = 1547	Review batch 1547	/reports/2026/customer-1547/result.tsv	sql,report	2	Routine result 1547 for the reporting dashboard
1548	Customer 1548	Asia Pacific	Running	2026-09-08	2026-10-08	676.31	EUR	Kai	customer1548@example.test	SELECT * FROM results WHERE id = 1548	Review batch 1548	/reports/2026/customer-1548/result.tsv	sql,report	3	Routine result 1548 for the reporting dashboard
1549	Customer 1549	South America	Complete	2026-09-09	2026-10-09	678.04	EUR	Ada	customer1549@example.test	SELECT * FROM results WHERE id = 1549	Review batch 1549	/reports/2026/customer-1549/result.tsv	sql,report	4	Routine result 1549 for the reporting dashboard
1550	Customer 1550	Africa	Failed	2026-09-10	2026-10-10	679.77	EUR	Lin	customer1550@example.test	SELECT * FROM results WHERE id = 1550	Review batch 1550	/reports/2026/customer-1550/result.tsv	sql,report	5	Routine result 1550 for the reporting dashboard
1551	Customer 1551	Europe	New	2026-09-11	2026-10-11	681.50	EUR	Sam	customer1551@example.test	SELECT * FROM results WHERE id = 1551	Review batch 1551	/reports/2026/customer-1551/result.tsv	sql,report	1	Routine result 1551 for the reporting dashboard
1552	Customer 1552	North America	Queued	2026-09-12	2026-10-12	683.23	EUR	Éva	customer1552@example.test	SELECT * FROM results WHERE id = 1552	Review batch 1552	/reports/2026/customer-1552/result.tsv	sql\tpriority	2	Routine result 1552 for the reporting dashboard
1553	Customer 1553	Asia Pacific	Running	2026-09-13	2026-10-13	684.96	EUR	Noor	customer1553@example.test	SELECT * FROM results WHERE id = 1553	Review batch 1553	/reports/2026/customer-1553/result.tsv	sql,report	3	A deliberately long description for record 1553: this value crosses the normal column width and tests horizontal scrolling and field truncation in the table widget.
1554	Customer 1554	South America	Complete	2026-09-14	2026-10-14	686.69	EUR	Kai	customer1554@example.test	SELECT * FROM results WHERE id = 1554	Review batch 1554	/reports/2026/customer-1554/result.tsv	sql,report	4	Routine result 1554 for the reporting dashboard
1555	Customer 1555	Africa	Failed	2026-09-15	2026-10-15	688.42	EUR	Ada	customer1555@example.test	SELECT * FROM results WHERE id = 1555	First line for record 1555\nSecond line with a tab\tand more detail	/reports/2026/customer-1555/result.tsv	sql,report	5	Routine result 1555 for the reporting dashboard
1556	Customer 1556	Europe	New	2026-09-16	2026-10-16	690.15	EUR	Lin	customer1556@example.test	SELECT * FROM results WHERE id = 1556	Review batch 1556	/reports/2026/customer-1556/result.tsv	sql,report	1	Routine result 1556 for the reporting dashboard
1557	Customer 1557	North America	Queued	2026-09-17	2026-10-17	691.88	EUR	Sam	customer1557@example.test	SELECT * FROM results WHERE id = 1557	Review batch 1557	/reports/2026/customer-1557/result.tsv	sql,report	2	Routine result 1557 for the reporting dashboard
1558	Customer 1558	Asia Pacific	Running	2026-09-18	2026-10-18	693.61	EUR	Éva	customer1558@example.test	SELECT * FROM results WHERE id = 1558	Review batch 1558	/reports/2026/customer-1558/result.tsv	sql,report	3	Routine result 1558 for the reporting dashboard
1559	Customer 1559	South America	Complete	2026-09-19	2026-10-19	695.34	EUR	Noor	customer1559@example.test	SELECT * FROM results WHERE id = 1559	Review batch 1559	/reports/2026/customer-1559/result.tsv	sql,report	\N	Routine result 1559 for the reporting dashboard
1560	Customer 1560	Africa	Failed	2026-09-20	2026-10-20	697.07	EUR	Kai	customer1560@example.test	SELECT * FROM results WHERE id = 1560	Review batch 1560	/reports/2026/customer-1560/result.tsv	sql,report	5	Routine result 1560 for the reporting dashboard
1561	Customer 1561	Europe	New	2026-09-21	2026-10-21	698.80	EUR	Ada	customer1561@example.test	SELECT * FROM results WHERE id = 1561	Review batch 1561	/reports/2026/customer-1561/result.tsv	sql,report	1	Routine result 1561 for the reporting dashboard
1562	Customer 1562	North America	Queued	2026-09-22	2026-10-22	700.53	EUR	Lin	customer1562@example.test	SELECT * FROM results WHERE id = 1562	Review batch 1562	/reports/2026/customer-1562/result.tsv	sql,report	2	Routine result 1562 for the reporting dashboard
1563	Customer 1563	Asia Pacific	Running	2026-09-23	2026-10-23	702.26	EUR	Sam	customer1563@example.test	SELECT * FROM results WHERE id = 1563	Review batch 1563	/reports/2026/customer-1563/result.tsv	sql\tpriority	3	Routine result 1563 for the reporting dashboard
1564	Customer 1564	South America	Complete	2026-09-24	2026-10-24	703.99	EUR	Éva	customer1564@example.test	SELECT * FROM results WHERE id = 1564	Review batch 1564	/reports/2026/customer-1564/result.tsv	sql,report	4	Routine result 1564 for the reporting dashboard
1565	Customer 1565	Africa	Failed	2026-09-25	2026-10-25	705.72	EUR	Noor	customer1565@example.test	SELECT * FROM results WHERE id = 1565	Review batch 1565	/reports/2026/customer-1565/result.tsv	sql,report	5	Routine result 1565 for the reporting dashboard
1566	Customer 1566	Europe	New	2026-09-26	2026-10-26	707.45	EUR	Kai	customer1566@example.test	SELECT * FROM results WHERE id = 1566	Review batch 1566	/reports/2026/customer-1566/result.tsv	sql,report	1	Routine result 1566 for the reporting dashboard
1567	Customer 1567	North America	Queued	2026-09-27	2026-10-27	709.18	EUR	Ada	customer1567@example.test	SELECT * FROM results WHERE id = 1567	Review batch 1567	/reports/2026/customer-1567/result.tsv	sql,report	2	Routine result 1567 for the reporting dashboard
1568	Customer 1568	Asia Pacific	Running	2026-09-28	2026-10-28	710.91	EUR	Lin	customer1568@example.test	SELECT * FROM results WHERE id = 1568	Review batch 1568	/reports/2026/customer-1568/result.tsv	sql,report	3	Routine result 1568 for the reporting dashboard
1569	Customer 1569	South America	Complete	2026-09-01	2026-10-01	712.64	EUR	Sam	customer1569@example.test	SELECT * FROM results WHERE id = 1569	Review batch 1569	/reports/2026/customer-1569/result.tsv	sql,report	4	Routine result 1569 for the reporting dashboard
1570	Customer 1570	Africa	Failed	2026-09-02	2026-10-02	714.37	EUR	Éva	customer1570@example.test	SELECT * FROM results WHERE id = 1570	Review batch 1570	/reports/2026/customer-1570/result.tsv	sql,report	5	Routine result 1570 for the reporting dashboard
1571	Customer 1571	Europe	New	2026-09-03	2026-10-03	716.10	EUR	Noor	customer1571@example.test	SELECT * FROM results WHERE id = 1571	Review batch 1571	/reports/2026/customer-1571/result.tsv	sql,report	1	Routine result 1571 for the reporting dashboard
1572	Customer 1572	North America	Queued	2026-09-04	2026-10-04	717.83	EUR	Kai	customer1572@example.test	SELECT * FROM results WHERE id = 1572	Review batch 1572	/reports/2026/customer-1572/result.tsv	sql,report	2	Routine result 1572 for the reporting dashboard
1573	Customer 1573	Asia Pacific	Running	2026-09-05	2026-10-05	719.56	EUR	Ada	customer1573@example.test	SELECT * FROM results WHERE id = 1573	Review batch 1573	/reports/2026/customer-1573/result.tsv	sql,report	3	Routine result 1573 for the reporting dashboard
1574	Customer 1574	South America	Complete	2026-09-06	2026-10-06	721.29	EUR	Lin	customer1574@example.test	SELECT * FROM results WHERE id = 1574	Review batch 1574	/reports/2026/customer-1574/result.tsv	sql\tpriority	4	Routine result 1574 for the reporting dashboard
1575	Customer 1575	Africa	Failed	2026-09-07	2026-10-07	723.02	EUR	Sam	customer1575@example.test	SELECT * FROM results WHERE id = 1575	Review batch 1575	/reports/2026/customer-1575/result.tsv	sql,report	5	Routine result 1575 for the reporting dashboard
1576	Customer 1576	Europe	New	2026-09-08	2026-10-08	724.75	EUR	Éva	customer1576@example.test	SELECT * FROM results WHERE id = 1576	Review batch 1576	/reports/2026/customer-1576/result.tsv	sql,report	1	Routine result 1576 for the reporting dashboard
1577	Customer 1577	North America	Queued	2026-09-09	2026-10-09	726.48	EUR	Noor	customer1577@example.test	SELECT * FROM results WHERE id = 1577	Review batch 1577	/reports/2026/customer-1577/result.tsv	sql,report	2	Routine result 1577 for the reporting dashboard
1578	Customer 1578	Asia Pacific	Running	2026-09-10	2026-10-10	728.21	EUR	Kai	customer1578@example.test	SELECT * FROM results WHERE id = 1578	Review batch 1578	/reports/2026/customer-1578/result.tsv	sql,report	3	Routine result 1578 for the reporting dashboard
1579	Customer 1579	South America	Complete	2026-09-11	2026-10-11	729.94	EUR	Ada	customer1579@example.test	SELECT * FROM results WHERE id = 1579	Review batch 1579	/reports/2026/customer-1579/result.tsv	sql,report	4	Routine result 1579 for the reporting dashboard
1580	Customer 1580	Africa	Failed	2026-09-12	2026-10-12	731.67	EUR	Lin	customer1580@example.test	SELECT * FROM results WHERE id = 1580	Review batch 1580	/reports/2026/customer-1580/result.tsv	sql,report	5	Routine result 1580 for the reporting dashboard
1581	Customer 1581	Europe	New	2026-09-13	2026-10-13	733.40	EUR	Sam	customer1581@example.test	SELECT * FROM results WHERE id = 1581	Review batch 1581	/reports/2026/customer-1581/result.tsv	sql,report	1	Routine result 1581 for the reporting dashboard
1582	Customer 1582	North America	Queued	2026-09-14	2026-10-14	735.13	EUR	Éva	customer1582@example.test	SELECT * FROM results WHERE id = 1582	Review batch 1582	/reports/2026/customer-1582/result.tsv	sql,report	2	Routine result 1582 for the reporting dashboard
1583	Customer 1583	Asia Pacific	Running	2026-09-15	2026-10-15	736.86	EUR	Noor	customer1583@example.test	SELECT customer_id, SUM(amount) FROM invoice_items WHERE customer_id = 1583 GROUP BY customer_id ORDER BY SUM(amount) DESC	Review batch 1583	/reports/2026/customer-1583/result.tsv	sql,report	3	Routine result 1583 for the reporting dashboard
1584	Customer 1584	South America	Complete	2026-09-16	2026-10-16	738.59	EUR	Kai	customer1584@example.test	SELECT * FROM results WHERE id = 1584	Review batch 1584	/reports/2026/customer-1584/result.tsv	sql,report	4	Routine result 1584 for the reporting dashboard
1585	Customer 1585	Africa	Failed	2026-09-17	2026-10-17	740.32	EUR	Ada	customer1585@example.test	SELECT * FROM results WHERE id = 1585	Review batch 1585	/reports/2026/customer-1585/result.tsv	sql\tpriority	5	Routine result 1585 for the reporting dashboard
1586	Customer 1586	Europe	New	2026-09-18	2026-10-18	742.05	EUR	Lin	customer1586@example.test	SELECT * FROM results WHERE id = 1586	Review batch 1586	/reports/2026/customer-1586/result.tsv	sql,report	1	Routine result 1586 for the reporting dashboard
1587	Customer 1587	North America	Queued	2026-09-19	2026-10-19	743.78	EUR	Sam	customer1587@example.test	SELECT * FROM results WHERE id = 1587	Review batch 1587	/reports/2026/customer-1587/result.tsv	sql,report	2	Routine result 1587 for the reporting dashboard
1588	Customer 1588	Asia Pacific	Running	2026-09-20	2026-10-20	745.51	EUR	Éva	customer1588@example.test	SELECT * FROM results WHERE id = 1588	Review batch 1588	/reports/2026/customer-1588/result.tsv	sql,report	3	Routine result 1588 for the reporting dashboard
1589	Customer 1589	South America	Complete	2026-09-21	2026-10-21	747.24	EUR	Noor	customer1589@example.test	SELECT * FROM results WHERE id = 1589	Review batch 1589	/reports/2026/customer-1589/result.tsv	sql,report	4	Routine result 1589 for the reporting dashboard
1590	Customer 1590	Africa	Failed	2026-09-22	2026-10-22	748.97	EUR	Kai	customer1590@example.test	SELECT * FROM results WHERE id = 1590	Review batch 1590	/reports/2026/customer-1590/result.tsv	sql,report	5	Routine result 1590 for the reporting dashboard
1591	Customer 1591	Europe	New	2026-09-23	2026-10-23	750.70	EUR	Ada	customer1591@example.test	SELECT * FROM results WHERE id = 1591	Review batch 1591	/reports/2026/customer-1591/result.tsv	sql,report	1	Routine result 1591 for the reporting dashboard
1592	Customer 1592	North America	Queued	2026-09-24	2026-10-24	752.43	EUR	Lin	customer1592@example.test	SELECT * FROM results WHERE id = 1592	First line for record 1592\nSecond line with a tab\tand more detail	/reports/2026/customer-1592/result.tsv	sql,report	2	Routine result 1592 for the reporting dashboard
1593	Customer 1593	Asia Pacific	Running	2026-09-25	2026-10-25	754.16	EUR	Sam	customer1593@example.test	SELECT * FROM results WHERE id = 1593	Review batch 1593	/reports/2026/customer-1593/result.tsv	sql,report	3	Routine result 1593 for the reporting dashboard
1594	Customer 1594	South America	Complete	2026-09-26	2026-10-26	755.89	EUR	Éva	customer1594@example.test	SELECT * FROM results WHERE id = 1594	Review batch 1594	/reports/2026/customer-1594/result.tsv	sql,report	4	Routine result 1594 for the reporting dashboard
1595	Customer 1595	Africa	Failed	2026-09-27	2026-10-27	757.62	EUR	Noor	customer1595@example.test	SELECT * FROM results WHERE id = 1595	Review batch 1595	/reports/2026/customer-1595/result.tsv	sql,report	5	Routine result 1595 for the reporting dashboard
1596	Customer 1596	Europe	New	2026-09-28	2026-10-28	759.35	EUR	Kai	customer1596@example.test	SELECT * FROM results WHERE id = 1596	Review batch 1596	/reports/2026/customer-1596/result.tsv	sql\tpriority	1	Routine result 1596 for the reporting dashboard
1597	Customer 1597	North America	Queued	2026-09-01	2026-10-01	761.08	EUR	Ada	customer1597@example.test	SELECT * FROM results WHERE id = 1597	Review batch 1597	/reports/2026/customer-1597/result.tsv	sql,report	2	Routine result 1597 for the reporting dashboard
1598	Customer 1598	Asia Pacific	Running	2026-09-02	2026-10-02	762.81	EUR	Lin	customer1598@example.test	SELECT * FROM results WHERE id = 1598	Review batch 1598	/reports/2026/customer-1598/result.tsv	sql,report	3	Routine result 1598 for the reporting dashboard
1599	Customer 1599	South America	Complete	2026-09-03	2026-10-03	764.54	EUR	Sam	customer1599@example.test	SELECT * FROM results WHERE id = 1599	Review batch 1599	/reports/2026/customer-1599/result.tsv	sql,report	4	Routine result 1599 for the reporting dashboard
1600	Customer 1600	Africa	Failed	2026-09-04	2026-10-04	766.27	EUR	Éva	customer1600@example.test	SELECT * FROM results WHERE id = 1600	Review batch 1600	/reports/2026/customer-1600/result.tsv	sql,report	\N	Routine result 1600 for the reporting dashboard
1601	Customer 1601	Europe	New	2026-09-05	2026-10-05	768.00	EUR	Noor	customer1601@example.test	SELECT * FROM results WHERE id = 1601	Review batch 1601	/reports/2026/customer-1601/result.tsv	sql,report	1	Routine result 1601 for the reporting dashboard
1602	Customer 1602	North America	Queued	2026-09-06	2026-10-06	769.73	EUR	Kai	customer1602@example.test	SELECT * FROM results WHERE id = 1602	Review batch 1602	/reports/2026/customer-1602/result.tsv	sql,report	2	Routine result 1602 for the reporting dashboard
1603	Customer 1603	Asia Pacific	Running	2026-09-07	2026-10-07	771.46	EUR	Ada	customer1603@example.test	SELECT * FROM results WHERE id = 1603	Review batch 1603	/reports/2026/customer-1603/result.tsv	sql,report	3	Routine result 1603 for the reporting dashboard
1604	Customer 1604	South America	Complete	2026-09-08	2026-10-08	773.19	EUR	Lin	customer1604@example.test	SELECT * FROM results WHERE id = 1604	Review batch 1604	/reports/2026/customer-1604/result.tsv	sql,report	4	Routine result 1604 for the reporting dashboard
1605	Customer 1605	Africa	Failed	2026-09-09	2026-10-09	774.92	EUR	Sam	customer1605@example.test	SELECT * FROM results WHERE id = 1605	Review batch 1605	/reports/2026/customer-1605/result.tsv	sql,report	5	Routine result 1605 for the reporting dashboard
1606	Customer 1606	Europe	New	2026-09-10	2026-10-10	776.65	EUR	Éva	customer1606@example.test	SELECT * FROM results WHERE id = 1606	Review batch 1606	/reports/2026/customer-1606/result.tsv	sql,report	1	Routine result 1606 for the reporting dashboard
1607	Customer 1607	North America	Queued	2026-09-11	2026-10-11	778.38	EUR	Noor	customer1607@example.test	SELECT * FROM results WHERE id = 1607	Review batch 1607	/reports/2026/customer-1607/result.tsv	sql\tpriority	2	Routine result 1607 for the reporting dashboard
1608	Customer 1608	Asia Pacific	Running	2026-09-12	2026-10-12	780.11	EUR	Kai	customer1608@example.test	SELECT * FROM results WHERE id = 1608	Review batch 1608	/reports/2026/customer-1608/result.tsv	sql,report	3	Routine result 1608 for the reporting dashboard
1609	Customer 1609	South America	Complete	2026-09-13	2026-10-13	781.84	EUR	Ada	customer1609@example.test	SELECT * FROM results WHERE id = 1609	Review batch 1609	/reports/2026/customer-1609/result.tsv	sql,report	4	Routine result 1609 for the reporting dashboard
1610	Customer 1610	Africa	Failed	2026-09-14	2026-10-14	783.57	EUR	Lin	customer1610@example.test	SELECT * FROM results WHERE id = 1610	Review batch 1610	/reports/2026/customer-1610/result.tsv	sql,report	5	Routine result 1610 for the reporting dashboard
1611	Customer 1611	Europe	New	2026-09-15	2026-10-15	785.30	EUR	Sam	customer1611@example.test	SELECT * FROM results WHERE id = 1611	Review batch 1611	/reports/2026/customer-1611/result.tsv	sql,report	1	Routine result 1611 for the reporting dashboard
1612	Customer 1612	North America	Queued	2026-09-16	2026-10-16	787.03	EUR	Éva	customer1612@example.test	SELECT * FROM results WHERE id = 1612	Review batch 1612	/reports/2026/customer-1612/result.tsv	sql,report	2	Routine result 1612 for the reporting dashboard
1613	Customer 1613	Asia Pacific	Running	2026-09-17	2026-10-17	788.76	EUR	Noor	customer1613@example.test	SELECT * FROM results WHERE id = 1613	Review batch 1613	/reports/2026/customer-1613/result.tsv	sql,report	3	Routine result 1613 for the reporting dashboard
1614	Customer 1614	South America	Complete	2026-09-18	2026-10-18	790.49	EUR	Kai	customer1614@example.test	SELECT * FROM results WHERE id = 1614	Review batch 1614	/reports/2026/customer-1614/result.tsv	sql,report	4	Routine result 1614 for the reporting dashboard
1615	Customer 1615	Africa	Failed	2026-09-19	2026-10-19	792.22	EUR	Ada	customer1615@example.test	SELECT * FROM results WHERE id = 1615	Review batch 1615	/reports/2026/customer-1615/result.tsv	sql,report	5	Routine result 1615 for the reporting dashboard
1616	Customer 1616	Europe	New	2026-09-20	2026-10-20	793.95	EUR	Lin	customer1616@example.test	SELECT * FROM results WHERE id = 1616	Review batch 1616	/reports/2026/customer-1616/result.tsv	sql,report	1	Routine result 1616 for the reporting dashboard
1617	Customer 1617	North America	Queued	2026-09-21	2026-10-21	795.68	EUR	Sam	customer1617@example.test	SELECT * FROM results WHERE id = 1617	Review batch 1617	/reports/2026/customer-1617/result.tsv	sql,report	2	Routine result 1617 for the reporting dashboard
1618	Customer 1618	Asia Pacific	Running	2026-09-22	2026-10-22	797.41	EUR	Éva	customer1618@example.test	SELECT * FROM results WHERE id = 1618	Review batch 1618	/reports/2026/customer-1618/result.tsv	sql\tpriority	3	Routine result 1618 for the reporting dashboard
1619	Customer 1619	South America	Complete	2026-09-23	2026-10-23	799.14	EUR	Noor	customer1619@example.test	SELECT * FROM results WHERE id = 1619	Review batch 1619	/reports/2026/customer-1619/result.tsv	sql,report	4	Routine result 1619 for the reporting dashboard
1620	Customer 1620	Africa	Failed	2026-09-24	2026-10-24	800.87	EUR	Kai	customer1620@example.test	SELECT * FROM results WHERE id = 1620	Review batch 1620	/reports/2026/customer-1620/result.tsv	sql,report	5	Routine result 1620 for the reporting dashboard
1621	Customer 1621	Europe	New	2026-09-25	2026-10-25	802.60	EUR	Ada	customer1621@example.test	SELECT * FROM results WHERE id = 1621	Review batch 1621	/reports/2026/customer-1621/result.tsv	sql,report	1	Routine result 1621 for the reporting dashboard
1622	Customer 1622	North America	Queued	2026-09-26	2026-10-26	804.33	EUR	Lin	customer1622@example.test	SELECT * FROM results WHERE id = 1622	Review batch 1622	/reports/2026/customer-1622/result.tsv	sql,report	2	Routine result 1622 for the reporting dashboard
1623	Customer 1623	Asia Pacific	Running	2026-09-27	2026-10-27	806.06	EUR	Sam	customer1623@example.test	SELECT * FROM results WHERE id = 1623	Review batch 1623	/reports/2026/customer-1623/result.tsv	sql,report	3	Routine result 1623 for the reporting dashboard
1624	Customer 1624	South America	Complete	2026-09-28	2026-10-28	807.79	EUR	Éva	customer1624@example.test	SELECT * FROM results WHERE id = 1624	Review batch 1624	/reports/2026/customer-1624/result.tsv	sql,report	4	Routine result 1624 for the reporting dashboard
1625	Customer 1625	Africa	Failed	2026-09-01	2026-10-01	809.52	EUR	Noor	customer1625@example.test	SELECT * FROM results WHERE id = 1625	Review batch 1625	/reports/2026/customer-1625/result.tsv	sql,report	5	Routine result 1625 for the reporting dashboard
1626	Customer 1626	Europe	New	2026-09-02	2026-10-02	811.25	EUR	Kai	customer1626@example.test	SELECT * FROM results WHERE id = 1626	Review batch 1626	/reports/2026/customer-1626/result.tsv	sql,report	1	Routine result 1626 for the reporting dashboard
1627	Customer 1627	North America	Queued	2026-09-03	2026-10-03	812.98	EUR	Ada	customer1627@example.test	SELECT * FROM results WHERE id = 1627	Review batch 1627	/reports/2026/customer-1627/result.tsv	sql,report	2	Routine result 1627 for the reporting dashboard
1628	Customer 1628	Asia Pacific	Running	2026-09-04	2026-10-04	814.71	EUR	Lin	customer1628@example.test	SELECT * FROM results WHERE id = 1628	Review batch 1628	/reports/2026/customer-1628/result.tsv	sql,report	3	Routine result 1628 for the reporting dashboard
1629	Customer 1629	South America	Complete	2026-09-05	2026-10-05	816.44	EUR	Sam	customer1629@example.test	SELECT * FROM results WHERE id = 1629	First line for record 1629\nSecond line with a tab\tand more detail	/reports/2026/customer-1629/result.tsv	sql\tpriority	4	Routine result 1629 for the reporting dashboard
1630	Customer 1630	Africa	Failed	2026-09-06	2026-10-06	818.17	EUR	Éva	customer1630@example.test	SELECT * FROM results WHERE id = 1630	Review batch 1630	/reports/2026/customer-1630/result.tsv	sql,report	5	Routine result 1630 for the reporting dashboard
1631	Customer 1631	Europe	New	2026-09-07	2026-10-07	819.90	EUR	Noor	customer1631@example.test	SELECT * FROM results WHERE id = 1631	Review batch 1631	/reports/2026/customer-1631/result.tsv	sql,report	1	Routine result 1631 for the reporting dashboard
1632	Customer 1632	North America	Queued	2026-09-08	2026-10-08	821.63	EUR	Kai	customer1632@example.test	SELECT * FROM results WHERE id = 1632	Review batch 1632	/reports/2026/customer-1632/result.tsv	sql,report	2	Routine result 1632 for the reporting dashboard
1633	Customer 1633	Asia Pacific	Running	2026-09-09	2026-10-09	823.36	EUR	Ada	customer1633@example.test	SELECT * FROM results WHERE id = 1633	Review batch 1633	/reports/2026/customer-1633/result.tsv	sql,report	3	Routine result 1633 for the reporting dashboard
1634	Customer 1634	South America	Complete	2026-09-10	2026-10-10	825.09	EUR	Lin	customer1634@example.test	SELECT * FROM results WHERE id = 1634	Review batch 1634	/reports/2026/customer-1634/result.tsv	sql,report	4	Routine result 1634 for the reporting dashboard
1635	Customer 1635	Africa	Failed	2026-09-11	2026-10-11	826.82	EUR	Sam	customer1635@example.test	SELECT * FROM results WHERE id = 1635	Review batch 1635	/reports/2026/customer-1635/result.tsv	sql,report	5	Routine result 1635 for the reporting dashboard
1636	Customer 1636	Europe	New	2026-09-12	2026-10-12	828.55	EUR	Éva	customer1636@example.test	SELECT * FROM results WHERE id = 1636	Review batch 1636	/reports/2026/customer-1636/result.tsv	sql,report	1	Routine result 1636 for the reporting dashboard
1637	Customer 1637	North America	Queued	2026-09-13	2026-10-13	830.28	EUR	Noor	customer1637@example.test	SELECT * FROM results WHERE id = 1637	Review batch 1637	/reports/2026/customer-1637/result.tsv	sql,report	2	Routine result 1637 for the reporting dashboard
1638	Customer 1638	Asia Pacific	Running	2026-09-14	2026-10-14	832.01	EUR	Kai	customer1638@example.test	SELECT * FROM results WHERE id = 1638	Review batch 1638	/reports/2026/customer-1638/result.tsv	sql,report	3	Routine result 1638 for the reporting dashboard
1639	Customer 1639	South America	Complete	2026-09-15	2026-10-15	833.74	EUR	Ada	customer1639@example.test	SELECT * FROM results WHERE id = 1639	Review batch 1639	/reports/2026/customer-1639/result.tsv	sql,report	4	Routine result 1639 for the reporting dashboard
1640	Customer 1640	Africa	Failed	2026-09-16	2026-10-16	835.47	EUR	Lin	customer1640@example.test	SELECT * FROM results WHERE id = 1640	Review batch 1640	/reports/2026/customer-1640/result.tsv	sql\tpriority	5	Routine result 1640 for the reporting dashboard
1641	Customer 1641	Europe	New	2026-09-17	2026-10-17	837.20	EUR	Sam	customer1641@example.test	SELECT * FROM results WHERE id = 1641	Review batch 1641	/reports/2026/customer-1641/result.tsv	sql,report	\N	Routine result 1641 for the reporting dashboard
1642	Customer 1642	North America	Queued	2026-09-18	2026-10-18	838.93	EUR	Éva	customer1642@example.test	SELECT * FROM results WHERE id = 1642	Review batch 1642	/reports/2026/customer-1642/result.tsv	sql,report	2	Routine result 1642 for the reporting dashboard
1643	Customer 1643	Asia Pacific	Running	2026-09-19	2026-10-19	840.66	EUR	Noor	customer1643@example.test	SELECT * FROM results WHERE id = 1643	Review batch 1643	/reports/2026/customer-1643/result.tsv	sql,report	3	Routine result 1643 for the reporting dashboard
1644	Customer 1644	South America	Complete	2026-09-20	2026-10-20	842.39	EUR	Kai	customer1644@example.test	SELECT * FROM results WHERE id = 1644	Review batch 1644	/reports/2026/customer-1644/result.tsv	sql,report	4	Routine result 1644 for the reporting dashboard
1645	Customer 1645	Africa	Failed	2026-09-21	2026-10-21	844.12	EUR	Ada	customer1645@example.test	SELECT * FROM results WHERE id = 1645	Review batch 1645	/reports/2026/customer-1645/result.tsv	sql,report	5	Routine result 1645 for the reporting dashboard
1646	Customer 1646	Europe	New	2026-09-22	2026-10-22	845.85	EUR	Lin	customer1646@example.test	SELECT * FROM results WHERE id = 1646	Review batch 1646	/reports/2026/customer-1646/result.tsv	sql,report	1	Routine result 1646 for the reporting dashboard
1647	Customer 1647	North America	Queued	2026-09-23	2026-10-23	847.58	EUR	Sam	customer1647@example.test	SELECT * FROM results WHERE id = 1647	Review batch 1647	/reports/2026/customer-1647/result.tsv	sql,report	2	Routine result 1647 for the reporting dashboard
1648	Customer 1648	Asia Pacific	Running	2026-09-24	2026-10-24	849.31	EUR	Éva	customer1648@example.test	SELECT * FROM results WHERE id = 1648	Review batch 1648	/reports/2026/customer-1648/result.tsv	sql,report	3	Routine result 1648 for the reporting dashboard
1649	Customer 1649	South America	Complete	2026-09-25	2026-10-25	851.04	EUR	Noor	customer1649@example.test	SELECT * FROM results WHERE id = 1649	Review batch 1649	/reports/2026/customer-1649/result.tsv	sql,report	4	Routine result 1649 for the reporting dashboard
1650	Customer 1650	Africa	Failed	2026-09-26	2026-10-26	852.77	EUR	Kai	customer1650@example.test	SELECT * FROM results WHERE id = 1650	Review batch 1650	/reports/2026/customer-1650/result.tsv	sql,report	5	A deliberately long description for record 1650: this value crosses the normal column width and tests horizontal scrolling and field truncation in the table widget.
1651	Customer 1651	Europe	New	2026-09-27	2026-10-27	854.50	EUR	Ada	customer1651@example.test	SELECT * FROM results WHERE id = 1651	Review batch 1651	/reports/2026/customer-1651/result.tsv	sql\tpriority	1	Routine result 1651 for the reporting dashboard
1652	Customer 1652	North America	Queued	2026-09-28	2026-10-28	856.23	EUR	Lin	customer1652@example.test	SELECT * FROM results WHERE id = 1652	Review batch 1652	/reports/2026/customer-1652/result.tsv	sql,report	2	Routine result 1652 for the reporting dashboard
1653	Customer 1653	Asia Pacific	Running	2026-09-01	2026-10-01	857.96	EUR	Sam	customer1653@example.test	SELECT * FROM results WHERE id = 1653	Review batch 1653	/reports/2026/customer-1653/result.tsv	sql,report	3	Routine result 1653 for the reporting dashboard
1654	Customer 1654	South America	Complete	2026-09-02	2026-10-02	859.69	EUR	Éva	customer1654@example.test	SELECT * FROM results WHERE id = 1654	Review batch 1654	/reports/2026/customer-1654/result.tsv	sql,report	4	Routine result 1654 for the reporting dashboard
1655	Customer 1655	Africa	Failed	2026-09-03	2026-10-03	861.42	EUR	Noor	customer1655@example.test	SELECT * FROM results WHERE id = 1655	Review batch 1655	/reports/2026/customer-1655/result.tsv	sql,report	5	Routine result 1655 for the reporting dashboard
1656	Customer 1656	Europe	New	2026-09-04	2026-10-04	863.15	EUR	Kai	customer1656@example.test	SELECT * FROM results WHERE id = 1656	Review batch 1656	/reports/2026/customer-1656/result.tsv	sql,report	1	Routine result 1656 for the reporting dashboard
1657	Customer 1657	North America	Queued	2026-09-05	2026-10-05	864.88	EUR	Ada	customer1657@example.test	SELECT * FROM results WHERE id = 1657	Review batch 1657	/reports/2026/customer-1657/result.tsv	sql,report	2	Routine result 1657 for the reporting dashboard
1658	Customer 1658	Asia Pacific	Running	2026-09-06	2026-10-06	866.61	EUR	Lin	customer1658@example.test	SELECT * FROM results WHERE id = 1658	Review batch 1658	/reports/2026/customer-1658/result.tsv	sql,report	3	Routine result 1658 for the reporting dashboard
1659	Customer 1659	South America	Complete	2026-09-07	2026-10-07	868.34	EUR	Sam	customer1659@example.test	SELECT * FROM results WHERE id = 1659	Review batch 1659	/reports/2026/customer-1659/result.tsv	sql,report	4	Routine result 1659 for the reporting dashboard
1660	Customer 1660	Africa	Failed	2026-09-08	2026-10-08	870.07	EUR	Éva	customer1660@example.test	SELECT * FROM results WHERE id = 1660	Review batch 1660	/reports/2026/customer-1660/result.tsv	sql,report	5	Routine result 1660 for the reporting dashboard
1661	Customer 1661	Europe	New	2026-09-09	2026-10-09	871.80	EUR	Noor	customer1661@example.test	SELECT * FROM results WHERE id = 1661	Review batch 1661	/reports/2026/customer-1661/result.tsv	sql,report	1	Routine result 1661 for the reporting dashboard
1662	Customer 1662	North America	Queued	2026-09-10	2026-10-10	873.53	EUR	Kai	customer1662@example.test	SELECT * FROM results WHERE id = 1662	Review batch 1662	/reports/2026/customer-1662/result.tsv	sql\tpriority	2	Routine result 1662 for the reporting dashboard
1663	Customer 1663	Asia Pacific	Running	2026-09-11	2026-10-11	875.26	EUR	Ada	customer1663@example.test	SELECT * FROM results WHERE id = 1663	Review batch 1663	/reports/2026/customer-1663/result.tsv	sql,report	3	Routine result 1663 for the reporting dashboard
1664	Customer 1664	South America	Complete	2026-09-12	2026-10-12	876.99	EUR	Lin	customer1664@example.test	SELECT * FROM results WHERE id = 1664	Review batch 1664	/reports/2026/customer-1664/result.tsv	sql,report	4	Routine result 1664 for the reporting dashboard
1665	Customer 1665	Africa	Failed	2026-09-13	2026-10-13	878.72	EUR	Sam	customer1665@example.test	SELECT * FROM results WHERE id = 1665	Review batch 1665	/reports/2026/customer-1665/result.tsv	sql,report	5	Routine result 1665 for the reporting dashboard
1666	Customer 1666	Europe	New	2026-09-14	2026-10-14	880.45	EUR	Éva	customer1666@example.test	SELECT * FROM results WHERE id = 1666	First line for record 1666\nSecond line with a tab\tand more detail	/reports/2026/customer-1666/result.tsv	sql,report	1	Routine result 1666 for the reporting dashboard
1667	Customer 1667	North America	Queued	2026-09-15	2026-10-15	882.18	EUR	Noor	customer1667@example.test	SELECT * FROM results WHERE id = 1667	Review batch 1667	/reports/2026/customer-1667/result.tsv	sql,report	2	Routine result 1667 for the reporting dashboard
1668	Customer 1668	Asia Pacific	Running	2026-09-16	2026-10-16	883.91	EUR	Kai	customer1668@example.test	SELECT * FROM results WHERE id = 1668	Review batch 1668	/reports/2026/customer-1668/result.tsv	sql,report	3	Routine result 1668 for the reporting dashboard
1669	Customer 1669	South America	Complete	2026-09-17	2026-10-17	885.64	EUR	Ada	customer1669@example.test	SELECT * FROM results WHERE id = 1669	Review batch 1669	/reports/2026/customer-1669/result.tsv	sql,report	4	Routine result 1669 for the reporting dashboard
1670	Customer 1670	Africa	Failed	2026-09-18	2026-10-18	887.37	EUR	Lin	customer1670@example.test	SELECT * FROM results WHERE id = 1670	Review batch 1670	/reports/2026/customer-1670/result.tsv	sql,report	5	Routine result 1670 for the reporting dashboard
1671	Customer 1671	Europe	New	2026-09-19	2026-10-19	889.10	EUR	Sam	customer1671@example.test	SELECT * FROM results WHERE id = 1671	Review batch 1671	/reports/2026/customer-1671/result.tsv	sql,report	1	Routine result 1671 for the reporting dashboard
1672	Customer 1672	North America	Queued	2026-09-20	2026-10-20	890.83	EUR	Éva	customer1672@example.test	SELECT * FROM results WHERE id = 1672	Review batch 1672	/reports/2026/customer-1672/result.tsv	sql,report	2	Routine result 1672 for the reporting dashboard
1673	Customer 1673	Asia Pacific	Running	2026-09-21	2026-10-21	892.56	EUR	Noor	customer1673@example.test	SELECT * FROM results WHERE id = 1673	Review batch 1673	/reports/2026/customer-1673/result.tsv	sql\tpriority	3	Routine result 1673 for the reporting dashboard
1674	Customer 1674	South America	Complete	2026-09-22	2026-10-22	894.29	EUR	Kai	customer1674@example.test	SELECT * FROM results WHERE id = 1674	Review batch 1674	/reports/2026/customer-1674/result.tsv	sql,report	4	Routine result 1674 for the reporting dashboard
1675	Customer 1675	Africa	Failed	2026-09-23	2026-10-23	896.02	EUR	Ada	customer1675@example.test	SELECT * FROM results WHERE id = 1675	Review batch 1675	/reports/2026/customer-1675/result.tsv	sql,report	5	Routine result 1675 for the reporting dashboard
1676	Customer 1676	Europe	New	2026-09-24	2026-10-24	897.75	EUR	Lin	customer1676@example.test	SELECT * FROM results WHERE id = 1676	Review batch 1676	/reports/2026/customer-1676/result.tsv	sql,report	1	Routine result 1676 for the reporting dashboard
1677	Customer 1677	North America	Queued	2026-09-25	2026-10-25	899.48	EUR	Sam	customer1677@example.test	SELECT * FROM results WHERE id = 1677	Review batch 1677	/reports/2026/customer-1677/result.tsv	sql,report	2	Routine result 1677 for the reporting dashboard
1678	Customer 1678	Asia Pacific	Running	2026-09-26	2026-10-26	901.21	EUR	Éva	customer1678@example.test	SELECT * FROM results WHERE id = 1678	Review batch 1678	/reports/2026/customer-1678/result.tsv	sql,report	3	Routine result 1678 for the reporting dashboard
1679	Customer 1679	South America	Complete	2026-09-27	2026-10-27	902.94	EUR	Noor	customer1679@example.test	SELECT * FROM results WHERE id = 1679	Review batch 1679	/reports/2026/customer-1679/result.tsv	sql,report	4	Routine result 1679 for the reporting dashboard
1680	Customer 1680	Africa	Failed	2026-09-28	2026-10-28	904.67	EUR	Kai	customer1680@example.test	SELECT * FROM results WHERE id = 1680	Review batch 1680	/reports/2026/customer-1680/result.tsv	sql,report	5	Routine result 1680 for the reporting dashboard
1681	Customer 1681	Europe	New	2026-09-01	2026-10-01	906.40	EUR	Ada	customer1681@example.test	SELECT * FROM results WHERE id = 1681	Review batch 1681	/reports/2026/customer-1681/result.tsv	sql,report	1	Routine result 1681 for the reporting dashboard
1682	Customer 1682	North America	Queued	2026-09-02	2026-10-02	908.13	EUR	Lin	customer1682@example.test	SELECT * FROM results WHERE id = 1682	Review batch 1682	/reports/2026/customer-1682/result.tsv	sql,report	\N	Routine result 1682 for the reporting dashboard
1683	Customer 1683	Asia Pacific	Running	2026-09-03	2026-10-03	909.86	EUR	Sam	customer1683@example.test	SELECT * FROM results WHERE id = 1683	Review batch 1683	/reports/2026/customer-1683/result.tsv	sql,report	3	Routine result 1683 for the reporting dashboard
1684	Customer 1684	South America	Complete	2026-09-04	2026-10-04	911.59	EUR	Éva	customer1684@example.test	SELECT * FROM results WHERE id = 1684	Review batch 1684	/reports/2026/customer-1684/result.tsv	sql\tpriority	4	Routine result 1684 for the reporting dashboard
1685	Customer 1685	Africa	Failed	2026-09-05	2026-10-05	913.32	EUR	Noor	customer1685@example.test	SELECT * FROM results WHERE id = 1685	Review batch 1685	/reports/2026/customer-1685/result.tsv	sql,report	5	Routine result 1685 for the reporting dashboard
1686	Customer 1686	Europe	New	2026-09-06	2026-10-06	915.05	EUR	Kai	customer1686@example.test	SELECT * FROM results WHERE id = 1686	Review batch 1686	/reports/2026/customer-1686/result.tsv	sql,report	1	Routine result 1686 for the reporting dashboard
1687	Customer 1687	North America	Queued	2026-09-07	2026-10-07	916.78	EUR	Ada	customer1687@example.test	SELECT * FROM results WHERE id = 1687	Review batch 1687	/reports/2026/customer-1687/result.tsv	sql,report	2	Routine result 1687 for the reporting dashboard
1688	Customer 1688	Asia Pacific	Running	2026-09-08	2026-10-08	918.51	EUR	Lin	customer1688@example.test	SELECT * FROM results WHERE id = 1688	Review batch 1688	/reports/2026/customer-1688/result.tsv	sql,report	3	Routine result 1688 for the reporting dashboard
1689	Customer 1689	South America	Complete	2026-09-09	2026-10-09	920.24	EUR	Sam	customer1689@example.test	SELECT * FROM results WHERE id = 1689	Review batch 1689	/reports/2026/customer-1689/result.tsv	sql,report	4	Routine result 1689 for the reporting dashboard
1690	Customer 1690	Africa	Failed	2026-09-10	2026-10-10	921.97	EUR	Éva	customer1690@example.test	SELECT * FROM results WHERE id = 1690	Review batch 1690	/reports/2026/customer-1690/result.tsv	sql,report	5	Routine result 1690 for the reporting dashboard
1691	Customer 1691	Europe	New	2026-09-11	2026-10-11	923.70	EUR	Noor	customer1691@example.test	SELECT * FROM results WHERE id = 1691	Review batch 1691	/reports/2026/customer-1691/result.tsv	sql,report	1	Routine result 1691 for the reporting dashboard
1692	Customer 1692	North America	Queued	2026-09-12	2026-10-12	925.43	EUR	Kai	customer1692@example.test	SELECT * FROM results WHERE id = 1692	Review batch 1692	/reports/2026/customer-1692/result.tsv	sql,report	2	Routine result 1692 for the reporting dashboard
1693	Customer 1693	Asia Pacific	Running	2026-09-13	2026-10-13	927.16	EUR	Ada	customer1693@example.test	SELECT * FROM results WHERE id = 1693	Review batch 1693	/reports/2026/customer-1693/result.tsv	sql,report	3	Routine result 1693 for the reporting dashboard
1694	Customer 1694	South America	Complete	2026-09-14	2026-10-14	928.89	EUR	Lin	customer1694@example.test	SELECT * FROM results WHERE id = 1694	Review batch 1694	/reports/2026/customer-1694/result.tsv	sql,report	4	Routine result 1694 for the reporting dashboard
1695	Customer 1695	Africa	Failed	2026-09-15	2026-10-15	930.62	EUR	Sam	customer1695@example.test	SELECT * FROM results WHERE id = 1695	Review batch 1695	/reports/2026/customer-1695/result.tsv	sql\tpriority	5	Routine result 1695 for the reporting dashboard
1696	Customer 1696	Europe	New	2026-09-16	2026-10-16	932.35	EUR	Éva	customer1696@example.test	SELECT customer_id, SUM(amount) FROM invoice_items WHERE customer_id = 1696 GROUP BY customer_id ORDER BY SUM(amount) DESC	Review batch 1696	/reports/2026/customer-1696/result.tsv	sql,report	1	Routine result 1696 for the reporting dashboard
1697	Customer 1697	North America	Queued	2026-09-17	2026-10-17	934.08	EUR	Noor	customer1697@example.test	SELECT * FROM results WHERE id = 1697	Review batch 1697	/reports/2026/customer-1697/result.tsv	sql,report	2	Routine result 1697 for the reporting dashboard
1698	Customer 1698	Asia Pacific	Running	2026-09-18	2026-10-18	935.81	EUR	Kai	customer1698@example.test	SELECT * FROM results WHERE id = 1698	Review batch 1698	/reports/2026/customer-1698/result.tsv	sql,report	3	Routine result 1698 for the reporting dashboard
1699	Customer 1699	South America	Complete	2026-09-19	2026-10-19	937.54	EUR	Ada	customer1699@example.test	SELECT * FROM results WHERE id = 1699	Review batch 1699	/reports/2026/customer-1699/result.tsv	sql,report	4	Routine result 1699 for the reporting dashboard
1700	Customer 1700	Africa	Failed	2026-09-20	2026-10-20	939.27	EUR	Lin	customer1700@example.test	SELECT * FROM results WHERE id = 1700	Review batch 1700	/reports/2026/customer-1700/result.tsv	sql,report	5	Routine result 1700 for the reporting dashboard
1701	Customer 1701	Europe	New	2026-09-21	2026-10-21	941.00	EUR	Sam	customer1701@example.test	SELECT * FROM results WHERE id = 1701	Review batch 1701	/reports/2026/customer-1701/result.tsv	sql,report	1	Routine result 1701 for the reporting dashboard
1702	Customer 1702	North America	Queued	2026-09-22	2026-10-22	942.73	EUR	Éva	customer1702@example.test	SELECT * FROM results WHERE id = 1702	Review batch 1702	/reports/2026/customer-1702/result.tsv	sql,report	2	Routine result 1702 for the reporting dashboard
1703	Customer 1703	Asia Pacific	Running	2026-09-23	2026-10-23	944.46	EUR	Noor	customer1703@example.test	SELECT * FROM results WHERE id = 1703	First line for record 1703\nSecond line with a tab\tand more detail	/reports/2026/customer-1703/result.tsv	sql,report	3	Routine result 1703 for the reporting dashboard
1704	Customer 1704	South America	Complete	2026-09-24	2026-10-24	946.19	EUR	Kai	customer1704@example.test	SELECT * FROM results WHERE id = 1704	Review batch 1704	/reports/2026/customer-1704/result.tsv	sql,report	4	Routine result 1704 for the reporting dashboard
1705	Customer 1705	Africa	Failed	2026-09-25	2026-10-25	947.92	EUR	Ada	customer1705@example.test	SELECT * FROM results WHERE id = 1705	Review batch 1705	/reports/2026/customer-1705/result.tsv	sql,report	5	Routine result 1705 for the reporting dashboard
1706	Customer 1706	Europe	New	2026-09-26	2026-10-26	949.65	EUR	Lin	customer1706@example.test	SELECT * FROM results WHERE id = 1706	Review batch 1706	/reports/2026/customer-1706/result.tsv	sql\tpriority	1	Routine result 1706 for the reporting dashboard
1707	Customer 1707	North America	Queued	2026-09-27	2026-10-27	951.38	EUR	Sam	customer1707@example.test	SELECT * FROM results WHERE id = 1707	Review batch 1707	/reports/2026/customer-1707/result.tsv	sql,report	2	Routine result 1707 for the reporting dashboard
1708	Customer 1708	Asia Pacific	Running	2026-09-28	2026-10-28	953.11	EUR	Éva	customer1708@example.test	SELECT * FROM results WHERE id = 1708	Review batch 1708	/reports/2026/customer-1708/result.tsv	sql,report	3	Routine result 1708 for the reporting dashboard
1709	Customer 1709	South America	Complete	2026-09-01	2026-10-01	954.84	EUR	Noor	customer1709@example.test	SELECT * FROM results WHERE id = 1709	Review batch 1709	/reports/2026/customer-1709/result.tsv	sql,report	4	Routine result 1709 for the reporting dashboard
1710	Customer 1710	Africa	Failed	2026-09-02	2026-10-02	956.57	EUR	Kai	customer1710@example.test	SELECT * FROM results WHERE id = 1710	Review batch 1710	/reports/2026/customer-1710/result.tsv	sql,report	5	Routine result 1710 for the reporting dashboard
1711	Customer 1711	Europe	New	2026-09-03	2026-10-03	958.30	EUR	Ada	customer1711@example.test	SELECT * FROM results WHERE id = 1711	Review batch 1711	/reports/2026/customer-1711/result.tsv	sql,report	1	Routine result 1711 for the reporting dashboard
1712	Customer 1712	North America	Queued	2026-09-04	2026-10-04	960.03	EUR	Lin	customer1712@example.test	SELECT * FROM results WHERE id = 1712	Review batch 1712	/reports/2026/customer-1712/result.tsv	sql,report	2	Routine result 1712 for the reporting dashboard
1713	Customer 1713	Asia Pacific	Running	2026-09-05	2026-10-05	961.76	EUR	Sam	customer1713@example.test	SELECT * FROM results WHERE id = 1713	Review batch 1713	/reports/2026/customer-1713/result.tsv	sql,report	3	Routine result 1713 for the reporting dashboard
1714	Customer 1714	South America	Complete	2026-09-06	2026-10-06	963.49	EUR	Éva	customer1714@example.test	SELECT * FROM results WHERE id = 1714	Review batch 1714	/reports/2026/customer-1714/result.tsv	sql,report	4	Routine result 1714 for the reporting dashboard
1715	Customer 1715	Africa	Failed	2026-09-07	2026-10-07	965.22	EUR	Noor	customer1715@example.test	SELECT * FROM results WHERE id = 1715	Review batch 1715	/reports/2026/customer-1715/result.tsv	sql,report	5	Routine result 1715 for the reporting dashboard
1716	Customer 1716	Europe	New	2026-09-08	2026-10-08	966.95	EUR	Kai	customer1716@example.test	SELECT * FROM results WHERE id = 1716	Review batch 1716	/reports/2026/customer-1716/result.tsv	sql,report	1	Routine result 1716 for the reporting dashboard
1717	Customer 1717	North America	Queued	2026-09-09	2026-10-09	968.68	EUR	Ada	customer1717@example.test	SELECT * FROM results WHERE id = 1717	Review batch 1717	/reports/2026/customer-1717/result.tsv	sql\tpriority	2	Routine result 1717 for the reporting dashboard
1718	Customer 1718	Asia Pacific	Running	2026-09-10	2026-10-10	970.41	EUR	Lin	customer1718@example.test	SELECT * FROM results WHERE id = 1718	Review batch 1718	/reports/2026/customer-1718/result.tsv	sql,report	3	Routine result 1718 for the reporting dashboard
1719	Customer 1719	South America	Complete	2026-09-11	2026-10-11	972.14	EUR	Sam	customer1719@example.test	SELECT * FROM results WHERE id = 1719	Review batch 1719	/reports/2026/customer-1719/result.tsv	sql,report	4	Routine result 1719 for the reporting dashboard
1720	Customer 1720	Africa	Failed	2026-09-12	2026-10-12	973.87	EUR	Éva	customer1720@example.test	SELECT * FROM results WHERE id = 1720	Review batch 1720	/reports/2026/customer-1720/result.tsv	sql,report	5	Routine result 1720 for the reporting dashboard
1721	Customer 1721	Europe	New	2026-09-13	2026-10-13	975.60	EUR	Noor	customer1721@example.test	SELECT * FROM results WHERE id = 1721	Review batch 1721	/reports/2026/customer-1721/result.tsv	sql,report	1	Routine result 1721 for the reporting dashboard
1722	Customer 1722	North America	Queued	2026-09-14	2026-10-14	977.33	EUR	Kai	customer1722@example.test	SELECT * FROM results WHERE id = 1722	Review batch 1722	/reports/2026/customer-1722/result.tsv	sql,report	2	Routine result 1722 for the reporting dashboard
1723	Customer 1723	Asia Pacific	Running	2026-09-15	2026-10-15	979.06	EUR	Ada	customer1723@example.test	SELECT * FROM results WHERE id = 1723	Review batch 1723	/reports/2026/customer-1723/result.tsv	sql,report	\N	Routine result 1723 for the reporting dashboard
1724	Customer 1724	South America	Complete	2026-09-16	2026-10-16	980.79	EUR	Lin	customer1724@example.test	SELECT * FROM results WHERE id = 1724	Review batch 1724	/reports/2026/customer-1724/result.tsv	sql,report	4	Routine result 1724 for the reporting dashboard
1725	Customer 1725	Africa	Failed	2026-09-17	2026-10-17	982.52	EUR	Sam	customer1725@example.test	SELECT * FROM results WHERE id = 1725	Review batch 1725	/reports/2026/customer-1725/result.tsv	sql,report	5	Routine result 1725 for the reporting dashboard
1726	Customer 1726	Europe	New	2026-09-18	2026-10-18	984.25	EUR	Éva	customer1726@example.test	SELECT * FROM results WHERE id = 1726	Review batch 1726	/reports/2026/customer-1726/result.tsv	sql,report	1	Routine result 1726 for the reporting dashboard
1727	Customer 1727	North America	Queued	2026-09-19	2026-10-19	985.98	EUR	Noor	customer1727@example.test	SELECT * FROM results WHERE id = 1727	Review batch 1727	/reports/2026/customer-1727/result.tsv	sql,report	2	Routine result 1727 for the reporting dashboard
1728	Customer 1728	Asia Pacific	Running	2026-09-20	2026-10-20	987.71	EUR	Kai	customer1728@example.test	SELECT * FROM results WHERE id = 1728	Review batch 1728	/reports/2026/customer-1728/result.tsv	sql\tpriority	3	Routine result 1728 for the reporting dashboard
1729	Customer 1729	South America	Complete	2026-09-21	2026-10-21	989.44	EUR	Ada	customer1729@example.test	SELECT * FROM results WHERE id = 1729	Review batch 1729	/reports/2026/customer-1729/result.tsv	sql,report	4	Routine result 1729 for the reporting dashboard
1730	Customer 1730	Africa	Failed	2026-09-22	2026-10-22	991.17	EUR	Lin	customer1730@example.test	SELECT * FROM results WHERE id = 1730	Review batch 1730	/reports/2026/customer-1730/result.tsv	sql,report	5	Routine result 1730 for the reporting dashboard
1731	Customer 1731	Europe	New	2026-09-23	2026-10-23	992.90	EUR	Sam	customer1731@example.test	SELECT * FROM results WHERE id = 1731	Review batch 1731	/reports/2026/customer-1731/result.tsv	sql,report	1	Routine result 1731 for the reporting dashboard
1732	Customer 1732	North America	Queued	2026-09-24	2026-10-24	994.63	EUR	Éva	customer1732@example.test	SELECT * FROM results WHERE id = 1732	Review batch 1732	/reports/2026/customer-1732/result.tsv	sql,report	2	Routine result 1732 for the reporting dashboard
1733	Customer 1733	Asia Pacific	Running	2026-09-25	2026-10-25	996.36	EUR	Noor	customer1733@example.test	SELECT * FROM results WHERE id = 1733	Review batch 1733	/reports/2026/customer-1733/result.tsv	sql,report	3	Routine result 1733 for the reporting dashboard
1734	Customer 1734	South America	Complete	2026-09-26	2026-10-26	998.09	EUR	Kai	customer1734@example.test	SELECT * FROM results WHERE id = 1734	Review batch 1734	/reports/2026/customer-1734/result.tsv	sql,report	4	Routine result 1734 for the reporting dashboard
1735	Customer 1735	Africa	Failed	2026-09-27	2026-10-27	999.82	EUR	Ada	customer1735@example.test	SELECT * FROM results WHERE id = 1735	Review batch 1735	/reports/2026/customer-1735/result.tsv	sql,report	5	Routine result 1735 for the reporting dashboard
1736	Customer 1736	Europe	New	2026-09-28	2026-10-28	1.55	EUR	Lin	customer1736@example.test	SELECT * FROM results WHERE id = 1736	Review batch 1736	/reports/2026/customer-1736/result.tsv	sql,report	1	Routine result 1736 for the reporting dashboard
1737	Customer 1737	North America	Queued	2026-09-01	2026-10-01	3.28	EUR	Sam	customer1737@example.test	SELECT * FROM results WHERE id = 1737	Review batch 1737	/reports/2026/customer-1737/result.tsv	sql,report	2	Routine result 1737 for the reporting dashboard
1738	Customer 1738	Asia Pacific	Running	2026-09-02	2026-10-02	5.01	EUR	Éva	customer1738@example.test	SELECT * FROM results WHERE id = 1738	Review batch 1738	/reports/2026/customer-1738/result.tsv	sql,report	3	Routine result 1738 for the reporting dashboard
1739	Customer 1739	South America	Complete	2026-09-03	2026-10-03	6.74	EUR	Noor	customer1739@example.test	SELECT * FROM results WHERE id = 1739	Review batch 1739	/reports/2026/customer-1739/result.tsv	sql\tpriority	4	Routine result 1739 for the reporting dashboard
1740	Customer 1740	Africa	Failed	2026-09-04	2026-10-04	8.47	EUR	Kai	customer1740@example.test	SELECT * FROM results WHERE id = 1740	First line for record 1740\nSecond line with a tab\tand more detail	/reports/2026/customer-1740/result.tsv	sql,report	5	Routine result 1740 for the reporting dashboard
1741	Customer 1741	Europe	New	2026-09-05	2026-10-05	10.20	EUR	Ada	customer1741@example.test	SELECT * FROM results WHERE id = 1741	Review batch 1741	/reports/2026/customer-1741/result.tsv	sql,report	1	Routine result 1741 for the reporting dashboard
1742	Customer 1742	North America	Queued	2026-09-06	2026-10-06	11.93	EUR	Lin	customer1742@example.test	SELECT * FROM results WHERE id = 1742	Review batch 1742	/reports/2026/customer-1742/result.tsv	sql,report	2	Routine result 1742 for the reporting dashboard
1743	Customer 1743	Asia Pacific	Running	2026-09-07	2026-10-07	13.66	EUR	Sam	customer1743@example.test	SELECT * FROM results WHERE id = 1743	Review batch 1743	/reports/2026/customer-1743/result.tsv	sql,report	3	Routine result 1743 for the reporting dashboard
1744	Customer 1744	South America	Complete	2026-09-08	2026-10-08	15.39	EUR	Éva	customer1744@example.test	SELECT * FROM results WHERE id = 1744	Review batch 1744	/reports/2026/customer-1744/result.tsv	sql,report	4	Routine result 1744 for the reporting dashboard
1745	Customer 1745	Africa	Failed	2026-09-09	2026-10-09	17.12	EUR	Noor	customer1745@example.test	SELECT * FROM results WHERE id = 1745	Review batch 1745	/reports/2026/customer-1745/result.tsv	sql,report	5	Routine result 1745 for the reporting dashboard
1746	Customer 1746	Europe	New	2026-09-10	2026-10-10	18.85	EUR	Kai	customer1746@example.test	SELECT * FROM results WHERE id = 1746	Review batch 1746	/reports/2026/customer-1746/result.tsv	sql,report	1	Routine result 1746 for the reporting dashboard
1747	Customer 1747	North America	Queued	2026-09-11	2026-10-11	20.58	EUR	Ada	customer1747@example.test	SELECT * FROM results WHERE id = 1747	Review batch 1747	/reports/2026/customer-1747/result.tsv	sql,report	2	A deliberately long description for record 1747: this value crosses the normal column width and tests horizontal scrolling and field truncation in the table widget.
1748	Customer 1748	Asia Pacific	Running	2026-09-12	2026-10-12	22.31	EUR	Lin	customer1748@example.test	SELECT * FROM results WHERE id = 1748	Review batch 1748	/reports/2026/customer-1748/result.tsv	sql,report	3	Routine result 1748 for the reporting dashboard
1749	Customer 1749	South America	Complete	2026-09-13	2026-10-13	24.04	EUR	Sam	customer1749@example.test	SELECT * FROM results WHERE id = 1749	Review batch 1749	/reports/2026/customer-1749/result.tsv	sql,report	4	Routine result 1749 for the reporting dashboard
1750	Customer 1750	Africa	Failed	2026-09-14	2026-10-14	25.77	EUR	Éva	customer1750@example.test	SELECT * FROM results WHERE id = 1750	Review batch 1750	/reports/2026/customer-1750/result.tsv	sql\tpriority	5	Routine result 1750 for the reporting dashboard
1751	Customer 1751	Europe	New	2026-09-15	2026-10-15	27.50	EUR	Noor	customer1751@example.test	SELECT * FROM results WHERE id = 1751	Review batch 1751	/reports/2026/customer-1751/result.tsv	sql,report	1	Routine result 1751 for the reporting dashboard
1752	Customer 1752	North America	Queued	2026-09-16	2026-10-16	29.23	EUR	Kai	customer1752@example.test	SELECT * FROM results WHERE id = 1752	Review batch 1752	/reports/2026/customer-1752/result.tsv	sql,report	2	Routine result 1752 for the reporting dashboard
1753	Customer 1753	Asia Pacific	Running	2026-09-17	2026-10-17	30.96	EUR	Ada	customer1753@example.test	SELECT * FROM results WHERE id = 1753	Review batch 1753	/reports/2026/customer-1753/result.tsv	sql,report	3	Routine result 1753 for the reporting dashboard
1754	Customer 1754	South America	Complete	2026-09-18	2026-10-18	32.69	EUR	Lin	customer1754@example.test	SELECT * FROM results WHERE id = 1754	Review batch 1754	/reports/2026/customer-1754/result.tsv	sql,report	4	Routine result 1754 for the reporting dashboard
1755	Customer 1755	Africa	Failed	2026-09-19	2026-10-19	34.42	EUR	Sam	customer1755@example.test	SELECT * FROM results WHERE id = 1755	Review batch 1755	/reports/2026/customer-1755/result.tsv	sql,report	5	Routine result 1755 for the reporting dashboard
1756	Customer 1756	Europe	New	2026-09-20	2026-10-20	36.15	EUR	Éva	customer1756@example.test	SELECT * FROM results WHERE id = 1756	Review batch 1756	/reports/2026/customer-1756/result.tsv	sql,report	1	Routine result 1756 for the reporting dashboard
1757	Customer 1757	North America	Queued	2026-09-21	2026-10-21	37.88	EUR	Noor	customer1757@example.test	SELECT * FROM results WHERE id = 1757	Review batch 1757	/reports/2026/customer-1757/result.tsv	sql,report	2	Routine result 1757 for the reporting dashboard
1758	Customer 1758	Asia Pacific	Running	2026-09-22	2026-10-22	39.61	EUR	Kai	customer1758@example.test	SELECT * FROM results WHERE id = 1758	Review batch 1758	/reports/2026/customer-1758/result.tsv	sql,report	3	Routine result 1758 for the reporting dashboard
1759	Customer 1759	South America	Complete	2026-09-23	2026-10-23	41.34	EUR	Ada	customer1759@example.test	SELECT * FROM results WHERE id = 1759	Review batch 1759	/reports/2026/customer-1759/result.tsv	sql,report	4	Routine result 1759 for the reporting dashboard
1760	Customer 1760	Africa	Failed	2026-09-24	2026-10-24	43.07	EUR	Lin	customer1760@example.test	SELECT * FROM results WHERE id = 1760	Review batch 1760	/reports/2026/customer-1760/result.tsv	sql,report	5	Routine result 1760 for the reporting dashboard
1761	Customer 1761	Europe	New	2026-09-25	2026-10-25	44.80	EUR	Sam	customer1761@example.test	SELECT * FROM results WHERE id = 1761	Review batch 1761	/reports/2026/customer-1761/result.tsv	sql\tpriority	1	Routine result 1761 for the reporting dashboard
1762	Customer 1762	North America	Queued	2026-09-26	2026-10-26	46.53	EUR	Éva	customer1762@example.test	SELECT * FROM results WHERE id = 1762	Review batch 1762	/reports/2026/customer-1762/result.tsv	sql,report	2	Routine result 1762 for the reporting dashboard
1763	Customer 1763	Asia Pacific	Running	2026-09-27	2026-10-27	48.26	EUR	Noor	customer1763@example.test	SELECT * FROM results WHERE id = 1763	Review batch 1763	/reports/2026/customer-1763/result.tsv	sql,report	3	Routine result 1763 for the reporting dashboard
1764	Customer 1764	South America	Complete	2026-09-28	2026-10-28	49.99	EUR	Kai	customer1764@example.test	SELECT * FROM results WHERE id = 1764	Review batch 1764	/reports/2026/customer-1764/result.tsv	sql,report	\N	Routine result 1764 for the reporting dashboard
1765	Customer 1765	Africa	Failed	2026-09-01	2026-10-01	51.72	EUR	Ada	customer1765@example.test	SELECT * FROM results WHERE id = 1765	Review batch 1765	/reports/2026/customer-1765/result.tsv	sql,report	5	Routine result 1765 for the reporting dashboard
1766	Customer 1766	Europe	New	2026-09-02	2026-10-02	53.45	EUR	Lin	customer1766@example.test	SELECT * FROM results WHERE id = 1766	Review batch 1766	/reports/2026/customer-1766/result.tsv	sql,report	1	Routine result 1766 for the reporting dashboard
1767	Customer 1767	North America	Queued	2026-09-03	2026-10-03	55.18	EUR	Sam	customer1767@example.test	SELECT * FROM results WHERE id = 1767	Review batch 1767	/reports/2026/customer-1767/result.tsv	sql,report	2	Routine result 1767 for the reporting dashboard
1768	Customer 1768	Asia Pacific	Running	2026-09-04	2026-10-04	56.91	EUR	Éva	customer1768@example.test	SELECT * FROM results WHERE id = 1768	Review batch 1768	/reports/2026/customer-1768/result.tsv	sql,report	3	Routine result 1768 for the reporting dashboard
1769	Customer 1769	South America	Complete	2026-09-05	2026-10-05	58.64	EUR	Noor	customer1769@example.test	SELECT * FROM results WHERE id = 1769	Review batch 1769	/reports/2026/customer-1769/result.tsv	sql,report	4	Routine result 1769 for the reporting dashboard
1770	Customer 1770	Africa	Failed	2026-09-06	2026-10-06	60.37	EUR	Kai	customer1770@example.test	SELECT * FROM results WHERE id = 1770	Review batch 1770	/reports/2026/customer-1770/result.tsv	sql,report	5	Routine result 1770 for the reporting dashboard
1771	Customer 1771	Europe	New	2026-09-07	2026-10-07	62.10	EUR	Ada	customer1771@example.test	SELECT * FROM results WHERE id = 1771	Review batch 1771	/reports/2026/customer-1771/result.tsv	sql,report	1	Routine result 1771 for the reporting dashboard
1772	Customer 1772	North America	Queued	2026-09-08	2026-10-08	63.83	EUR	Lin	customer1772@example.test	SELECT * FROM results WHERE id = 1772	Review batch 1772	/reports/2026/customer-1772/result.tsv	sql\tpriority	2	Routine result 1772 for the reporting dashboard
1773	Customer 1773	Asia Pacific	Running	2026-09-09	2026-10-09	65.56	EUR	Sam	customer1773@example.test	SELECT * FROM results WHERE id = 1773	Review batch 1773	/reports/2026/customer-1773/result.tsv	sql,report	3	Routine result 1773 for the reporting dashboard
1774	Customer 1774	South America	Complete	2026-09-10	2026-10-10	67.29	EUR	Éva	customer1774@example.test	SELECT * FROM results WHERE id = 1774	Review batch 1774	/reports/2026/customer-1774/result.tsv	sql,report	4	Routine result 1774 for the reporting dashboard
1775	Customer 1775	Africa	Failed	2026-09-11	2026-10-11	69.02	EUR	Noor	customer1775@example.test	SELECT * FROM results WHERE id = 1775	Review batch 1775	/reports/2026/customer-1775/result.tsv	sql,report	5	Routine result 1775 for the reporting dashboard
1776	Customer 1776	Europe	New	2026-09-12	2026-10-12	70.75	EUR	Kai	customer1776@example.test	SELECT * FROM results WHERE id = 1776	Review batch 1776	/reports/2026/customer-1776/result.tsv	sql,report	1	Routine result 1776 for the reporting dashboard
1777	Customer 1777	North America	Queued	2026-09-13	2026-10-13	72.48	EUR	Ada	customer1777@example.test	SELECT * FROM results WHERE id = 1777	First line for record 1777\nSecond line with a tab\tand more detail	/reports/2026/customer-1777/result.tsv	sql,report	2	Routine result 1777 for the reporting dashboard
1778	Customer 1778	Asia Pacific	Running	2026-09-14	2026-10-14	74.21	EUR	Lin	customer1778@example.test	SELECT * FROM results WHERE id = 1778	Review batch 1778	/reports/2026/customer-1778/result.tsv	sql,report	3	Routine result 1778 for the reporting dashboard
1779	Customer 1779	South America	Complete	2026-09-15	2026-10-15	75.94	EUR	Sam	customer1779@example.test	SELECT * FROM results WHERE id = 1779	Review batch 1779	/reports/2026/customer-1779/result.tsv	sql,report	4	Routine result 1779 for the reporting dashboard
1780	Customer 1780	Africa	Failed	2026-09-16	2026-10-16	77.67	EUR	Éva	customer1780@example.test	SELECT * FROM results WHERE id = 1780	Review batch 1780	/reports/2026/customer-1780/result.tsv	sql,report	5	Routine result 1780 for the reporting dashboard
1781	Customer 1781	Europe	New	2026-09-17	2026-10-17	79.40	EUR	Noor	customer1781@example.test	SELECT * FROM results WHERE id = 1781	Review batch 1781	/reports/2026/customer-1781/result.tsv	sql,report	1	Routine result 1781 for the reporting dashboard
1782	Customer 1782	North America	Queued	2026-09-18	2026-10-18	81.13	EUR	Kai	customer1782@example.test	SELECT * FROM results WHERE id = 1782	Review batch 1782	/reports/2026/customer-1782/result.tsv	sql,report	2	Routine result 1782 for the reporting dashboard
1783	Customer 1783	Asia Pacific	Running	2026-09-19	2026-10-19	82.86	EUR	Ada	customer1783@example.test	SELECT * FROM results WHERE id = 1783	Review batch 1783	/reports/2026/customer-1783/result.tsv	sql\tpriority	3	Routine result 1783 for the reporting dashboard
1784	Customer 1784	South America	Complete	2026-09-20	2026-10-20	84.59	EUR	Lin	customer1784@example.test	SELECT * FROM results WHERE id = 1784	Review batch 1784	/reports/2026/customer-1784/result.tsv	sql,report	4	Routine result 1784 for the reporting dashboard
1785	Customer 1785	Africa	Failed	2026-09-21	2026-10-21	86.32	EUR	Sam	customer1785@example.test	SELECT * FROM results WHERE id = 1785	Review batch 1785	/reports/2026/customer-1785/result.tsv	sql,report	5	Routine result 1785 for the reporting dashboard
1786	Customer 1786	Europe	New	2026-09-22	2026-10-22	88.05	EUR	Éva	customer1786@example.test	SELECT * FROM results WHERE id = 1786	Review batch 1786	/reports/2026/customer-1786/result.tsv	sql,report	1	Routine result 1786 for the reporting dashboard
1787	Customer 1787	North America	Queued	2026-09-23	2026-10-23	89.78	EUR	Noor	customer1787@example.test	SELECT * FROM results WHERE id = 1787	Review batch 1787	/reports/2026/customer-1787/result.tsv	sql,report	2	Routine result 1787 for the reporting dashboard
1788	Customer 1788	Asia Pacific	Running	2026-09-24	2026-10-24	91.51	EUR	Kai	customer1788@example.test	SELECT * FROM results WHERE id = 1788	Review batch 1788	/reports/2026/customer-1788/result.tsv	sql,report	3	Routine result 1788 for the reporting dashboard
1789	Customer 1789	South America	Complete	2026-09-25	2026-10-25	93.24	EUR	Ada	customer1789@example.test	SELECT * FROM results WHERE id = 1789	Review batch 1789	/reports/2026/customer-1789/result.tsv	sql,report	4	Routine result 1789 for the reporting dashboard
1790	Customer 1790	Africa	Failed	2026-09-26	2026-10-26	94.97	EUR	Lin	customer1790@example.test	SELECT * FROM results WHERE id = 1790	Review batch 1790	/reports/2026/customer-1790/result.tsv	sql,report	5	Routine result 1790 for the reporting dashboard
1791	Customer 1791	Europe	New	2026-09-27	2026-10-27	96.70	EUR	Sam	customer1791@example.test	SELECT * FROM results WHERE id = 1791	Review batch 1791	/reports/2026/customer-1791/result.tsv	sql,report	1	Routine result 1791 for the reporting dashboard
1792	Customer 1792	North America	Queued	2026-09-28	2026-10-28	98.43	EUR	Éva	customer1792@example.test	SELECT * FROM results WHERE id = 1792	Review batch 1792	/reports/2026/customer-1792/result.tsv	sql,report	2	Routine result 1792 for the reporting dashboard
1793	Customer 1793	Asia Pacific	Running	2026-09-01	2026-10-01	100.16	EUR	Noor	customer1793@example.test	SELECT * FROM results WHERE id = 1793	Review batch 1793	/reports/2026/customer-1793/result.tsv	sql,report	3	Routine result 1793 for the reporting dashboard
1794	Customer 1794	South America	Complete	2026-09-02	2026-10-02	101.89	EUR	Kai	customer1794@example.test	SELECT * FROM results WHERE id = 1794	Review batch 1794	/reports/2026/customer-1794/result.tsv	sql\tpriority	4	Routine result 1794 for the reporting dashboard
1795	Customer 1795	Africa	Failed	2026-09-03	2026-10-03	103.62	EUR	Ada	customer1795@example.test	SELECT * FROM results WHERE id = 1795	Review batch 1795	/reports/2026/customer-1795/result.tsv	sql,report	5	Routine result 1795 for the reporting dashboard
1796	Customer 1796	Europe	New	2026-09-04	2026-10-04	105.35	EUR	Lin	customer1796@example.test	SELECT * FROM results WHERE id = 1796	Review batch 1796	/reports/2026/customer-1796/result.tsv	sql,report	1	Routine result 1796 for the reporting dashboard
1797	Customer 1797	North America	Queued	2026-09-05	2026-10-05	107.08	EUR	Sam	customer1797@example.test	SELECT * FROM results WHERE id = 1797	Review batch 1797	/reports/2026/customer-1797/result.tsv	sql,report	2	Routine result 1797 for the reporting dashboard
1798	Customer 1798	Asia Pacific	Running	2026-09-06	2026-10-06	108.81	EUR	Éva	customer1798@example.test	SELECT * FROM results WHERE id = 1798	Review batch 1798	/reports/2026/customer-1798/result.tsv	sql,report	3	Routine result 1798 for the reporting dashboard
1799	Customer 1799	South America	Complete	2026-09-07	2026-10-07	110.54	EUR	Noor	customer1799@example.test	SELECT * FROM results WHERE id = 1799	Review batch 1799	/reports/2026/customer-1799/result.tsv	sql,report	4	Routine result 1799 for the reporting dashboard
1800	Customer 1800	Africa	Failed	2026-09-08	2026-10-08	112.27	EUR	Kai	customer1800@example.test	SELECT * FROM results WHERE id = 1800	Review batch 1800	/reports/2026/customer-1800/result.tsv	sql,report	5	Routine result 1800 for the reporting dashboard
1801	Customer 1801	Europe	New	2026-09-09	2026-10-09	114.00	EUR	Ada	customer1801@example.test	SELECT * FROM results WHERE id = 1801	Review batch 1801	/reports/2026/customer-1801/result.tsv	sql,report	1	Routine result 1801 for the reporting dashboard
1802	Customer 1802	North America	Queued	2026-09-10	2026-10-10	115.73	EUR	Lin	customer1802@example.test	SELECT * FROM results WHERE id = 1802	Review batch 1802	/reports/2026/customer-1802/result.tsv	sql,report	2	Routine result 1802 for the reporting dashboard
1803	Customer 1803	Asia Pacific	Running	2026-09-11	2026-10-11	117.46	EUR	Sam	customer1803@example.test	SELECT * FROM results WHERE id = 1803	Review batch 1803	/reports/2026/customer-1803/result.tsv	sql,report	3	Routine result 1803 for the reporting dashboard
1804	Customer 1804	South America	Complete	2026-09-12	2026-10-12	119.19	EUR	Éva	customer1804@example.test	SELECT * FROM results WHERE id = 1804	Review batch 1804	/reports/2026/customer-1804/result.tsv	sql,report	4	Routine result 1804 for the reporting dashboard
1805	Customer 1805	Africa	Failed	2026-09-13	2026-10-13	120.92	EUR	Noor	customer1805@example.test	SELECT * FROM results WHERE id = 1805	Review batch 1805	/reports/2026/customer-1805/result.tsv	sql\tpriority	\N	Routine result 1805 for the reporting dashboard
1806	Customer 1806	Europe	New	2026-09-14	2026-10-14	122.65	EUR	Kai	customer1806@example.test	SELECT * FROM results WHERE id = 1806	Review batch 1806	/reports/2026/customer-1806/result.tsv	sql,report	1	Routine result 1806 for the reporting dashboard
1807	Customer 1807	North America	Queued	2026-09-15	2026-10-15	124.38	EUR	Ada	customer1807@example.test	SELECT * FROM results WHERE id = 1807	Review batch 1807	/reports/2026/customer-1807/result.tsv	sql,report	2	Routine result 1807 for the reporting dashboard
1808	Customer 1808	Asia Pacific	Running	2026-09-16	2026-10-16	126.11	EUR	Lin	customer1808@example.test	SELECT * FROM results WHERE id = 1808	Review batch 1808	/reports/2026/customer-1808/result.tsv	sql,report	3	Routine result 1808 for the reporting dashboard
1809	Customer 1809	South America	Complete	2026-09-17	2026-10-17	127.84	EUR	Sam	customer1809@example.test	SELECT customer_id, SUM(amount) FROM invoice_items WHERE customer_id = 1809 GROUP BY customer_id ORDER BY SUM(amount) DESC	Review batch 1809	/reports/2026/customer-1809/result.tsv	sql,report	4	Routine result 1809 for the reporting dashboard
1810	Customer 1810	Africa	Failed	2026-09-18	2026-10-18	129.57	EUR	Éva	customer1810@example.test	SELECT * FROM results WHERE id = 1810	Review batch 1810	/reports/2026/customer-1810/result.tsv	sql,report	5	Routine result 1810 for the reporting dashboard
1811	Customer 1811	Europe	New	2026-09-19	2026-10-19	131.30	EUR	Noor	customer1811@example.test	SELECT * FROM results WHERE id = 1811	Review batch 1811	/reports/2026/customer-1811/result.tsv	sql,report	1	Routine result 1811 for the reporting dashboard
1812	Customer 1812	North America	Queued	2026-09-20	2026-10-20	133.03	EUR	Kai	customer1812@example.test	SELECT * FROM results WHERE id = 1812	Review batch 1812	/reports/2026/customer-1812/result.tsv	sql,report	2	Routine result 1812 for the reporting dashboard
1813	Customer 1813	Asia Pacific	Running	2026-09-21	2026-10-21	134.76	EUR	Ada	customer1813@example.test	SELECT * FROM results WHERE id = 1813	Review batch 1813	/reports/2026/customer-1813/result.tsv	sql,report	3	Routine result 1813 for the reporting dashboard
1814	Customer 1814	South America	Complete	2026-09-22	2026-10-22	136.49	EUR	Lin	customer1814@example.test	SELECT * FROM results WHERE id = 1814	First line for record 1814\nSecond line with a tab\tand more detail	/reports/2026/customer-1814/result.tsv	sql,report	4	Routine result 1814 for the reporting dashboard
1815	Customer 1815	Africa	Failed	2026-09-23	2026-10-23	138.22	EUR	Sam	customer1815@example.test	SELECT * FROM results WHERE id = 1815	Review batch 1815	/reports/2026/customer-1815/result.tsv	sql,report	5	Routine result 1815 for the reporting dashboard
1816	Customer 1816	Europe	New	2026-09-24	2026-10-24	139.95	EUR	Éva	customer1816@example.test	SELECT * FROM results WHERE id = 1816	Review batch 1816	/reports/2026/customer-1816/result.tsv	sql\tpriority	1	Routine result 1816 for the reporting dashboard
1817	Customer 1817	North America	Queued	2026-09-25	2026-10-25	141.68	EUR	Noor	customer1817@example.test	SELECT * FROM results WHERE id = 1817	Review batch 1817	/reports/2026/customer-1817/result.tsv	sql,report	2	Routine result 1817 for the reporting dashboard
1818	Customer 1818	Asia Pacific	Running	2026-09-26	2026-10-26	143.41	EUR	Kai	customer1818@example.test	SELECT * FROM results WHERE id = 1818	Review batch 1818	/reports/2026/customer-1818/result.tsv	sql,report	3	Routine result 1818 for the reporting dashboard
1819	Customer 1819	South America	Complete	2026-09-27	2026-10-27	145.14	EUR	Ada	customer1819@example.test	SELECT * FROM results WHERE id = 1819	Review batch 1819	/reports/2026/customer-1819/result.tsv	sql,report	4	Routine result 1819 for the reporting dashboard
1820	Customer 1820	Africa	Failed	2026-09-28	2026-10-28	146.87	EUR	Lin	customer1820@example.test	SELECT * FROM results WHERE id = 1820	Review batch 1820	/reports/2026/customer-1820/result.tsv	sql,report	5	Routine result 1820 for the reporting dashboard
1821	Customer 1821	Europe	New	2026-09-01	2026-10-01	148.60	EUR	Sam	customer1821@example.test	SELECT * FROM results WHERE id = 1821	Review batch 1821	/reports/2026/customer-1821/result.tsv	sql,report	1	Routine result 1821 for the reporting dashboard
1822	Customer 1822	North America	Queued	2026-09-02	2026-10-02	150.33	EUR	Éva	customer1822@example.test	SELECT * FROM results WHERE id = 1822	Review batch 1822	/reports/2026/customer-1822/result.tsv	sql,report	2	Routine result 1822 for the reporting dashboard
1823	Customer 1823	Asia Pacific	Running	2026-09-03	2026-10-03	152.06	EUR	Noor	customer1823@example.test	SELECT * FROM results WHERE id = 1823	Review batch 1823	/reports/2026/customer-1823/result.tsv	sql,report	3	Routine result 1823 for the reporting dashboard
1824	Customer 1824	South America	Complete	2026-09-04	2026-10-04	153.79	EUR	Kai	customer1824@example.test	SELECT * FROM results WHERE id = 1824	Review batch 1824	/reports/2026/customer-1824/result.tsv	sql,report	4	Routine result 1824 for the reporting dashboard
1825	Customer 1825	Africa	Failed	2026-09-05	2026-10-05	155.52	EUR	Ada	customer1825@example.test	SELECT * FROM results WHERE id = 1825	Review batch 1825	/reports/2026/customer-1825/result.tsv	sql,report	5	Routine result 1825 for the reporting dashboard
1826	Customer 1826	Europe	New	2026-09-06	2026-10-06	157.25	EUR	Lin	customer1826@example.test	SELECT * FROM results WHERE id = 1826	Review batch 1826	/reports/2026/customer-1826/result.tsv	sql,report	1	Routine result 1826 for the reporting dashboard
1827	Customer 1827	North America	Queued	2026-09-07	2026-10-07	158.98	EUR	Sam	customer1827@example.test	SELECT * FROM results WHERE id = 1827	Review batch 1827	/reports/2026/customer-1827/result.tsv	sql\tpriority	2	Routine result 1827 for the reporting dashboard
1828	Customer 1828	Asia Pacific	Running	2026-09-08	2026-10-08	160.71	EUR	Éva	customer1828@example.test	SELECT * FROM results WHERE id = 1828	Review batch 1828	/reports/2026/customer-1828/result.tsv	sql,report	3	Routine result 1828 for the reporting dashboard
1829	Customer 1829	South America	Complete	2026-09-09	2026-10-09	162.44	EUR	Noor	customer1829@example.test	SELECT * FROM results WHERE id = 1829	Review batch 1829	/reports/2026/customer-1829/result.tsv	sql,report	4	Routine result 1829 for the reporting dashboard
1830	Customer 1830	Africa	Failed	2026-09-10	2026-10-10	164.17	EUR	Kai	customer1830@example.test	SELECT * FROM results WHERE id = 1830	Review batch 1830	/reports/2026/customer-1830/result.tsv	sql,report	5	Routine result 1830 for the reporting dashboard
1831	Customer 1831	Europe	New	2026-09-11	2026-10-11	165.90	EUR	Ada	customer1831@example.test	SELECT * FROM results WHERE id = 1831	Review batch 1831	/reports/2026/customer-1831/result.tsv	sql,report	1	Routine result 1831 for the reporting dashboard
1832	Customer 1832	North America	Queued	2026-09-12	2026-10-12	167.63	EUR	Lin	customer1832@example.test	SELECT * FROM results WHERE id = 1832	Review batch 1832	/reports/2026/customer-1832/result.tsv	sql,report	2	Routine result 1832 for the reporting dashboard
1833	Customer 1833	Asia Pacific	Running	2026-09-13	2026-10-13	169.36	EUR	Sam	customer1833@example.test	SELECT * FROM results WHERE id = 1833	Review batch 1833	/reports/2026/customer-1833/result.tsv	sql,report	3	Routine result 1833 for the reporting dashboard
1834	Customer 1834	South America	Complete	2026-09-14	2026-10-14	171.09	EUR	Éva	customer1834@example.test	SELECT * FROM results WHERE id = 1834	Review batch 1834	/reports/2026/customer-1834/result.tsv	sql,report	4	Routine result 1834 for the reporting dashboard
1835	Customer 1835	Africa	Failed	2026-09-15	2026-10-15	172.82	EUR	Noor	customer1835@example.test	SELECT * FROM results WHERE id = 1835	Review batch 1835	/reports/2026/customer-1835/result.tsv	sql,report	5	Routine result 1835 for the reporting dashboard
1836	Customer 1836	Europe	New	2026-09-16	2026-10-16	174.55	EUR	Kai	customer1836@example.test	SELECT * FROM results WHERE id = 1836	Review batch 1836	/reports/2026/customer-1836/result.tsv	sql,report	1	Routine result 1836 for the reporting dashboard
1837	Customer 1837	North America	Queued	2026-09-17	2026-10-17	176.28	EUR	Ada	customer1837@example.test	SELECT * FROM results WHERE id = 1837	Review batch 1837	/reports/2026/customer-1837/result.tsv	sql,report	2	Routine result 1837 for the reporting dashboard
1838	Customer 1838	Asia Pacific	Running	2026-09-18	2026-10-18	178.01	EUR	Lin	customer1838@example.test	SELECT * FROM results WHERE id = 1838	Review batch 1838	/reports/2026/customer-1838/result.tsv	sql\tpriority	3	Routine result 1838 for the reporting dashboard
1839	Customer 1839	South America	Complete	2026-09-19	2026-10-19	179.74	EUR	Sam	customer1839@example.test	SELECT * FROM results WHERE id = 1839	Review batch 1839	/reports/2026/customer-1839/result.tsv	sql,report	4	Routine result 1839 for the reporting dashboard
1840	Customer 1840	Africa	Failed	2026-09-20	2026-10-20	181.47	EUR	Éva	customer1840@example.test	SELECT * FROM results WHERE id = 1840	Review batch 1840	/reports/2026/customer-1840/result.tsv	sql,report	5	Routine result 1840 for the reporting dashboard
1841	Customer 1841	Europe	New	2026-09-21	2026-10-21	183.20	EUR	Noor	customer1841@example.test	SELECT * FROM results WHERE id = 1841	Review batch 1841	/reports/2026/customer-1841/result.tsv	sql,report	1	Routine result 1841 for the reporting dashboard
1842	Customer 1842	North America	Queued	2026-09-22	2026-10-22	184.93	EUR	Kai	customer1842@example.test	SELECT * FROM results WHERE id = 1842	Review batch 1842	/reports/2026/customer-1842/result.tsv	sql,report	2	Routine result 1842 for the reporting dashboard
1843	Customer 1843	Asia Pacific	Running	2026-09-23	2026-10-23	186.66	EUR	Ada	customer1843@example.test	SELECT * FROM results WHERE id = 1843	Review batch 1843	/reports/2026/customer-1843/result.tsv	sql,report	3	Routine result 1843 for the reporting dashboard
1844	Customer 1844	South America	Complete	2026-09-24	2026-10-24	188.39	EUR	Lin	customer1844@example.test	SELECT * FROM results WHERE id = 1844	Review batch 1844	/reports/2026/customer-1844/result.tsv	sql,report	4	A deliberately long description for record 1844: this value crosses the normal column width and tests horizontal scrolling and field truncation in the table widget.
1845	Customer 1845	Africa	Failed	2026-09-25	2026-10-25	190.12	EUR	Sam	customer1845@example.test	SELECT * FROM results WHERE id = 1845	Review batch 1845	/reports/2026/customer-1845/result.tsv	sql,report	5	Routine result 1845 for the reporting dashboard
1846	Customer 1846	Europe	New	2026-09-26	2026-10-26	191.85	EUR	Éva	customer1846@example.test	SELECT * FROM results WHERE id = 1846	Review batch 1846	/reports/2026/customer-1846/result.tsv	sql,report	\N	Routine result 1846 for the reporting dashboard
1847	Customer 1847	North America	Queued	2026-09-27	2026-10-27	193.58	EUR	Noor	customer1847@example.test	SELECT * FROM results WHERE id = 1847	Review batch 1847	/reports/2026/customer-1847/result.tsv	sql,report	2	Routine result 1847 for the reporting dashboard
1848	Customer 1848	Asia Pacific	Running	2026-09-28	2026-10-28	195.31	EUR	Kai	customer1848@example.test	SELECT * FROM results WHERE id = 1848	Review batch 1848	/reports/2026/customer-1848/result.tsv	sql,report	3	Routine result 1848 for the reporting dashboard
1849	Customer 1849	South America	Complete	2026-09-01	2026-10-01	197.04	EUR	Ada	customer1849@example.test	SELECT * FROM results WHERE id = 1849	Review batch 1849	/reports/2026/customer-1849/result.tsv	sql\tpriority	4	Routine result 1849 for the reporting dashboard
1850	Customer 1850	Africa	Failed	2026-09-02	2026-10-02	198.77	EUR	Lin	customer1850@example.test	SELECT * FROM results WHERE id = 1850	Review batch 1850	/reports/2026/customer-1850/result.tsv	sql,report	5	Routine result 1850 for the reporting dashboard
1851	Customer 1851	Europe	New	2026-09-03	2026-10-03	200.50	EUR	Sam	customer1851@example.test	SELECT * FROM results WHERE id = 1851	First line for record 1851\nSecond line with a tab\tand more detail	/reports/2026/customer-1851/result.tsv	sql,report	1	Routine result 1851 for the reporting dashboard
1852	Customer 1852	North America	Queued	2026-09-04	2026-10-04	202.23	EUR	Éva	customer1852@example.test	SELECT * FROM results WHERE id = 1852	Review batch 1852	/reports/2026/customer-1852/result.tsv	sql,report	2	Routine result 1852 for the reporting dashboard
1853	Customer 1853	Asia Pacific	Running	2026-09-05	2026-10-05	203.96	EUR	Noor	customer1853@example.test	SELECT * FROM results WHERE id = 1853	Review batch 1853	/reports/2026/customer-1853/result.tsv	sql,report	3	Routine result 1853 for the reporting dashboard
1854	Customer 1854	South America	Complete	2026-09-06	2026-10-06	205.69	EUR	Kai	customer1854@example.test	SELECT * FROM results WHERE id = 1854	Review batch 1854	/reports/2026/customer-1854/result.tsv	sql,report	4	Routine result 1854 for the reporting dashboard
1855	Customer 1855	Africa	Failed	2026-09-07	2026-10-07	207.42	EUR	Ada	customer1855@example.test	SELECT * FROM results WHERE id = 1855	Review batch 1855	/reports/2026/customer-1855/result.tsv	sql,report	5	Routine result 1855 for the reporting dashboard
1856	Customer 1856	Europe	New	2026-09-08	2026-10-08	209.15	EUR	Lin	customer1856@example.test	SELECT * FROM results WHERE id = 1856	Review batch 1856	/reports/2026/customer-1856/result.tsv	sql,report	1	Routine result 1856 for the reporting dashboard
1857	Customer 1857	North America	Queued	2026-09-09	2026-10-09	210.88	EUR	Sam	customer1857@example.test	SELECT * FROM results WHERE id = 1857	Review batch 1857	/reports/2026/customer-1857/result.tsv	sql,report	2	Routine result 1857 for the reporting dashboard
1858	Customer 1858	Asia Pacific	Running	2026-09-10	2026-10-10	212.61	EUR	Éva	customer1858@example.test	SELECT * FROM results WHERE id = 1858	Review batch 1858	/reports/2026/customer-1858/result.tsv	sql,report	3	Routine result 1858 for the reporting dashboard
1859	Customer 1859	South America	Complete	2026-09-11	2026-10-11	214.34	EUR	Noor	customer1859@example.test	SELECT * FROM results WHERE id = 1859	Review batch 1859	/reports/2026/customer-1859/result.tsv	sql,report	4	Routine result 1859 for the reporting dashboard
1860	Customer 1860	Africa	Failed	2026-09-12	2026-10-12	216.07	EUR	Kai	customer1860@example.test	SELECT * FROM results WHERE id = 1860	Review batch 1860	/reports/2026/customer-1860/result.tsv	sql\tpriority	5	Routine result 1860 for the reporting dashboard
1861	Customer 1861	Europe	New	2026-09-13	2026-10-13	217.80	EUR	Ada	customer1861@example.test	SELECT * FROM results WHERE id = 1861	Review batch 1861	/reports/2026/customer-1861/result.tsv	sql,report	1	Routine result 1861 for the reporting dashboard
1862	Customer 1862	North America	Queued	2026-09-14	2026-10-14	219.53	EUR	Lin	customer1862@example.test	SELECT * FROM results WHERE id = 1862	Review batch 1862	/reports/2026/customer-1862/result.tsv	sql,report	2	Routine result 1862 for the reporting dashboard
1863	Customer 1863	Asia Pacific	Running	2026-09-15	2026-10-15	221.26	EUR	Sam	customer1863@example.test	SELECT * FROM results WHERE id = 1863	Review batch 1863	/reports/2026/customer-1863/result.tsv	sql,report	3	Routine result 1863 for the reporting dashboard
1864	Customer 1864	South America	Complete	2026-09-16	2026-10-16	222.99	EUR	Éva	customer1864@example.test	SELECT * FROM results WHERE id = 1864	Review batch 1864	/reports/2026/customer-1864/result.tsv	sql,report	4	Routine result 1864 for the reporting dashboard
1865	Customer 1865	Africa	Failed	2026-09-17	2026-10-17	224.72	EUR	Noor	customer1865@example.test	SELECT * FROM results WHERE id = 1865	Review batch 1865	/reports/2026/customer-1865/result.tsv	sql,report	5	Routine result 1865 for the reporting dashboard
1866	Customer 1866	Europe	New	2026-09-18	2026-10-18	226.45	EUR	Kai	customer1866@example.test	SELECT * FROM results WHERE id = 1866	Review batch 1866	/reports/2026/customer-1866/result.tsv	sql,report	1	Routine result 1866 for the reporting dashboard
1867	Customer 1867	North America	Queued	2026-09-19	2026-10-19	228.18	EUR	Ada	customer1867@example.test	SELECT * FROM results WHERE id = 1867	Review batch 1867	/reports/2026/customer-1867/result.tsv	sql,report	2	Routine result 1867 for the reporting dashboard
1868	Customer 1868	Asia Pacific	Running	2026-09-20	2026-10-20	229.91	EUR	Lin	customer1868@example.test	SELECT * FROM results WHERE id = 1868	Review batch 1868	/reports/2026/customer-1868/result.tsv	sql,report	3	Routine result 1868 for the reporting dashboard
1869	Customer 1869	South America	Complete	2026-09-21	2026-10-21	231.64	EUR	Sam	customer1869@example.test	SELECT * FROM results WHERE id = 1869	Review batch 1869	/reports/2026/customer-1869/result.tsv	sql,report	4	Routine result 1869 for the reporting dashboard
1870	Customer 1870	Africa	Failed	2026-09-22	2026-10-22	233.37	EUR	Éva	customer1870@example.test	SELECT * FROM results WHERE id = 1870	Review batch 1870	/reports/2026/customer-1870/result.tsv	sql,report	5	Routine result 1870 for the reporting dashboard
1871	Customer 1871	Europe	New	2026-09-23	2026-10-23	235.10	EUR	Noor	customer1871@example.test	SELECT * FROM results WHERE id = 1871	Review batch 1871	/reports/2026/customer-1871/result.tsv	sql\tpriority	1	Routine result 1871 for the reporting dashboard
1872	Customer 1872	North America	Queued	2026-09-24	2026-10-24	236.83	EUR	Kai	customer1872@example.test	SELECT * FROM results WHERE id = 1872	Review batch 1872	/reports/2026/customer-1872/result.tsv	sql,report	2	Routine result 1872 for the reporting dashboard
1873	Customer 1873	Asia Pacific	Running	2026-09-25	2026-10-25	238.56	EUR	Ada	customer1873@example.test	SELECT * FROM results WHERE id = 1873	Review batch 1873	/reports/2026/customer-1873/result.tsv	sql,report	3	Routine result 1873 for the reporting dashboard
1874	Customer 1874	South America	Complete	2026-09-26	2026-10-26	240.29	EUR	Lin	customer1874@example.test	SELECT * FROM results WHERE id = 1874	Review batch 1874	/reports/2026/customer-1874/result.tsv	sql,report	4	Routine result 1874 for the reporting dashboard
1875	Customer 1875	Africa	Failed	2026-09-27	2026-10-27	242.02	EUR	Sam	customer1875@example.test	SELECT * FROM results WHERE id = 1875	Review batch 1875	/reports/2026/customer-1875/result.tsv	sql,report	5	Routine result 1875 for the reporting dashboard
1876	Customer 1876	Europe	New	2026-09-28	2026-10-28	243.75	EUR	Éva	customer1876@example.test	SELECT * FROM results WHERE id = 1876	Review batch 1876	/reports/2026/customer-1876/result.tsv	sql,report	1	Routine result 1876 for the reporting dashboard
1877	Customer 1877	North America	Queued	2026-09-01	2026-10-01	245.48	EUR	Noor	customer1877@example.test	SELECT * FROM results WHERE id = 1877	Review batch 1877	/reports/2026/customer-1877/result.tsv	sql,report	2	Routine result 1877 for the reporting dashboard
1878	Customer 1878	Asia Pacific	Running	2026-09-02	2026-10-02	247.21	EUR	Kai	customer1878@example.test	SELECT * FROM results WHERE id = 1878	Review batch 1878	/reports/2026/customer-1878/result.tsv	sql,report	3	Routine result 1878 for the reporting dashboard
1879	Customer 1879	South America	Complete	2026-09-03	2026-10-03	248.94	EUR	Ada	customer1879@example.test	SELECT * FROM results WHERE id = 1879	Review batch 1879	/reports/2026/customer-1879/result.tsv	sql,report	4	Routine result 1879 for the reporting dashboard
1880	Customer 1880	Africa	Failed	2026-09-04	2026-10-04	250.67	EUR	Lin	customer1880@example.test	SELECT * FROM results WHERE id = 1880	Review batch 1880	/reports/2026/customer-1880/result.tsv	sql,report	5	Routine result 1880 for the reporting dashboard
1881	Customer 1881	Europe	New	2026-09-05	2026-10-05	252.40	EUR	Sam	customer1881@example.test	SELECT * FROM results WHERE id = 1881	Review batch 1881	/reports/2026/customer-1881/result.tsv	sql,report	1	Routine result 1881 for the reporting dashboard
1882	Customer 1882	North America	Queued	2026-09-06	2026-10-06	254.13	EUR	Éva	customer1882@example.test	SELECT * FROM results WHERE id = 1882	Review batch 1882	/reports/2026/customer-1882/result.tsv	sql\tpriority	2	Routine result 1882 for the reporting dashboard
1883	Customer 1883	Asia Pacific	Running	2026-09-07	2026-10-07	255.86	EUR	Noor	customer1883@example.test	SELECT * FROM results WHERE id = 1883	Review batch 1883	/reports/2026/customer-1883/result.tsv	sql,report	3	Routine result 1883 for the reporting dashboard
1884	Customer 1884	South America	Complete	2026-09-08	2026-10-08	257.59	EUR	Kai	customer1884@example.test	SELECT * FROM results WHERE id = 1884	Review batch 1884	/reports/2026/customer-1884/result.tsv	sql,report	4	Routine result 1884 for the reporting dashboard
1885	Customer 1885	Africa	Failed	2026-09-09	2026-10-09	259.32	EUR	Ada	customer1885@example.test	SELECT * FROM results WHERE id = 1885	Review batch 1885	/reports/2026/customer-1885/result.tsv	sql,report	5	Routine result 1885 for the reporting dashboard
1886	Customer 1886	Europe	New	2026-09-10	2026-10-10	261.05	EUR	Lin	customer1886@example.test	SELECT * FROM results WHERE id = 1886	Review batch 1886	/reports/2026/customer-1886/result.tsv	sql,report	1	Routine result 1886 for the reporting dashboard
1887	Customer 1887	North America	Queued	2026-09-11	2026-10-11	262.78	EUR	Sam	customer1887@example.test	SELECT * FROM results WHERE id = 1887	Review batch 1887	/reports/2026/customer-1887/result.tsv	sql,report	\N	Routine result 1887 for the reporting dashboard
1888	Customer 1888	Asia Pacific	Running	2026-09-12	2026-10-12	264.51	EUR	Éva	customer1888@example.test	SELECT * FROM results WHERE id = 1888	First line for record 1888\nSecond line with a tab\tand more detail	/reports/2026/customer-1888/result.tsv	sql,report	3	Routine result 1888 for the reporting dashboard
1889	Customer 1889	South America	Complete	2026-09-13	2026-10-13	266.24	EUR	Noor	customer1889@example.test	SELECT * FROM results WHERE id = 1889	Review batch 1889	/reports/2026/customer-1889/result.tsv	sql,report	4	Routine result 1889 for the reporting dashboard
1890	Customer 1890	Africa	Failed	2026-09-14	2026-10-14	267.97	EUR	Kai	customer1890@example.test	SELECT * FROM results WHERE id = 1890	Review batch 1890	/reports/2026/customer-1890/result.tsv	sql,report	5	Routine result 1890 for the reporting dashboard
1891	Customer 1891	Europe	New	2026-09-15	2026-10-15	269.70	EUR	Ada	customer1891@example.test	SELECT * FROM results WHERE id = 1891	Review batch 1891	/reports/2026/customer-1891/result.tsv	sql,report	1	Routine result 1891 for the reporting dashboard
1892	Customer 1892	North America	Queued	2026-09-16	2026-10-16	271.43	EUR	Lin	customer1892@example.test	SELECT * FROM results WHERE id = 1892	Review batch 1892	/reports/2026/customer-1892/result.tsv	sql,report	2	Routine result 1892 for the reporting dashboard
1893	Customer 1893	Asia Pacific	Running	2026-09-17	2026-10-17	273.16	EUR	Sam	customer1893@example.test	SELECT * FROM results WHERE id = 1893	Review batch 1893	/reports/2026/customer-1893/result.tsv	sql\tpriority	3	Routine result 1893 for the reporting dashboard
1894	Customer 1894	South America	Complete	2026-09-18	2026-10-18	274.89	EUR	Éva	customer1894@example.test	SELECT * FROM results WHERE id = 1894	Review batch 1894	/reports/2026/customer-1894/result.tsv	sql,report	4	Routine result 1894 for the reporting dashboard
1895	Customer 1895	Africa	Failed	2026-09-19	2026-10-19	276.62	EUR	Noor	customer1895@example.test	SELECT * FROM results WHERE id = 1895	Review batch 1895	/reports/2026/customer-1895/result.tsv	sql,report	5	Routine result 1895 for the reporting dashboard
1896	Customer 1896	Europe	New	2026-09-20	2026-10-20	278.35	EUR	Kai	customer1896@example.test	SELECT * FROM results WHERE id = 1896	Review batch 1896	/reports/2026/customer-1896/result.tsv	sql,report	1	Routine result 1896 for the reporting dashboard
1897	Customer 1897	North America	Queued	2026-09-21	2026-10-21	280.08	EUR	Ada	customer1897@example.test	SELECT * FROM results WHERE id = 1897	Review batch 1897	/reports/2026/customer-1897/result.tsv	sql,report	2	Routine result 1897 for the reporting dashboard
1898	Customer 1898	Asia Pacific	Running	2026-09-22	2026-10-22	281.81	EUR	Lin	customer1898@example.test	SELECT * FROM results WHERE id = 1898	Review batch 1898	/reports/2026/customer-1898/result.tsv	sql,report	3	Routine result 1898 for the reporting dashboard
1899	Customer 1899	South America	Complete	2026-09-23	2026-10-23	283.54	EUR	Sam	customer1899@example.test	SELECT * FROM results WHERE id = 1899	Review batch 1899	/reports/2026/customer-1899/result.tsv	sql,report	4	Routine result 1899 for the reporting dashboard
1900	Customer 1900	Africa	Failed	2026-09-24	2026-10-24	285.27	EUR	Éva	customer1900@example.test	SELECT * FROM results WHERE id = 1900	Review batch 1900	/reports/2026/customer-1900/result.tsv	sql,report	5	Routine result 1900 for the reporting dashboard
1901	Customer 1901	Europe	New	2026-09-25	2026-10-25	287.00	EUR	Noor	customer1901@example.test	SELECT * FROM results WHERE id = 1901	Review batch 1901	/reports/2026/customer-1901/result.tsv	sql,report	1	Routine result 1901 for the reporting dashboard
1902	Customer 1902	North America	Queued	2026-09-26	2026-10-26	288.73	EUR	Kai	customer1902@example.test	SELECT * FROM results WHERE id = 1902	Review batch 1902	/reports/2026/customer-1902/result.tsv	sql,report	2	Routine result 1902 for the reporting dashboard
1903	Customer 1903	Asia Pacific	Running	2026-09-27	2026-10-27	290.46	EUR	Ada	customer1903@example.test	SELECT * FROM results WHERE id = 1903	Review batch 1903	/reports/2026/customer-1903/result.tsv	sql,report	3	Routine result 1903 for the reporting dashboard
1904	Customer 1904	South America	Complete	2026-09-28	2026-10-28	292.19	EUR	Lin	customer1904@example.test	SELECT * FROM results WHERE id = 1904	Review batch 1904	/reports/2026/customer-1904/result.tsv	sql\tpriority	4	Routine result 1904 for the reporting dashboard
1905	Customer 1905	Africa	Failed	2026-09-01	2026-10-01	293.92	EUR	Sam	customer1905@example.test	SELECT * FROM results WHERE id = 1905	Review batch 1905	/reports/2026/customer-1905/result.tsv	sql,report	5	Routine result 1905 for the reporting dashboard
1906	Customer 1906	Europe	New	2026-09-02	2026-10-02	295.65	EUR	Éva	customer1906@example.test	SELECT * FROM results WHERE id = 1906	Review batch 1906	/reports/2026/customer-1906/result.tsv	sql,report	1	Routine result 1906 for the reporting dashboard
1907	Customer 1907	North America	Queued	2026-09-03	2026-10-03	297.38	EUR	Noor	customer1907@example.test	SELECT * FROM results WHERE id = 1907	Review batch 1907	/reports/2026/customer-1907/result.tsv	sql,report	2	Routine result 1907 for the reporting dashboard
1908	Customer 1908	Asia Pacific	Running	2026-09-04	2026-10-04	299.11	EUR	Kai	customer1908@example.test	SELECT * FROM results WHERE id = 1908	Review batch 1908	/reports/2026/customer-1908/result.tsv	sql,report	3	Routine result 1908 for the reporting dashboard
1909	Customer 1909	South America	Complete	2026-09-05	2026-10-05	300.84	EUR	Ada	customer1909@example.test	SELECT * FROM results WHERE id = 1909	Review batch 1909	/reports/2026/customer-1909/result.tsv	sql,report	4	Routine result 1909 for the reporting dashboard
1910	Customer 1910	Africa	Failed	2026-09-06	2026-10-06	302.57	EUR	Lin	customer1910@example.test	SELECT * FROM results WHERE id = 1910	Review batch 1910	/reports/2026/customer-1910/result.tsv	sql,report	5	Routine result 1910 for the reporting dashboard
1911	Customer 1911	Europe	New	2026-09-07	2026-10-07	304.30	EUR	Sam	customer1911@example.test	SELECT * FROM results WHERE id = 1911	Review batch 1911	/reports/2026/customer-1911/result.tsv	sql,report	1	Routine result 1911 for the reporting dashboard
1912	Customer 1912	North America	Queued	2026-09-08	2026-10-08	306.03	EUR	Éva	customer1912@example.test	SELECT * FROM results WHERE id = 1912	Review batch 1912	/reports/2026/customer-1912/result.tsv	sql,report	2	Routine result 1912 for the reporting dashboard
1913	Customer 1913	Asia Pacific	Running	2026-09-09	2026-10-09	307.76	EUR	Noor	customer1913@example.test	SELECT * FROM results WHERE id = 1913	Review batch 1913	/reports/2026/customer-1913/result.tsv	sql,report	3	Routine result 1913 for the reporting dashboard
1914	Customer 1914	South America	Complete	2026-09-10	2026-10-10	309.49	EUR	Kai	customer1914@example.test	SELECT * FROM results WHERE id = 1914	Review batch 1914	/reports/2026/customer-1914/result.tsv	sql,report	4	Routine result 1914 for the reporting dashboard
1915	Customer 1915	Africa	Failed	2026-09-11	2026-10-11	311.22	EUR	Ada	customer1915@example.test	SELECT * FROM results WHERE id = 1915	Review batch 1915	/reports/2026/customer-1915/result.tsv	sql\tpriority	5	Routine result 1915 for the reporting dashboard
1916	Customer 1916	Europe	New	2026-09-12	2026-10-12	312.95	EUR	Lin	customer1916@example.test	SELECT * FROM results WHERE id = 1916	Review batch 1916	/reports/2026/customer-1916/result.tsv	sql,report	1	Routine result 1916 for the reporting dashboard
1917	Customer 1917	North America	Queued	2026-09-13	2026-10-13	314.68	EUR	Sam	customer1917@example.test	SELECT * FROM results WHERE id = 1917	Review batch 1917	/reports/2026/customer-1917/result.tsv	sql,report	2	Routine result 1917 for the reporting dashboard
1918	Customer 1918	Asia Pacific	Running	2026-09-14	2026-10-14	316.41	EUR	Éva	customer1918@example.test	SELECT * FROM results WHERE id = 1918	Review batch 1918	/reports/2026/customer-1918/result.tsv	sql,report	3	Routine result 1918 for the reporting dashboard
1919	Customer 1919	South America	Complete	2026-09-15	2026-10-15	318.14	EUR	Noor	customer1919@example.test	SELECT * FROM results WHERE id = 1919	Review batch 1919	/reports/2026/customer-1919/result.tsv	sql,report	4	Routine result 1919 for the reporting dashboard
1920	Customer 1920	Africa	Failed	2026-09-16	2026-10-16	319.87	EUR	Kai	customer1920@example.test	SELECT * FROM results WHERE id = 1920	Review batch 1920	/reports/2026/customer-1920/result.tsv	sql,report	5	Routine result 1920 for the reporting dashboard
1921	Customer 1921	Europe	New	2026-09-17	2026-10-17	321.60	EUR	Ada	customer1921@example.test	SELECT * FROM results WHERE id = 1921	Review batch 1921	/reports/2026/customer-1921/result.tsv	sql,report	1	Routine result 1921 for the reporting dashboard
1922	Customer 1922	North America	Queued	2026-09-18	2026-10-18	323.33	EUR	Lin	customer1922@example.test	SELECT customer_id, SUM(amount) FROM invoice_items WHERE customer_id = 1922 GROUP BY customer_id ORDER BY SUM(amount) DESC	Review batch 1922	/reports/2026/customer-1922/result.tsv	sql,report	2	Routine result 1922 for the reporting dashboard
1923	Customer 1923	Asia Pacific	Running	2026-09-19	2026-10-19	325.06	EUR	Sam	customer1923@example.test	SELECT * FROM results WHERE id = 1923	Review batch 1923	/reports/2026/customer-1923/result.tsv	sql,report	3	Routine result 1923 for the reporting dashboard
1924	Customer 1924	South America	Complete	2026-09-20	2026-10-20	326.79	EUR	Éva	customer1924@example.test	SELECT * FROM results WHERE id = 1924	Review batch 1924	/reports/2026/customer-1924/result.tsv	sql,report	4	Routine result 1924 for the reporting dashboard
1925	Customer 1925	Africa	Failed	2026-09-21	2026-10-21	328.52	EUR	Noor	customer1925@example.test	SELECT * FROM results WHERE id = 1925	First line for record 1925\nSecond line with a tab\tand more detail	/reports/2026/customer-1925/result.tsv	sql,report	5	Routine result 1925 for the reporting dashboard
1926	Customer 1926	Europe	New	2026-09-22	2026-10-22	330.25	EUR	Kai	customer1926@example.test	SELECT * FROM results WHERE id = 1926	Review batch 1926	/reports/2026/customer-1926/result.tsv	sql\tpriority	1	Routine result 1926 for the reporting dashboard
1927	Customer 1927	North America	Queued	2026-09-23	2026-10-23	331.98	EUR	Ada	customer1927@example.test	SELECT * FROM results WHERE id = 1927	Review batch 1927	/reports/2026/customer-1927/result.tsv	sql,report	2	Routine result 1927 for the reporting dashboard
1928	Customer 1928	Asia Pacific	Running	2026-09-24	2026-10-24	333.71	EUR	Lin	customer1928@example.test	SELECT * FROM results WHERE id = 1928	Review batch 1928	/reports/2026/customer-1928/result.tsv	sql,report	\N	Routine result 1928 for the reporting dashboard
1929	Customer 1929	South America	Complete	2026-09-25	2026-10-25	335.44	EUR	Sam	customer1929@example.test	SELECT * FROM results WHERE id = 1929	Review batch 1929	/reports/2026/customer-1929/result.tsv	sql,report	4	Routine result 1929 for the reporting dashboard
1930	Customer 1930	Africa	Failed	2026-09-26	2026-10-26	337.17	EUR	Éva	customer1930@example.test	SELECT * FROM results WHERE id = 1930	Review batch 1930	/reports/2026/customer-1930/result.tsv	sql,report	5	Routine result 1930 for the reporting dashboard
1931	Customer 1931	Europe	New	2026-09-27	2026-10-27	338.90	EUR	Noor	customer1931@example.test	SELECT * FROM results WHERE id = 1931	Review batch 1931	/reports/2026/customer-1931/result.tsv	sql,report	1	Routine result 1931 for the reporting dashboard
1932	Customer 1932	North America	Queued	2026-09-28	2026-10-28	340.63	EUR	Kai	customer1932@example.test	SELECT * FROM results WHERE id = 1932	Review batch 1932	/reports/2026/customer-1932/result.tsv	sql,report	2	Routine result 1932 for the reporting dashboard
1933	Customer 1933	Asia Pacific	Running	2026-09-01	2026-10-01	342.36	EUR	Ada	customer1933@example.test	SELECT * FROM results WHERE id = 1933	Review batch 1933	/reports/2026/customer-1933/result.tsv	sql,report	3	Routine result 1933 for the reporting dashboard
1934	Customer 1934	South America	Complete	2026-09-02	2026-10-02	344.09	EUR	Lin	customer1934@example.test	SELECT * FROM results WHERE id = 1934	Review batch 1934	/reports/2026/customer-1934/result.tsv	sql,report	4	Routine result 1934 for the reporting dashboard
1935	Customer 1935	Africa	Failed	2026-09-03	2026-10-03	345.82	EUR	Sam	customer1935@example.test	SELECT * FROM results WHERE id = 1935	Review batch 1935	/reports/2026/customer-1935/result.tsv	sql,report	5	Routine result 1935 for the reporting dashboard
1936	Customer 1936	Europe	New	2026-09-04	2026-10-04	347.55	EUR	Éva	customer1936@example.test	SELECT * FROM results WHERE id = 1936	Review batch 1936	/reports/2026/customer-1936/result.tsv	sql,report	1	Routine result 1936 for the reporting dashboard
1937	Customer 1937	North America	Queued	2026-09-05	2026-10-05	349.28	EUR	Noor	customer1937@example.test	SELECT * FROM results WHERE id = 1937	Review batch 1937	/reports/2026/customer-1937/result.tsv	sql\tpriority	2	Routine result 1937 for the reporting dashboard
1938	Customer 1938	Asia Pacific	Running	2026-09-06	2026-10-06	351.01	EUR	Kai	customer1938@example.test	SELECT * FROM results WHERE id = 1938	Review batch 1938	/reports/2026/customer-1938/result.tsv	sql,report	3	Routine result 1938 for the reporting dashboard
1939	Customer 1939	South America	Complete	2026-09-07	2026-10-07	352.74	EUR	Ada	customer1939@example.test	SELECT * FROM results WHERE id = 1939	Review batch 1939	/reports/2026/customer-1939/result.tsv	sql,report	4	Routine result 1939 for the reporting dashboard
1940	Customer 1940	Africa	Failed	2026-09-08	2026-10-08	354.47	EUR	Lin	customer1940@example.test	SELECT * FROM results WHERE id = 1940	Review batch 1940	/reports/2026/customer-1940/result.tsv	sql,report	5	Routine result 1940 for the reporting dashboard
1941	Customer 1941	Europe	New	2026-09-09	2026-10-09	356.20	EUR	Sam	customer1941@example.test	SELECT * FROM results WHERE id = 1941	Review batch 1941	/reports/2026/customer-1941/result.tsv	sql,report	1	A deliberately long description for record 1941: this value crosses the normal column width and tests horizontal scrolling and field truncation in the table widget.
1942	Customer 1942	North America	Queued	2026-09-10	2026-10-10	357.93	EUR	Éva	customer1942@example.test	SELECT * FROM results WHERE id = 1942	Review batch 1942	/reports/2026/customer-1942/result.tsv	sql,report	2	Routine result 1942 for the reporting dashboard
1943	Customer 1943	Asia Pacific	Running	2026-09-11	2026-10-11	359.66	EUR	Noor	customer1943@example.test	SELECT * FROM results WHERE id = 1943	Review batch 1943	/reports/2026/customer-1943/result.tsv	sql,report	3	Routine result 1943 for the reporting dashboard
1944	Customer 1944	South America	Complete	2026-09-12	2026-10-12	361.39	EUR	Kai	customer1944@example.test	SELECT * FROM results WHERE id = 1944	Review batch 1944	/reports/2026/customer-1944/result.tsv	sql,report	4	Routine result 1944 for the reporting dashboard
1945	Customer 1945	Africa	Failed	2026-09-13	2026-10-13	363.12	EUR	Ada	customer1945@example.test	SELECT * FROM results WHERE id = 1945	Review batch 1945	/reports/2026/customer-1945/result.tsv	sql,report	5	Routine result 1945 for the reporting dashboard
1946	Customer 1946	Europe	New	2026-09-14	2026-10-14	364.85	EUR	Lin	customer1946@example.test	SELECT * FROM results WHERE id = 1946	Review batch 1946	/reports/2026/customer-1946/result.tsv	sql,report	1	Routine result 1946 for the reporting dashboard
1947	Customer 1947	North America	Queued	2026-09-15	2026-10-15	366.58	EUR	Sam	customer1947@example.test	SELECT * FROM results WHERE id = 1947	Review batch 1947	/reports/2026/customer-1947/result.tsv	sql,report	2	Routine result 1947 for the reporting dashboard
1948	Customer 1948	Asia Pacific	Running	2026-09-16	2026-10-16	368.31	EUR	Éva	customer1948@example.test	SELECT * FROM results WHERE id = 1948	Review batch 1948	/reports/2026/customer-1948/result.tsv	sql\tpriority	3	Routine result 1948 for the reporting dashboard
1949	Customer 1949	South America	Complete	2026-09-17	2026-10-17	370.04	EUR	Noor	customer1949@example.test	SELECT * FROM results WHERE id = 1949	Review batch 1949	/reports/2026/customer-1949/result.tsv	sql,report	4	Routine result 1949 for the reporting dashboard
1950	Customer 1950	Africa	Failed	2026-09-18	2026-10-18	371.77	EUR	Kai	customer1950@example.test	SELECT * FROM results WHERE id = 1950	Review batch 1950	/reports/2026/customer-1950/result.tsv	sql,report	5	Routine result 1950 for the reporting dashboard
1951	Customer 1951	Europe	New	2026-09-19	2026-10-19	373.50	EUR	Ada	customer1951@example.test	SELECT * FROM results WHERE id = 1951	Review batch 1951	/reports/2026/customer-1951/result.tsv	sql,report	1	Routine result 1951 for the reporting dashboard
1952	Customer 1952	North America	Queued	2026-09-20	2026-10-20	375.23	EUR	Lin	customer1952@example.test	SELECT * FROM results WHERE id = 1952	Review batch 1952	/reports/2026/customer-1952/result.tsv	sql,report	2	Routine result 1952 for the reporting dashboard
1953	Customer 1953	Asia Pacific	Running	2026-09-21	2026-10-21	376.96	EUR	Sam	customer1953@example.test	SELECT * FROM results WHERE id = 1953	Review batch 1953	/reports/2026/customer-1953/result.tsv	sql,report	3	Routine result 1953 for the reporting dashboard
1954	Customer 1954	South America	Complete	2026-09-22	2026-10-22	378.69	EUR	Éva	customer1954@example.test	SELECT * FROM results WHERE id = 1954	Review batch 1954	/reports/2026/customer-1954/result.tsv	sql,report	4	Routine result 1954 for the reporting dashboard
1955	Customer 1955	Africa	Failed	2026-09-23	2026-10-23	380.42	EUR	Noor	customer1955@example.test	SELECT * FROM results WHERE id = 1955	Review batch 1955	/reports/2026/customer-1955/result.tsv	sql,report	5	Routine result 1955 for the reporting dashboard
1956	Customer 1956	Europe	New	2026-09-24	2026-10-24	382.15	EUR	Kai	customer1956@example.test	SELECT * FROM results WHERE id = 1956	Review batch 1956	/reports/2026/customer-1956/result.tsv	sql,report	1	Routine result 1956 for the reporting dashboard
1957	Customer 1957	North America	Queued	2026-09-25	2026-10-25	383.88	EUR	Ada	customer1957@example.test	SELECT * FROM results WHERE id = 1957	Review batch 1957	/reports/2026/customer-1957/result.tsv	sql,report	2	Routine result 1957 for the reporting dashboard
1958	Customer 1958	Asia Pacific	Running	2026-09-26	2026-10-26	385.61	EUR	Lin	customer1958@example.test	SELECT * FROM results WHERE id = 1958	Review batch 1958	/reports/2026/customer-1958/result.tsv	sql,report	3	Routine result 1958 for the reporting dashboard
1959	Customer 1959	South America	Complete	2026-09-27	2026-10-27	387.34	EUR	Sam	customer1959@example.test	SELECT * FROM results WHERE id = 1959	Review batch 1959	/reports/2026/customer-1959/result.tsv	sql\tpriority	4	Routine result 1959 for the reporting dashboard
1960	Customer 1960	Africa	Failed	2026-09-28	2026-10-28	389.07	EUR	Éva	customer1960@example.test	SELECT * FROM results WHERE id = 1960	Review batch 1960	/reports/2026/customer-1960/result.tsv	sql,report	5	Routine result 1960 for the reporting dashboard
1961	Customer 1961	Europe	New	2026-09-01	2026-10-01	390.80	EUR	Noor	customer1961@example.test	SELECT * FROM results WHERE id = 1961	Review batch 1961	/reports/2026/customer-1961/result.tsv	sql,report	1	Routine result 1961 for the reporting dashboard
1962	Customer 1962	North America	Queued	2026-09-02	2026-10-02	392.53	EUR	Kai	customer1962@example.test	SELECT * FROM results WHERE id = 1962	First line for record 1962\nSecond line with a tab\tand more detail	/reports/2026/customer-1962/result.tsv	sql,report	2	Routine result 1962 for the reporting dashboard
1963	Customer 1963	Asia Pacific	Running	2026-09-03	2026-10-03	394.26	EUR	Ada	customer1963@example.test	SELECT * FROM results WHERE id = 1963	Review batch 1963	/reports/2026/customer-1963/result.tsv	sql,report	3	Routine result 1963 for the reporting dashboard
1964	Customer 1964	South America	Complete	2026-09-04	2026-10-04	395.99	EUR	Lin	customer1964@example.test	SELECT * FROM results WHERE id = 1964	Review batch 1964	/reports/2026/customer-1964/result.tsv	sql,report	4	Routine result 1964 for the reporting dashboard
1965	Customer 1965	Africa	Failed	2026-09-05	2026-10-05	397.72	EUR	Sam	customer1965@example.test	SELECT * FROM results WHERE id = 1965	Review batch 1965	/reports/2026/customer-1965/result.tsv	sql,report	5	Routine result 1965 for the reporting dashboard
1966	Customer 1966	Europe	New	2026-09-06	2026-10-06	399.45	EUR	Éva	customer1966@example.test	SELECT * FROM results WHERE id = 1966	Review batch 1966	/reports/2026/customer-1966/result.tsv	sql,report	1	Routine result 1966 for the reporting dashboard
1967	Customer 1967	North America	Queued	2026-09-07	2026-10-07	401.18	EUR	Noor	customer1967@example.test	SELECT * FROM results WHERE id = 1967	Review batch 1967	/reports/2026/customer-1967/result.tsv	sql,report	2	Routine result 1967 for the reporting dashboard
1968	Customer 1968	Asia Pacific	Running	2026-09-08	2026-10-08	402.91	EUR	Kai	customer1968@example.test	SELECT * FROM results WHERE id = 1968	Review batch 1968	/reports/2026/customer-1968/result.tsv	sql,report	3	Routine result 1968 for the reporting dashboard
1969	Customer 1969	South America	Complete	2026-09-09	2026-10-09	404.64	EUR	Ada	customer1969@example.test	SELECT * FROM results WHERE id = 1969	Review batch 1969	/reports/2026/customer-1969/result.tsv	sql,report	\N	Routine result 1969 for the reporting dashboard
1970	Customer 1970	Africa	Failed	2026-09-10	2026-10-10	406.37	EUR	Lin	customer1970@example.test	SELECT * FROM results WHERE id = 1970	Review batch 1970	/reports/2026/customer-1970/result.tsv	sql\tpriority	5	Routine result 1970 for the reporting dashboard
1971	Customer 1971	Europe	New	2026-09-11	2026-10-11	408.10	EUR	Sam	customer1971@example.test	SELECT * FROM results WHERE id = 1971	Review batch 1971	/reports/2026/customer-1971/result.tsv	sql,report	1	Routine result 1971 for the reporting dashboard
1972	Customer 1972	North America	Queued	2026-09-12	2026-10-12	409.83	EUR	Éva	customer1972@example.test	SELECT * FROM results WHERE id = 1972	Review batch 1972	/reports/2026/customer-1972/result.tsv	sql,report	2	Routine result 1972 for the reporting dashboard
1973	Customer 1973	Asia Pacific	Running	2026-09-13	2026-10-13	411.56	EUR	Noor	customer1973@example.test	SELECT * FROM results WHERE id = 1973	Review batch 1973	/reports/2026/customer-1973/result.tsv	sql,report	3	Routine result 1973 for the reporting dashboard
1974	Customer 1974	South America	Complete	2026-09-14	2026-10-14	413.29	EUR	Kai	customer1974@example.test	SELECT * FROM results WHERE id = 1974	Review batch 1974	/reports/2026/customer-1974/result.tsv	sql,report	4	Routine result 1974 for the reporting dashboard
1975	Customer 1975	Africa	Failed	2026-09-15	2026-10-15	415.02	EUR	Ada	customer1975@example.test	SELECT * FROM results WHERE id = 1975	Review batch 1975	/reports/2026/customer-1975/result.tsv	sql,report	5	Routine result 1975 for the reporting dashboard
1976	Customer 1976	Europe	New	2026-09-16	2026-10-16	416.75	EUR	Lin	customer1976@example.test	SELECT * FROM results WHERE id = 1976	Review batch 1976	/reports/2026/customer-1976/result.tsv	sql,report	1	Routine result 1976 for the reporting dashboard
1977	Customer 1977	North America	Queued	2026-09-17	2026-10-17	418.48	EUR	Sam	customer1977@example.test	SELECT * FROM results WHERE id = 1977	Review batch 1977	/reports/2026/customer-1977/result.tsv	sql,report	2	Routine result 1977 for the reporting dashboard
1978	Customer 1978	Asia Pacific	Running	2026-09-18	2026-10-18	420.21	EUR	Éva	customer1978@example.test	SELECT * FROM results WHERE id = 1978	Review batch 1978	/reports/2026/customer-1978/result.tsv	sql,report	3	Routine result 1978 for the reporting dashboard
1979	Customer 1979	South America	Complete	2026-09-19	2026-10-19	421.94	EUR	Noor	customer1979@example.test	SELECT * FROM results WHERE id = 1979	Review batch 1979	/reports/2026/customer-1979/result.tsv	sql,report	4	Routine result 1979 for the reporting dashboard
1980	Customer 1980	Africa	Failed	2026-09-20	2026-10-20	423.67	EUR	Kai	customer1980@example.test	SELECT * FROM results WHERE id = 1980	Review batch 1980	/reports/2026/customer-1980/result.tsv	sql,report	5	Routine result 1980 for the reporting dashboard
1981	Customer 1981	Europe	New	2026-09-21	2026-10-21	425.40	EUR	Ada	customer1981@example.test	SELECT * FROM results WHERE id = 1981	Review batch 1981	/reports/2026/customer-1981/result.tsv	sql\tpriority	1	Routine result 1981 for the reporting dashboard
1982	Customer 1982	North America	Queued	2026-09-22	2026-10-22	427.13	EUR	Lin	customer1982@example.test	SELECT * FROM results WHERE id = 1982	Review batch 1982	/reports/2026/customer-1982/result.tsv	sql,report	2	Routine result 1982 for the reporting dashboard
1983	Customer 1983	Asia Pacific	Running	2026-09-23	2026-10-23	428.86	EUR	Sam	customer1983@example.test	SELECT * FROM results WHERE id = 1983	Review batch 1983	/reports/2026/customer-1983/result.tsv	sql,report	3	Routine result 1983 for the reporting dashboard
1984	Customer 1984	South America	Complete	2026-09-24	2026-10-24	430.59	EUR	Éva	customer1984@example.test	SELECT * FROM results WHERE id = 1984	Review batch 1984	/reports/2026/customer-1984/result.tsv	sql,report	4	Routine result 1984 for the reporting dashboard
1985	Customer 1985	Africa	Failed	2026-09-25	2026-10-25	432.32	EUR	Noor	customer1985@example.test	SELECT * FROM results WHERE id = 1985	Review batch 1985	/reports/2026/customer-1985/result.tsv	sql,report	5	Routine result 1985 for the reporting dashboard
1986	Customer 1986	Europe	New	2026-09-26	2026-10-26	434.05	EUR	Kai	customer1986@example.test	SELECT * FROM results WHERE id = 1986	Review batch 1986	/reports/2026/customer-1986/result.tsv	sql,report	1	Routine result 1986 for the reporting dashboard
1987	Customer 1987	North America	Queued	2026-09-27	2026-10-27	435.78	EUR	Ada	customer1987@example.test	SELECT * FROM results WHERE id = 1987	Review batch 1987	/reports/2026/customer-1987/result.tsv	sql,report	2	Routine result 1987 for the reporting dashboard
1988	Customer 1988	Asia Pacific	Running	2026-09-28	2026-10-28	437.51	EUR	Lin	customer1988@example.test	SELECT * FROM results WHERE id = 1988	Review batch 1988	/reports/2026/customer-1988/result.tsv	sql,report	3	Routine result 1988 for the reporting dashboard
1989	Customer 1989	South America	Complete	2026-09-01	2026-10-01	439.24	EUR	Sam	customer1989@example.test	SELECT * FROM results WHERE id = 1989	Review batch 1989	/reports/2026/customer-1989/result.tsv	sql,report	4	Routine result 1989 for the reporting dashboard
1990	Customer 1990	Africa	Failed	2026-09-02	2026-10-02	440.97	EUR	Éva	customer1990@example.test	SELECT * FROM results WHERE id = 1990	Review batch 1990	/reports/2026/customer-1990/result.tsv	sql,report	5	Routine result 1990 for the reporting dashboard
1991	Customer 1991	Europe	New	2026-09-03	2026-10-03	442.70	EUR	Noor	customer1991@example.test	SELECT * FROM results WHERE id = 1991	Review batch 1991	/reports/2026/customer-1991/result.tsv	sql,report	1	Routine result 1991 for the reporting dashboard
1992	Customer 1992	North America	Queued	2026-09-04	2026-10-04	444.43	EUR	Kai	customer1992@example.test	SELECT * FROM results WHERE id = 1992	Review batch 1992	/reports/2026/customer-1992/result.tsv	sql\tpriority	2	Routine result 1992 for the reporting dashboard
1993	Customer 1993	Asia Pacific	Running	2026-09-05	2026-10-05	446.16	EUR	Ada	customer1993@example.test	SELECT * FROM results WHERE id = 1993	Review batch 1993	/reports/2026/customer-1993/result.tsv	sql,report	3	Routine result 1993 for the reporting dashboard
1994	Customer 1994	South America	Complete	2026-09-06	2026-10-06	447.89	EUR	Lin	customer1994@example.test	SELECT * FROM results WHERE id = 1994	Review batch 1994	/reports/2026/customer-1994/result.tsv	sql,report	4	Routine result 1994 for the reporting dashboard
1995	Customer 1995	Africa	Failed	2026-09-07	2026-10-07	449.62	EUR	Sam	customer1995@example.test	SELECT * FROM results WHERE id = 1995	Review batch 1995	/reports/2026/customer-1995/result.tsv	sql,report	5	Routine result 1995 for the reporting dashboard
1996	Customer 1996	Europe	New	2026-09-08	2026-10-08	451.35	EUR	Éva	customer1996@example.test	SELECT * FROM results WHERE id = 1996	Review batch 1996	/reports/2026/customer-1996/result.tsv	sql,report	1	Routine result 1996 for the reporting dashboard
1997	Customer 1997	North America	Queued	2026-09-09	2026-10-09	453.08	EUR	Noor	customer1997@example.test	SELECT * FROM results WHERE id = 1997	Review batch 1997	/reports/2026/customer-1997/result.tsv	sql,report	2	Routine result 1997 for the reporting dashboard
1998	Customer 1998	Asia Pacific	Running	2026-09-10	2026-10-10	454.81	EUR	Kai	customer1998@example.test	SELECT * FROM results WHERE id = 1998	Review batch 1998	/reports/2026/customer-1998/result.tsv	sql,report	3	Routine result 1998 for the reporting dashboard
1999	Customer 1999	South America	Complete	2026-09-11	2026-10-11	456.54	EUR	Ada	customer1999@example.test	SELECT * FROM results WHERE id = 1999	First line for record 1999\nSecond line with a tab\tand more detail	/reports/2026/customer-1999/result.tsv	sql,report	4	Routine result 1999 for the reporting dashboard
2000	Customer 2000	Africa	Failed	2026-09-12	2026-10-12	458.27	EUR	Lin	customer2000@example.test	SELECT * FROM results WHERE id = 2000	Review batch 2000	/reports/2026/customer-2000/result.tsv	sql,report	5	Routine result 2000 for the reporting dashboard
2001	Customer 2001	Europe	New	2026-09-13	2026-10-13	460.00	EUR	Sam	customer2001@example.test	SELECT * FROM results WHERE id = 2001	Review batch 2001	/reports/2026/customer-2001/result.tsv	sql,report	1	Routine result 2001 for the reporting dashboard
2002	Customer 2002	North America	Queued	2026-09-14	2026-10-14	461.73	EUR	Éva	customer2002@example.test	SELECT * FROM results WHERE id = 2002	Review batch 2002	/reports/2026/customer-2002/result.tsv	sql,report	2	Routine result 2002 for the reporting dashboard
2003	Customer 2003	Asia Pacific	Running	2026-09-15	2026-10-15	463.46	EUR	Noor	customer2003@example.test	SELECT * FROM results WHERE id = 2003	Review batch 2003	/reports/2026/customer-2003/result.tsv	sql\tpriority	3	Routine result 2003 for the reporting dashboard
2004	Customer 2004	South America	Complete	2026-09-16	2026-10-16	465.19	EUR	Kai	customer2004@example.test	SELECT * FROM results WHERE id = 2004	Review batch 2004	/reports/2026/customer-2004/result.tsv	sql,report	4	Routine result 2004 for the reporting dashboard
2005	Customer 2005	Africa	Failed	2026-09-17	2026-10-17	466.92	EUR	Ada	customer2005@example.test	SELECT * FROM results WHERE id = 2005	Review batch 2005	/reports/2026/customer-2005/result.tsv	sql,report	5	Routine result 2005 for the reporting dashboard
2006	Customer 2006	Europe	New	2026-09-18	2026-10-18	468.65	EUR	Lin	customer2006@example.test	SELECT * FROM results WHERE id = 2006	Review batch 2006	/reports/2026/customer-2006/result.tsv	sql,report	1	Routine result 2006 for the reporting dashboard
2007	Customer 2007	North America	Queued	2026-09-19	2026-10-19	470.38	EUR	Sam	customer2007@example.test	SELECT * FROM results WHERE id = 2007	Review batch 2007	/reports/2026/customer-2007/result.tsv	sql,report	2	Routine result 2007 for the reporting dashboard
2008	Customer 2008	Asia Pacific	Running	2026-09-20	2026-10-20	472.11	EUR	Éva	customer2008@example.test	SELECT * FROM results WHERE id = 2008	Review batch 2008	/reports/2026/customer-2008/result.tsv	sql,report	3	Routine result 2008 for the reporting dashboard
2009	Customer 2009	South America	Complete	2026-09-21	2026-10-21	473.84	EUR	Noor	customer2009@example.test	SELECT * FROM results WHERE id = 2009	Review batch 2009	/reports/2026/customer-2009/result.tsv	sql,report	4	Routine result 2009 for the reporting dashboard
2010	Customer 2010	Africa	Failed	2026-09-22	2026-10-22	475.57	EUR	Kai	customer2010@example.test	SELECT * FROM results WHERE id = 2010	Review batch 2010	/reports/2026/customer-2010/result.tsv	sql,report	\N	Routine result 2010 for the reporting dashboard
2011	Customer 2011	Europe	New	2026-09-23	2026-10-23	477.30	EUR	Ada	customer2011@example.test	SELECT * FROM results WHERE id = 2011	Review batch 2011	/reports/2026/customer-2011/result.tsv	sql,report	1	Routine result 2011 for the reporting dashboard
2012	Customer 2012	North America	Queued	2026-09-24	2026-10-24	479.03	EUR	Lin	customer2012@example.test	SELECT * FROM results WHERE id = 2012	Review batch 2012	/reports/2026/customer-2012/result.tsv	sql,report	2	Routine result 2012 for the reporting dashboard
2013	Customer 2013	Asia Pacific	Running	2026-09-25	2026-10-25	480.76	EUR	Sam	customer2013@example.test	SELECT * FROM results WHERE id = 2013	Review batch 2013	/reports/2026/customer-2013/result.tsv	sql,report	3	Routine result 2013 for the reporting dashboard
2014	Customer 2014	South America	Complete	2026-09-26	2026-10-26	482.49	EUR	Éva	customer2014@example.test	SELECT * FROM results WHERE id = 2014	Review batch 2014	/reports/2026/customer-2014/result.tsv	sql\tpriority	4	Routine result 2014 for the reporting dashboard
2015	Customer 2015	Africa	Failed	2026-09-27	2026-10-27	484.22	EUR	Noor	customer2015@example.test	SELECT * FROM results WHERE id = 2015	Review batch 2015	/reports/2026/customer-2015/result.tsv	sql,report	5	Routine result 2015 for the reporting dashboard
2016	Customer 2016	Europe	New	2026-09-28	2026-10-28	485.95	EUR	Kai	customer2016@example.test	SELECT * FROM results WHERE id = 2016	Review batch 2016	/reports/2026/customer-2016/result.tsv	sql,report	1	Routine result 2016 for the reporting dashboard
2017	Customer 2017	North America	Queued	2026-09-01	2026-10-01	487.68	EUR	Ada	customer2017@example.test	SELECT * FROM results WHERE id = 2017	Review batch 2017	/reports/2026/customer-2017/result.tsv	sql,report	2	Routine result 2017 for the reporting dashboard
2018	Customer 2018	Asia Pacific	Running	2026-09-02	2026-10-02	489.41	EUR	Lin	customer2018@example.test	SELECT * FROM results WHERE id = 2018	Review batch 2018	/reports/2026/customer-2018/result.tsv	sql,report	3	Routine result 2018 for the reporting dashboard
2019	Customer 2019	South America	Complete	2026-09-03	2026-10-03	491.14	EUR	Sam	customer2019@example.test	SELECT * FROM results WHERE id = 2019	Review batch 2019	/reports/2026/customer-2019/result.tsv	sql,report	4	Routine result 2019 for the reporting dashboard
2020	Customer 2020	Africa	Failed	2026-09-04	2026-10-04	492.87	EUR	Éva	customer2020@example.test	SELECT * FROM results WHERE id = 2020	Review batch 2020	/reports/2026/customer-2020/result.tsv	sql,report	5	Routine result 2020 for the reporting dashboard
2021	Customer 2021	Europe	New	2026-09-05	2026-10-05	494.60	EUR	Noor	customer2021@example.test	SELECT * FROM results WHERE id = 2021	Review batch 2021	/reports/2026/customer-2021/result.tsv	sql,report	1	Routine result 2021 for the reporting dashboard
2022	Customer 2022	North America	Queued	2026-09-06	2026-10-06	496.33	EUR	Kai	customer2022@example.test	SELECT * FROM results WHERE id = 2022	Review batch 2022	/reports/2026/customer-2022/result.tsv	sql,report	2	Routine result 2022 for the reporting dashboard
2023	Customer 2023	Asia Pacific	Running	2026-09-07	2026-10-07	498.06	EUR	Ada	customer2023@example.test	SELECT * FROM results WHERE id = 2023	Review batch 2023	/reports/2026/customer-2023/result.tsv	sql,report	3	Routine result 2023 for the reporting dashboard
2024	Customer 2024	South America	Complete	2026-09-08	2026-10-08	499.79	EUR	Lin	customer2024@example.test	SELECT * FROM results WHERE id = 2024	Review batch 2024	/reports/2026/customer-2024/result.tsv	sql,report	4	Routine result 2024 for the reporting dashboard
2025	Customer 2025	Africa	Failed	2026-09-09	2026-10-09	501.52	EUR	Sam	customer2025@example.test	SELECT * FROM results WHERE id = 2025	Review batch 2025	/reports/2026/customer-2025/result.tsv	sql\tpriority	5	Routine result 2025 for the reporting dashboard
2026	Customer 2026	Europe	New	2026-09-10	2026-10-10	503.25	EUR	Éva	customer2026@example.test	SELECT * FROM results WHERE id = 2026	Review batch 2026	/reports/2026/customer-2026/result.tsv	sql,report	1	Routine result 2026 for the reporting dashboard
2027	Customer 2027	North America	Queued	2026-09-11	2026-10-11	504.98	EUR	Noor	customer2027@example.test	SELECT * FROM results WHERE id = 2027	Review batch 2027	/reports/2026/customer-2027/result.tsv	sql,report	2	Routine result 2027 for the reporting dashboard
2028	Customer 2028	Asia Pacific	Running	2026-09-12	2026-10-12	506.71	EUR	Kai	customer2028@example.test	SELECT * FROM results WHERE id = 2028	Review batch 2028	/reports/2026/customer-2028/result.tsv	sql,report	3	Routine result 2028 for the reporting dashboard
2029	Customer 2029	South America	Complete	2026-09-13	2026-10-13	508.44	EUR	Ada	customer2029@example.test	SELECT * FROM results WHERE id = 2029	Review batch 2029	/reports/2026/customer-2029/result.tsv	sql,report	4	Routine result 2029 for the reporting dashboard
2030	Customer 2030	Africa	Failed	2026-09-14	2026-10-14	510.17	EUR	Lin	customer2030@example.test	SELECT * FROM results WHERE id = 2030	Review batch 2030	/reports/2026/customer-2030/result.tsv	sql,report	5	Routine result 2030 for the reporting dashboard
2031	Customer 2031	Europe	New	2026-09-15	2026-10-15	511.90	EUR	Sam	customer2031@example.test	SELECT * FROM results WHERE id = 2031	Review batch 2031	/reports/2026/customer-2031/result.tsv	sql,report	1	Routine result 2031 for the reporting dashboard
2032	Customer 2032	North America	Queued	2026-09-16	2026-10-16	513.63	EUR	Éva	customer2032@example.test	SELECT * FROM results WHERE id = 2032	Review batch 2032	/reports/2026/customer-2032/result.tsv	sql,report	2	Routine result 2032 for the reporting dashboard
2033	Customer 2033	Asia Pacific	Running	2026-09-17	2026-10-17	515.36	EUR	Noor	customer2033@example.test	SELECT * FROM results WHERE id = 2033	Review batch 2033	/reports/2026/customer-2033/result.tsv	sql,report	3	Routine result 2033 for the reporting dashboard
2034	Customer 2034	South America	Complete	2026-09-18	2026-10-18	517.09	EUR	Kai	customer2034@example.test	SELECT * FROM results WHERE id = 2034	Review batch 2034	/reports/2026/customer-2034/result.tsv	sql,report	4	Routine result 2034 for the reporting dashboard
2035	Customer 2035	Africa	Failed	2026-09-19	2026-10-19	518.82	EUR	Ada	customer2035@example.test	SELECT customer_id, SUM(amount) FROM invoice_items WHERE customer_id = 2035 GROUP BY customer_id ORDER BY SUM(amount) DESC	Review batch 2035	/reports/2026/customer-2035/result.tsv	sql,report	5	Routine result 2035 for the reporting dashboard
2036	Customer 2036	Europe	New	2026-09-20	2026-10-20	520.55	EUR	Lin	customer2036@example.test	SELECT * FROM results WHERE id = 2036	First line for record 2036\nSecond line with a tab\tand more detail	/reports/2026/customer-2036/result.tsv	sql\tpriority	1	Routine result 2036 for the reporting dashboard
2037	Customer 2037	North America	Queued	2026-09-21	2026-10-21	522.28	EUR	Sam	customer2037@example.test	SELECT * FROM results WHERE id = 2037	Review batch 2037	/reports/2026/customer-2037/result.tsv	sql,report	2	Routine result 2037 for the reporting dashboard
2038	Customer 2038	Asia Pacific	Running	2026-09-22	2026-10-22	524.01	EUR	Éva	customer2038@example.test	SELECT * FROM results WHERE id = 2038	Review batch 2038	/reports/2026/customer-2038/result.tsv	sql,report	3	A deliberately long description for record 2038: this value crosses the normal column width and tests horizontal scrolling and field truncation in the table widget.
2039	Customer 2039	South America	Complete	2026-09-23	2026-10-23	525.74	EUR	Noor	customer2039@example.test	SELECT * FROM results WHERE id = 2039	Review batch 2039	/reports/2026/customer-2039/result.tsv	sql,report	4	Routine result 2039 for the reporting dashboard
2040	Customer 2040	Africa	Failed	2026-09-24	2026-10-24	527.47	EUR	Kai	customer2040@example.test	SELECT * FROM results WHERE id = 2040	Review batch 2040	/reports/2026/customer-2040/result.tsv	sql,report	5	Routine result 2040 for the reporting dashboard
2041	Customer 2041	Europe	New	2026-09-25	2026-10-25	529.20	EUR	Ada	customer2041@example.test	SELECT * FROM results WHERE id = 2041	Review batch 2041	/reports/2026/customer-2041/result.tsv	sql,report	1	Routine result 2041 for the reporting dashboard
2042	Customer 2042	North America	Queued	2026-09-26	2026-10-26	530.93	EUR	Lin	customer2042@example.test	SELECT * FROM results WHERE id = 2042	Review batch 2042	/reports/2026/customer-2042/result.tsv	sql,report	2	Routine result 2042 for the reporting dashboard
2043	Customer 2043	Asia Pacific	Running	2026-09-27	2026-10-27	532.66	EUR	Sam	customer2043@example.test	SELECT * FROM results WHERE id = 2043	Review batch 2043	/reports/2026/customer-2043/result.tsv	sql,report	3	Routine result 2043 for the reporting dashboard
2044	Customer 2044	South America	Complete	2026-09-28	2026-10-28	534.39	EUR	Éva	customer2044@example.test	SELECT * FROM results WHERE id = 2044	Review batch 2044	/reports/2026/customer-2044/result.tsv	sql,report	4	Routine result 2044 for the reporting dashboard
2045	Customer 2045	Africa	Failed	2026-09-01	2026-10-01	536.12	EUR	Noor	customer2045@example.test	SELECT * FROM results WHERE id = 2045	Review batch 2045	/reports/2026/customer-2045/result.tsv	sql,report	5	Routine result 2045 for the reporting dashboard
2046	Customer 2046	Europe	New	2026-09-02	2026-10-02	537.85	EUR	Kai	customer2046@example.test	SELECT * FROM results WHERE id = 2046	Review batch 2046	/reports/2026/customer-2046/result.tsv	sql,report	1	Routine result 2046 for the reporting dashboard
2047	Customer 2047	North America	Queued	2026-09-03	2026-10-03	539.58	EUR	Ada	customer2047@example.test	SELECT * FROM results WHERE id = 2047	Review batch 2047	/reports/2026/customer-2047/result.tsv	sql\tpriority	2	Routine result 2047 for the reporting dashboard
2048	Customer 2048	Asia Pacific	Running	2026-09-04	2026-10-04	541.31	EUR	Lin	customer2048@example.test	SELECT * FROM results WHERE id = 2048	Review batch 2048	/reports/2026/customer-2048/result.tsv	sql,report	3	Routine result 2048 for the reporting dashboard
